lockfile,package,version,decision,reason,parents,advisory_ids,advisory_action
Cargo.lock,adler2,2.0.1,Keep through owner,Lockfile dependency; evaluate through listed parents. Optional/target entries are not proof of production inclusion.,miniz_oxide@0.8.9,,No OSV match on audit date; not a safety guarantee
Cargo.lock,aead,0.5.2,Keep through owner,Lockfile dependency; evaluate through listed parents. Optional/target entries are not proof of production inclusion.,chacha20poly1305@0.10.1,,No OSV match on audit date; not a safety guarantee
Cargo.lock,aho-corasick,1.1.4,Keep through owner,Lockfile dependency; evaluate through listed parents. Optional/target entries are not proof of production inclusion.,regex-automata@0.4.16; regex@1.13.1,,No OSV match on audit date; not a safety guarantee
Cargo.lock,aliasable,0.1.3,Keep through owner,Lockfile dependency; evaluate through listed parents. Optional/target entries are not proof of production inclusion.,ouroboros@0.18.5,,No OSV match on audit date; not a safety guarantee
Cargo.lock,allocator-api2,0.2.21,Keep through owner,Lockfile dependency; evaluate through listed parents. Optional/target entries are not proof of production inclusion.,hashbrown@0.15.5; hashbrown@0.17.1,,No OSV match on audit date; not a safety guarantee
Cargo.lock,android_system_properties,0.1.5,Keep through owner,Lockfile dependency; evaluate through listed parents. Optional/target entries are not proof of production inclusion.,iana-time-zone@0.1.65; os_info@3.15.0,,No OSV match on audit date; not a safety guarantee
Cargo.lock,anyhow,1.0.103,Keep,Update both locks to 1.0.104. CLI is 1.0.102 and matches a downcast_mut unsoundness advisory; workspace is already 1.0.103. Error context is used throughout delivery code.,api@0.1.0; scope-cache-service@0.1.0; scope-media-service@0.1.0; scope-media-worker@0.1.0; scope-postgres@0.1.0; scope-product-analytics@0.1.0; scope-repo-router@0.1.0; scope-runner-runtime@0.1.0; scope-service-runtime@0.1.0; worker@0.1.0,,No OSV match on audit date; not a safety guarantee
Cargo.lock,arc-swap,1.9.2,Keep through owner,Lockfile dependency; evaluate through listed parents. Optional/target entries are not proof of production inclusion.,aws-sdk-lambda@1.142.0; aws-sdk-s3@1.144.0; aws-sdk-sts@1.113.0,,No OSV match on audit date; not a safety guarantee
Cargo.lock,arrayvec,0.7.7,Keep through owner,Lockfile dependency; evaluate through listed parents. Optional/target entries are not proof of production inclusion.,rust_decimal@1.42.1,,No OSV match on audit date; not a safety guarantee
Cargo.lock,async-compression,0.4.43,Keep through owner,Lockfile dependency; evaluate through listed parents. Optional/target entries are not proof of production inclusion.,tower-http@0.6.11,,No OSV match on audit date; not a safety guarantee
Cargo.lock,async-stream,0.3.6,Keep through owner,Lockfile dependency; evaluate through listed parents. Optional/target entries are not proof of production inclusion.,sea-orm@1.1.20,,No OSV match on audit date; not a safety guarantee
Cargo.lock,async-stream-impl,0.3.6,Keep through owner,Lockfile dependency; evaluate through listed parents. Optional/target entries are not proof of production inclusion.,async-stream@0.3.6,,No OSV match on audit date; not a safety guarantee
Cargo.lock,async-trait,0.1.89,Keep,"MultipartStore is used through Arc<dyn MultipartStore>. Native async trait syntax is not a drop-in replacement for this dynamic dispatch. Small macro dependency, already shared transitively.",scope-git-storage@0.1.0; sea-orm-migration@1.1.20; sea-orm@1.1.20,,No OSV match on audit date; not a safety guarantee
Cargo.lock,atoi,2.0.0,Keep through owner,Lockfile dependency; evaluate through listed parents. Optional/target entries are not proof of production inclusion.,sqlx-mysql@0.8.6; sqlx-postgres@0.8.6; sqlx-sqlite@0.8.6,,No OSV match on audit date; not a safety guarantee
Cargo.lock,atomic-waker,1.1.2,Keep through owner,Lockfile dependency; evaluate through listed parents. Optional/target entries are not proof of production inclusion.,h2@0.4.19; hyper@1.10.1,,No OSV match on audit date; not a safety guarantee
Cargo.lock,autocfg,1.5.1,Keep through owner,Lockfile dependency; evaluate through listed parents. Optional/target entries are not proof of production inclusion.,bigdecimal@0.4.10; memoffset@0.9.1; num-iter@0.1.45; num-traits@0.2.19,,No OSV match on audit date; not a safety guarantee
Cargo.lock,aws-config,1.11.0,Keep,Owns AWS credential discovery for worker Lambda calls. Existing defaults already disable SSO and credential-process. Update with the AWS family after transport cleanup; do not write credential refresh yourself.,worker@0.1.0,,No OSV match on audit date; not a safety guarantee
Cargo.lock,aws-credential-types,1.3.0,Keep,Required by the existing SigV4 and SDK integrations. Replacing a credentials struct would not remove its transitive copy.,aws-config@1.11.0; aws-runtime@1.9.1; aws-sdk-lambda@1.142.0; aws-sdk-s3@1.144.0; aws-sdk-sts@1.113.0; aws-sigv4@1.5.1; aws-types@1.5.0; scope-object-store@0.1.0,,No OSV match on audit date; not a safety guarantee
Cargo.lock,aws-lc-rs,1.18.0,Keep through owner,Lockfile dependency; evaluate through listed parents. Optional/target entries are not proof of production inclusion.,quinn-proto@0.11.15; rustls-webpki@0.103.13; rustls@0.23.41,,No OSV match on audit date; not a safety guarantee
Cargo.lock,aws-lc-sys,0.44.0,Keep through owner,Lockfile dependency; evaluate through listed parents. Optional/target entries are not proof of production inclusion.,aws-lc-rs@1.18.0,,No OSV match on audit date; not a safety guarantee
Cargo.lock,aws-runtime,1.9.1,Keep through owner,Lockfile dependency; evaluate through listed parents. Optional/target entries are not proof of production inclusion.,aws-config@1.11.0; aws-sdk-lambda@1.142.0; aws-sdk-s3@1.144.0; aws-sdk-sts@1.113.0,,No OSV match on audit date; not a safety guarantee
Cargo.lock,aws-sdk-lambda,1.142.0,Keep,"Used for the dispatch broker. Disable defaults and select default-https-client plus rt-tokio to remove its legacy TLS connector. Keep credential, signing, error and retry behavior in the SDK.",worker@0.1.0,,No OSV match on audit date; not a safety guarantee
Cargo.lock,aws-sdk-s3,1.144.0,Keep,"Handles durable multipart storage, streaming reads, completion and abort. Remove its legacy rustls feature while retaining default-https-client. Rewriting this protocol is a poor first dependency reduction.",scope-git-storage@0.1.0,,No OSV match on audit date; not a safety guarantee
Cargo.lock,aws-sdk-sts,1.113.0,Keep through owner,Lockfile dependency; evaluate through listed parents. Optional/target entries are not proof of production inclusion.,aws-config@1.11.0,,No OSV match on audit date; not a safety guarantee
Cargo.lock,aws-sigv4,1.5.1,Keep,Signing and presigning for the small-object store. Signing correctness is not a good target for custom code. Coordinate updates with AWS credential and HTTP crates.,aws-runtime@1.9.1; aws-sdk-s3@1.144.0; scope-object-store@0.1.0,,No OSV match on audit date; not a safety guarantee
Cargo.lock,aws-smithy-async,1.3.0,Keep through owner,Lockfile dependency; evaluate through listed parents. Optional/target entries are not proof of production inclusion.,aws-config@1.11.0; aws-credential-types@1.3.0; aws-runtime@1.9.1; aws-sdk-lambda@1.142.0; aws-sdk-s3@1.144.0; aws-sdk-sts@1.113.0; aws-smithy-http-client@1.4.0; aws-smithy-runtime-api@1.15.0; aws-smithy-runtime@1.14.0; aws-types@1.5.0,,No OSV match on audit date; not a safety guarantee
Cargo.lock,aws-smithy-checksums,0.65.0,Keep through owner,Lockfile dependency; evaluate through listed parents. Optional/target entries are not proof of production inclusion.,aws-sdk-s3@1.144.0,,No OSV match on audit date; not a safety guarantee
Cargo.lock,aws-smithy-eventstream,0.61.2,Keep through owner,Lockfile dependency; evaluate through listed parents. Optional/target entries are not proof of production inclusion.,aws-runtime@1.9.1; aws-sdk-lambda@1.142.0; aws-sdk-s3@1.144.0; aws-sigv4@1.5.1; aws-smithy-http@0.64.0,,No OSV match on audit date; not a safety guarantee
Cargo.lock,aws-smithy-http,0.64.0,Keep,Direct use is S3 label/path encoding. A local encoder could remove the declaration but aws-sigv4 and SDKs still require the crate. No meaningful dependency saving today.,aws-config@1.11.0; aws-runtime@1.9.1; aws-sdk-lambda@1.142.0; aws-sdk-s3@1.144.0; aws-sdk-sts@1.113.0; aws-sigv4@1.5.1; aws-smithy-checksums@0.65.0; aws-smithy-runtime@1.14.0; scope-object-store@0.1.0,,No OSV match on audit date; not a safety guarantee
Cargo.lock,aws-smithy-http-client,1.4.0,Keep through owner,Lockfile dependency; evaluate through listed parents. Optional/target entries are not proof of production inclusion.,aws-smithy-runtime@1.14.0,,No OSV match on audit date; not a safety guarantee
Cargo.lock,aws-smithy-json,0.63.0,Keep through owner,Lockfile dependency; evaluate through listed parents. Optional/target entries are not proof of production inclusion.,aws-config@1.11.0; aws-sdk-lambda@1.142.0; aws-sdk-s3@1.144.0; aws-sdk-sts@1.113.0,,No OSV match on audit date; not a safety guarantee
Cargo.lock,aws-smithy-observability,0.3.0,Keep through owner,Lockfile dependency; evaluate through listed parents. Optional/target entries are not proof of production inclusion.,aws-sdk-lambda@1.142.0; aws-sdk-s3@1.144.0; aws-sdk-sts@1.113.0; aws-smithy-runtime@1.14.0,,No OSV match on audit date; not a safety guarantee
Cargo.lock,aws-smithy-query,0.62.0,Keep through owner,Lockfile dependency; evaluate through listed parents. Optional/target entries are not proof of production inclusion.,aws-sdk-sts@1.113.0,,No OSV match on audit date; not a safety guarantee
Cargo.lock,aws-smithy-runtime,1.14.0,Keep through owner,Lockfile dependency; evaluate through listed parents. Optional/target entries are not proof of production inclusion.,aws-config@1.11.0; aws-runtime@1.9.1; aws-sdk-lambda@1.142.0; aws-sdk-s3@1.144.0; aws-sdk-sts@1.113.0,,No OSV match on audit date; not a safety guarantee
Cargo.lock,aws-smithy-runtime-api,1.15.0,Keep through owner,Lockfile dependency; evaluate through listed parents. Optional/target entries are not proof of production inclusion.,aws-config@1.11.0; aws-credential-types@1.3.0; aws-runtime@1.9.1; aws-sdk-lambda@1.142.0; aws-sdk-s3@1.144.0; aws-sdk-sts@1.113.0; aws-sigv4@1.5.1; aws-smithy-http-client@1.4.0; aws-smithy-http@0.64.0; aws-smithy-json@0.63.0; aws-smithy-observability@0.3.0; aws-smithy-query@0.62.0; aws-smithy-runtime@1.14.0; aws-smithy-schema@0.2.0; aws-smithy-xml@0.62.0; aws-types@1.5.0,,No OSV match on audit date; not a safety guarantee
Cargo.lock,aws-smithy-runtime-api-macros,1.1.0,Keep through owner,Lockfile dependency; evaluate through listed parents. Optional/target entries are not proof of production inclusion.,aws-smithy-runtime-api@1.15.0,,No OSV match on audit date; not a safety guarantee
Cargo.lock,aws-smithy-schema,0.2.0,Keep through owner,Lockfile dependency; evaluate through listed parents. Optional/target entries are not proof of production inclusion.,aws-config@1.11.0; aws-sdk-lambda@1.142.0; aws-sdk-s3@1.144.0; aws-sdk-sts@1.113.0; aws-smithy-json@0.63.0; aws-smithy-query@0.62.0; aws-smithy-runtime@1.14.0; aws-smithy-xml@0.62.0; aws-types@1.5.0,,No OSV match on audit date; not a safety guarantee
Cargo.lock,aws-smithy-types,1.6.2,Keep through owner,Lockfile dependency; evaluate through listed parents. Optional/target entries are not proof of production inclusion.,aws-config@1.11.0; aws-credential-types@1.3.0; aws-runtime@1.9.1; aws-sdk-lambda@1.142.0; aws-sdk-s3@1.144.0; aws-sdk-sts@1.113.0; aws-sigv4@1.5.1; aws-smithy-checksums@0.65.0; aws-smithy-eventstream@0.61.2; aws-smithy-http-client@1.4.0; aws-smithy-http@0.64.0; aws-smithy-json@0.63.0; aws-smithy-query@0.62.0; aws-smithy-runtime-api@1.15.0; aws-smithy-runtime@1.14.0; aws-smithy-schema@0.2.0; aws-smithy-xml@0.62.0; aws-types@1.5.0,,No OSV match on audit date; not a safety guarantee
Cargo.lock,aws-smithy-xml,0.62.0,Keep through owner,Lockfile dependency; evaluate through listed parents. Optional/target entries are not proof of production inclusion.,aws-sdk-s3@1.144.0; aws-sdk-sts@1.113.0; aws-smithy-query@0.62.0,,No OSV match on audit date; not a safety guarantee
Cargo.lock,aws-types,1.5.0,Keep through owner,Lockfile dependency; evaluate through listed parents. Optional/target entries are not proof of production inclusion.,aws-config@1.11.0; aws-runtime@1.9.1; aws-sdk-lambda@1.142.0; aws-sdk-s3@1.144.0; aws-sdk-sts@1.113.0,,No OSV match on audit date; not a safety guarantee
Cargo.lock,axum,0.8.9,Keep,"Shared HTTP routing, extraction and response layer for services and CLI callback server. Existing version is current. Rewriting would move framework work into product code.",api@0.1.0; scope-cache-service@0.1.0; scope-media-service@0.1.0; scope-media-worker@0.1.0; scope-repo-router@0.1.0; scope-service-runtime@0.1.0; worker@0.1.0,,No OSV match on audit date; not a safety guarantee
Cargo.lock,axum-core,0.5.6,Keep through owner,Lockfile dependency; evaluate through listed parents. Optional/target entries are not proof of production inclusion.,axum@0.8.9,,No OSV match on audit date; not a safety guarantee
Cargo.lock,base16ct,0.2.0,Keep through owner,Lockfile dependency; evaluate through listed parents. Optional/target entries are not proof of production inclusion.,elliptic-curve@0.13.8; sec1@0.7.3,,No OSV match on audit date; not a safety guarantee
Cargo.lock,base64,0.22.1,Keep,Standard encoding used by storage and grants. Tiny compared with its caller graph. Stay on 0.22 until a deliberate 0.23 migration; no reason to maintain a codec.,api@0.1.0; hyper-util@0.1.20; jsonwebtoken@10.4.0; pem@3.0.6; reqwest@0.12.28; reqwest@0.13.4; scope-cache-service@0.1.0; scope-media-storage@0.1.0; scope-object-store@0.1.0; sqlx-core@0.8.6; sqlx-mysql@0.8.6; sqlx-postgres@0.8.6,,No OSV match on audit date; not a safety guarantee
Cargo.lock,base64-simd,0.8.0,Keep through owner,Lockfile dependency; evaluate through listed parents. Optional/target entries are not proof of production inclusion.,aws-smithy-types@1.6.2,,No OSV match on audit date; not a safety guarantee
Cargo.lock,base64ct,1.8.3,Keep through owner,Lockfile dependency; evaluate through listed parents. Optional/target entries are not proof of production inclusion.,pem-rfc7468@0.7.0; spki@0.7.3,,No OSV match on audit date; not a safety guarantee
Cargo.lock,bigdecimal,0.4.10,Keep through owner,Lockfile dependency; evaluate through listed parents. Optional/target entries are not proof of production inclusion.,sea-orm@1.1.20,,No OSV match on audit date; not a safety guarantee
Cargo.lock,bitflags,2.13.0,Keep through owner,Lockfile dependency; evaluate through listed parents. Optional/target entries are not proof of production inclusion.,dispatch2@0.3.1; libredox@0.1.17; nix@0.29.0; nix@0.31.3; objc2-cloud-kit@0.3.2; objc2-core-foundation@0.3.2; objc2-core-graphics@0.3.2; objc2-core-text@0.3.2; objc2-foundation@0.3.2; objc2-io-surface@0.3.2; objc2-quartz-core@0.3.2; objc2-ui-kit@0.3.2; pulldown-cmark@0.13.4; redox_syscall@0.5.18; redox_syscall@0.8.1; rustix@1.1.4; security-framework@3.7.0; sqlx-mysql@0.8.6; sqlx-postgres@0.8.6; tower-http@0.6.11,,No OSV match on audit date; not a safety guarantee
Cargo.lock,block-buffer,0.10.4,Keep through owner,Lockfile dependency; evaluate through listed parents. Optional/target entries are not proof of production inclusion.,digest@0.10.7,,No OSV match on audit date; not a safety guarantee
Cargo.lock,block-buffer,0.12.1,Keep through owner,Lockfile dependency; evaluate through listed parents. Optional/target entries are not proof of production inclusion.,digest@0.11.3,,No OSV match on audit date; not a safety guarantee
Cargo.lock,block2,0.6.2,Keep through owner,Lockfile dependency; evaluate through listed parents. Optional/target entries are not proof of production inclusion.,objc2-foundation@0.3.2; objc2-ui-kit@0.3.2,,No OSV match on audit date; not a safety guarantee
Cargo.lock,bumpalo,3.20.3,Keep through owner,Lockfile dependency; evaluate through listed parents. Optional/target entries are not proof of production inclusion.,wasm-bindgen-macro-support@0.2.126,,No OSV match on audit date; not a safety guarantee
Cargo.lock,byteorder,1.5.0,Keep through owner,Lockfile dependency; evaluate through listed parents. Optional/target entries are not proof of production inclusion.,sqlx-mysql@0.8.6; sqlx-postgres@0.8.6,,No OSV match on audit date; not a safety guarantee
Cargo.lock,bytes,1.12.0,Keep,Shared buffers for HTTP and bounded storage streams. Update patch normally. Matches Tokio/Axum/AWS types and remains transitive regardless.,aws-config@1.11.0; aws-runtime@1.9.1; aws-sdk-lambda@1.142.0; aws-sdk-s3@1.144.0; aws-sigv4@1.5.1; aws-smithy-checksums@0.65.0; aws-smithy-eventstream@0.61.2; aws-smithy-http@0.64.0; aws-smithy-runtime-api@1.15.0; aws-smithy-runtime@1.14.0; aws-smithy-types@1.6.2; axum-core@0.5.6; axum@0.8.9; bytes-utils@0.1.4; combine@4.6.7; h2@0.3.27; h2@0.4.19; http-body-util@0.1.3; http-body@0.4.6; http-body@1.0.1; http@0.2.12; http@1.4.2; hyper-util@0.1.20; hyper@0.14.32; hyper@1.10.1; quinn-proto@0.11.15; quinn@0.11.11; reqwest@0.12.28; reqwest@0.13.4; scope-git-storage@0.1.0; scope-media-service@0.1.0; scope-media-storage@0.1.0; sqlx-core@0.8.6; sqlx-mysql@0.8.6; tokio-util@0.7.18; tokio@1.52.3; tower-http@0.6.11,,No OSV match on audit date; not a safety guarantee
Cargo.lock,bytes-utils,0.1.4,Keep through owner,Lockfile dependency; evaluate through listed parents. Optional/target entries are not proof of production inclusion.,aws-runtime@1.9.1; aws-smithy-http@0.64.0; aws-smithy-types@1.6.2,,No OSV match on audit date; not a safety guarantee
Cargo.lock,cc,1.2.65,Keep through owner,Lockfile dependency; evaluate through listed parents. Optional/target entries are not proof of production inclusion.,aws-lc-sys@0.44.0; cmake@0.1.58; iana-time-zone-haiku@0.1.2; ring@0.17.14; zstd-sys@2.0.16+zstd.1.5.7,,No OSV match on audit date; not a safety guarantee
Cargo.lock,cfg-if,1.0.4,Keep through owner,Lockfile dependency; evaluate through listed parents. Optional/target entries are not proof of production inclusion.,chacha20@0.9.1; crc32fast@1.5.0; curve25519-dalek@4.1.3; etcetera@0.8.0; filetime@0.2.29; getrandom@0.2.17; getrandom@0.3.4; getrandom@0.4.3; jni@0.22.4; js-sys@0.3.103; md-5@0.10.6; md-5@0.11.0; nix@0.29.0; nix@0.31.3; parking_lot_core@0.9.12; ring@0.17.14; sha1@0.10.6; sha1@0.11.0; sha2@0.10.9; sha2@0.11.0; thread_local@1.1.9; wasm-bindgen@0.2.126,,No OSV match on audit date; not a safety guarantee
Cargo.lock,cfg_aliases,0.2.1,Keep through owner,Lockfile dependency; evaluate through listed parents. Optional/target entries are not proof of production inclusion.,nix@0.29.0; nix@0.31.3; quinn-udp@0.5.14; quinn@0.11.11,,No OSV match on audit date; not a safety guarantee
Cargo.lock,chacha20,0.9.1,Keep through owner,Lockfile dependency; evaluate through listed parents. Optional/target entries are not proof of production inclusion.,chacha20poly1305@0.10.1,,No OSV match on audit date; not a safety guarantee
Cargo.lock,chacha20poly1305,0.10.1,Keep,"Encrypts persisted object and segment data. Keep a maintained implementation; evaluate 0.11 with RustCrypto upgrades and existing ciphertext fixtures, including Python recovery.",api@0.1.0; scope-git-storage@0.1.0; scope-object-store@0.1.0,,No OSV match on audit date; not a safety guarantee
Cargo.lock,chrono,0.4.45,Keep through owner,Lockfile dependency; evaluate through listed parents. Optional/target entries are not proof of production inclusion.,posthog-rs@0.24.0; sea-orm-cli@1.1.20; sea-orm@1.1.20; sea-query-binder@0.7.0; sea-query@0.32.7; sqlx-core@0.8.6; sqlx-mysql@0.8.6; sqlx-postgres@0.8.6; sqlx-sqlite@0.8.6,,No OSV match on audit date; not a safety guarantee
Cargo.lock,cipher,0.4.4,Keep through owner,Lockfile dependency; evaluate through listed parents. Optional/target entries are not proof of production inclusion.,chacha20@0.9.1; chacha20poly1305@0.10.1,,No OSV match on audit date; not a safety guarantee
Cargo.lock,cmake,0.1.58,Keep through owner,Lockfile dependency; evaluate through listed parents. Optional/target entries are not proof of production inclusion.,aws-lc-sys@0.44.0,,No OSV match on audit date; not a safety guarantee
Cargo.lock,cmov,0.5.4,Keep through owner,Lockfile dependency; evaluate through listed parents. Optional/target entries are not proof of production inclusion.,ctutils@0.4.2,,No OSV match on audit date; not a safety guarantee
Cargo.lock,combine,4.6.7,Keep through owner,Lockfile dependency; evaluate through listed parents. Optional/target entries are not proof of production inclusion.,jni@0.22.4,,No OSV match on audit date; not a safety guarantee
Cargo.lock,compression-codecs,0.4.38,Keep through owner,Lockfile dependency; evaluate through listed parents. Optional/target entries are not proof of production inclusion.,async-compression@0.4.43,,No OSV match on audit date; not a safety guarantee
Cargo.lock,compression-core,0.4.32,Keep through owner,Lockfile dependency; evaluate through listed parents. Optional/target entries are not proof of production inclusion.,async-compression@0.4.43; compression-codecs@0.4.38,,No OSV match on audit date; not a safety guarantee
Cargo.lock,concurrent-queue,2.5.0,Keep through owner,Lockfile dependency; evaluate through listed parents. Optional/target entries are not proof of production inclusion.,event-listener@5.4.1,,No OSV match on audit date; not a safety guarantee
Cargo.lock,const-oid,0.9.6,Keep through owner,Lockfile dependency; evaluate through listed parents. Optional/target entries are not proof of production inclusion.,der@0.7.10; digest@0.10.7; rsa@0.9.10,,No OSV match on audit date; not a safety guarantee
Cargo.lock,const-oid,0.10.2,Keep through owner,Lockfile dependency; evaluate through listed parents. Optional/target entries are not proof of production inclusion.,digest@0.11.3,,No OSV match on audit date; not a safety guarantee
Cargo.lock,core-foundation,0.10.1,Keep through owner,Lockfile dependency; evaluate through listed parents. Optional/target entries are not proof of production inclusion.,rustls-platform-verifier@0.7.0; security-framework@3.7.0,,No OSV match on audit date; not a safety guarantee
Cargo.lock,core-foundation-sys,0.8.7,Keep through owner,Lockfile dependency; evaluate through listed parents. Optional/target entries are not proof of production inclusion.,core-foundation@0.10.1; iana-time-zone@0.1.65; rustls-platform-verifier@0.7.0; security-framework-sys@2.17.0; security-framework@3.7.0,,No OSV match on audit date; not a safety guarantee
Cargo.lock,cpufeatures,0.2.17,Keep through owner,Lockfile dependency; evaluate through listed parents. Optional/target entries are not proof of production inclusion.,chacha20@0.9.1; curve25519-dalek@4.1.3; poly1305@0.8.0; sha1@0.10.6; sha2@0.10.9,,No OSV match on audit date; not a safety guarantee
Cargo.lock,cpufeatures,0.3.0,Keep through owner,Lockfile dependency; evaluate through listed parents. Optional/target entries are not proof of production inclusion.,sha1@0.11.0; sha2@0.11.0,,No OSV match on audit date; not a safety guarantee
Cargo.lock,crc,3.4.0,Keep through owner,Lockfile dependency; evaluate through listed parents. Optional/target entries are not proof of production inclusion.,sqlx-core@0.8.6; sqlx-mysql@0.8.6; sqlx-postgres@0.8.6,,No OSV match on audit date; not a safety guarantee
Cargo.lock,crc-catalog,2.5.0,Keep through owner,Lockfile dependency; evaluate through listed parents. Optional/target entries are not proof of production inclusion.,crc@3.4.0,,No OSV match on audit date; not a safety guarantee
Cargo.lock,crc-fast,1.10.0,Keep through owner,Lockfile dependency; evaluate through listed parents. Optional/target entries are not proof of production inclusion.,aws-smithy-checksums@0.65.0,,No OSV match on audit date; not a safety guarantee
Cargo.lock,crc32fast,1.5.0,Keep through owner,Lockfile dependency; evaluate through listed parents. Optional/target entries are not proof of production inclusion.,aws-smithy-eventstream@0.61.2; flate2@1.1.9,,No OSV match on audit date; not a safety guarantee
Cargo.lock,crossbeam-queue,0.3.12,Keep through owner,Lockfile dependency; evaluate through listed parents. Optional/target entries are not proof of production inclusion.,sqlx-core@0.8.6,,No OSV match on audit date; not a safety guarantee
Cargo.lock,crossbeam-utils,0.8.21,Keep through owner,Lockfile dependency; evaluate through listed parents. Optional/target entries are not proof of production inclusion.,concurrent-queue@2.5.0; crossbeam-queue@0.3.12,,No OSV match on audit date; not a safety guarantee
Cargo.lock,crypto-bigint,0.5.5,Keep through owner,Lockfile dependency; evaluate through listed parents. Optional/target entries are not proof of production inclusion.,elliptic-curve@0.13.8,,No OSV match on audit date; not a safety guarantee
Cargo.lock,crypto-common,0.1.7,Keep through owner,Lockfile dependency; evaluate through listed parents. Optional/target entries are not proof of production inclusion.,aead@0.5.2; cipher@0.4.4; digest@0.10.7; universal-hash@0.5.1,,No OSV match on audit date; not a safety guarantee
Cargo.lock,crypto-common,0.2.2,Keep through owner,Lockfile dependency; evaluate through listed parents. Optional/target entries are not proof of production inclusion.,digest@0.11.3,,No OSV match on audit date; not a safety guarantee
Cargo.lock,ctutils,0.4.2,Keep through owner,Lockfile dependency; evaluate through listed parents. Optional/target entries are not proof of production inclusion.,digest@0.11.3,,No OSV match on audit date; not a safety guarantee
Cargo.lock,curve25519-dalek,4.1.3,Keep through owner,Lockfile dependency; evaluate through listed parents. Optional/target entries are not proof of production inclusion.,ed25519-dalek@2.2.0,,No OSV match on audit date; not a safety guarantee
Cargo.lock,curve25519-dalek-derive,0.1.1,Keep through owner,Lockfile dependency; evaluate through listed parents. Optional/target entries are not proof of production inclusion.,curve25519-dalek@4.1.3,,No OSV match on audit date; not a safety guarantee
Cargo.lock,darling,0.20.11,Keep through owner,Lockfile dependency; evaluate through listed parents. Optional/target entries are not proof of production inclusion.,derive_builder_core@0.20.2; sea-query-derive@0.4.3,,No OSV match on audit date; not a safety guarantee
Cargo.lock,darling_core,0.20.11,Keep through owner,Lockfile dependency; evaluate through listed parents. Optional/target entries are not proof of production inclusion.,darling@0.20.11; darling_macro@0.20.11,,No OSV match on audit date; not a safety guarantee
Cargo.lock,darling_macro,0.20.11,Keep through owner,Lockfile dependency; evaluate through listed parents. Optional/target entries are not proof of production inclusion.,darling@0.20.11,,No OSV match on audit date; not a safety guarantee
Cargo.lock,der,0.7.10,Keep through owner,Lockfile dependency; evaluate through listed parents. Optional/target entries are not proof of production inclusion.,ecdsa@0.16.9; pkcs1@0.7.5; pkcs8@0.10.2; sec1@0.7.3; spki@0.7.3,,No OSV match on audit date; not a safety guarantee
Cargo.lock,deranged,0.5.8,Keep through owner,Lockfile dependency; evaluate through listed parents. Optional/target entries are not proof of production inclusion.,time@0.3.52,,No OSV match on audit date; not a safety guarantee
Cargo.lock,derive_builder,0.20.2,Keep through owner,Lockfile dependency; evaluate through listed parents. Optional/target entries are not proof of production inclusion.,posthog-rs@0.24.0,,No OSV match on audit date; not a safety guarantee
Cargo.lock,derive_builder_core,0.20.2,Keep through owner,Lockfile dependency; evaluate through listed parents. Optional/target entries are not proof of production inclusion.,derive_builder_macro@0.20.2,,No OSV match on audit date; not a safety guarantee
Cargo.lock,derive_builder_macro,0.20.2,Keep through owner,Lockfile dependency; evaluate through listed parents. Optional/target entries are not proof of production inclusion.,derive_builder@0.20.2,,No OSV match on audit date; not a safety guarantee
Cargo.lock,derive_more,2.1.1,Keep through owner,Lockfile dependency; evaluate through listed parents. Optional/target entries are not proof of production inclusion.,sea-orm@1.1.20,,No OSV match on audit date; not a safety guarantee
Cargo.lock,derive_more-impl,2.1.1,Keep through owner,Lockfile dependency; evaluate through listed parents. Optional/target entries are not proof of production inclusion.,derive_more@2.1.1,,No OSV match on audit date; not a safety guarantee
Cargo.lock,digest,0.10.7,Keep through owner,Lockfile dependency; evaluate through listed parents. Optional/target entries are not proof of production inclusion.,crc-fast@1.10.0; curve25519-dalek@4.1.3; ecdsa@0.16.9; elliptic-curve@0.13.8; hmac@0.12.1; md-5@0.10.6; rsa@0.9.10; sha1@0.10.6; sha2@0.10.9; signature@2.2.0; sqlx-mysql@0.8.6,,No OSV match on audit date; not a safety guarantee
Cargo.lock,digest,0.11.3,Keep through owner,Lockfile dependency; evaluate through listed parents. Optional/target entries are not proof of production inclusion.,hmac@0.13.0; md-5@0.11.0; sha1@0.11.0; sha2@0.11.0,,No OSV match on audit date; not a safety guarantee
Cargo.lock,dispatch2,0.3.1,Keep through owner,Lockfile dependency; evaluate through listed parents. Optional/target entries are not proof of production inclusion.,objc2-core-foundation@0.3.2; objc2-core-graphics@0.3.2,,No OSV match on audit date; not a safety guarantee
Cargo.lock,displaydoc,0.2.6,Keep through owner,Lockfile dependency; evaluate through listed parents. Optional/target entries are not proof of production inclusion.,icu_collections@2.2.0; icu_locale_core@2.2.0; icu_provider@2.2.0; tinystr@0.8.3; zerotrie@0.2.4,,No OSV match on audit date; not a safety guarantee
Cargo.lock,dotenvy,0.15.7,Keep through owner,Lockfile dependency; evaluate through listed parents. Optional/target entries are not proof of production inclusion.,sqlx-macros-core@0.8.6; sqlx-mysql@0.8.6; sqlx-postgres@0.8.6,,No OSV match on audit date; not a safety guarantee
Cargo.lock,dunce,1.0.5,Keep through owner,Lockfile dependency; evaluate through listed parents. Optional/target entries are not proof of production inclusion.,aws-lc-sys@0.44.0,,No OSV match on audit date; not a safety guarantee
Cargo.lock,dyn-clone,1.0.20,Keep through owner,Lockfile dependency; evaluate through listed parents. Optional/target entries are not proof of production inclusion.,schemars@1.2.2,,No OSV match on audit date; not a safety guarantee
Cargo.lock,ecdsa,0.16.9,Keep through owner,Lockfile dependency; evaluate through listed parents. Optional/target entries are not proof of production inclusion.,p256@0.13.2; p384@0.13.1,,No OSV match on audit date; not a safety guarantee
Cargo.lock,ed25519,2.2.3,Keep through owner,Lockfile dependency; evaluate through listed parents. Optional/target entries are not proof of production inclusion.,ed25519-dalek@2.2.0,,No OSV match on audit date; not a safety guarantee
Cargo.lock,ed25519-dalek,2.2.0,Keep through owner,Lockfile dependency; evaluate through listed parents. Optional/target entries are not proof of production inclusion.,jsonwebtoken@10.4.0,,No OSV match on audit date; not a safety guarantee
Cargo.lock,either,1.16.0,Keep through owner,Lockfile dependency; evaluate through listed parents. Optional/target entries are not proof of production inclusion.,bytes-utils@0.1.4; sqlx-core@0.8.6; sqlx-macros-core@0.8.6; sqlx-mysql@0.8.6,,No OSV match on audit date; not a safety guarantee
Cargo.lock,elliptic-curve,0.13.8,Keep through owner,Lockfile dependency; evaluate through listed parents. Optional/target entries are not proof of production inclusion.,ecdsa@0.16.9; p256@0.13.2; p384@0.13.1; primeorder@0.13.6,,No OSV match on audit date; not a safety guarantee
Cargo.lock,equivalent,1.0.2,Keep through owner,Lockfile dependency; evaluate through listed parents. Optional/target entries are not proof of production inclusion.,hashbrown@0.15.5; hashbrown@0.17.1; indexmap@2.14.0,,No OSV match on audit date; not a safety guarantee
Cargo.lock,errno,0.3.14,Keep through owner,Lockfile dependency; evaluate through listed parents. Optional/target entries are not proof of production inclusion.,rustix@1.1.4; signal-hook-registry@1.4.8,,No OSV match on audit date; not a safety guarantee
Cargo.lock,etcetera,0.8.0,Keep through owner,Lockfile dependency; evaluate through listed parents. Optional/target entries are not proof of production inclusion.,sqlx-postgres@0.8.6,,No OSV match on audit date; not a safety guarantee
Cargo.lock,event-listener,5.4.1,Keep through owner,Lockfile dependency; evaluate through listed parents. Optional/target entries are not proof of production inclusion.,sqlx-core@0.8.6,RUSTSEC-2026-0221,Review affected use and update parent/lock
Cargo.lock,fastrand,2.5.0,Keep through owner,Lockfile dependency; evaluate through listed parents. Optional/target entries are not proof of production inclusion.,aws-config@1.11.0; aws-runtime@1.9.1; aws-sdk-lambda@1.142.0; aws-sdk-s3@1.144.0; aws-sdk-sts@1.113.0; aws-smithy-runtime@1.14.0; tempfile@3.27.0,,No OSV match on audit date; not a safety guarantee
Cargo.lock,ff,0.13.1,Keep through owner,Lockfile dependency; evaluate through listed parents. Optional/target entries are not proof of production inclusion.,elliptic-curve@0.13.8; group@0.13.0,,No OSV match on audit date; not a safety guarantee
Cargo.lock,fiat-crypto,0.2.9,Keep through owner,Lockfile dependency; evaluate through listed parents. Optional/target entries are not proof of production inclusion.,curve25519-dalek@4.1.3,,No OSV match on audit date; not a safety guarantee
Cargo.lock,filetime,0.2.29,Keep,Restores cache symlink timestamps. std::fs file-time APIs are not a complete substitute for set_symlink_file_times. Current version is current.,scope-runner-runtime@0.1.0; tar@0.4.46,,No OSV match on audit date; not a safety guarantee
Cargo.lock,find-msvc-tools,0.1.9,Keep through owner,Lockfile dependency; evaluate through listed parents. Optional/target entries are not proof of production inclusion.,cc@1.2.65,,No OSV match on audit date; not a safety guarantee
Cargo.lock,flate2,1.1.9,Keep,Reads gzip Git HTTP requests. Keep decompression limits in Scope and the codec upstream. Routine patch update to 1.1.10.,api@0.1.0; compression-codecs@0.4.38; posthog-rs@0.24.0,,No OSV match on audit date; not a safety guarantee
Cargo.lock,flume,0.11.1,Keep through owner,Lockfile dependency; evaluate through listed parents. Optional/target entries are not proof of production inclusion.,sqlx-sqlite@0.8.6,,No OSV match on audit date; not a safety guarantee
Cargo.lock,fnv,1.0.7,Keep through owner,Lockfile dependency; evaluate through listed parents. Optional/target entries are not proof of production inclusion.,darling_core@0.20.11; h2@0.3.27; h2@0.4.19; http@0.2.12,,No OSV match on audit date; not a safety guarantee
Cargo.lock,foldhash,0.1.5,Keep through owner,Lockfile dependency; evaluate through listed parents. Optional/target entries are not proof of production inclusion.,hashbrown@0.15.5,,No OSV match on audit date; not a safety guarantee
Cargo.lock,foldhash,0.2.0,Keep through owner,Lockfile dependency; evaluate through listed parents. Optional/target entries are not proof of production inclusion.,hashbrown@0.17.1,,No OSV match on audit date; not a safety guarantee
Cargo.lock,form_urlencoded,1.2.2,Keep through owner,Lockfile dependency; evaluate through listed parents. Optional/target entries are not proof of production inclusion.,aws-sigv4@1.5.1; axum@0.8.9; serde_urlencoded@0.7.1; url@2.5.8,,No OSV match on audit date; not a safety guarantee
Cargo.lock,fs_extra,1.3.0,Keep through owner,Lockfile dependency; evaluate through listed parents. Optional/target entries are not proof of production inclusion.,aws-lc-sys@0.44.0,,No OSV match on audit date; not a safety guarantee
Cargo.lock,futures,0.3.32,Keep through owner,Lockfile dependency; evaluate through listed parents. Optional/target entries are not proof of production inclusion.,sea-schema@0.16.2,,No OSV match on audit date; not a safety guarantee
Cargo.lock,futures-channel,0.3.32,Keep through owner,Lockfile dependency; evaluate through listed parents. Optional/target entries are not proof of production inclusion.,futures@0.3.32; hyper-util@0.1.20; hyper@0.14.32; hyper@1.10.1; reqwest@0.12.28; reqwest@0.13.4; sqlx-mysql@0.8.6; sqlx-postgres@0.8.6; sqlx-sqlite@0.8.6,,No OSV match on audit date; not a safety guarantee
Cargo.lock,futures-core,0.3.32,Keep through owner,Lockfile dependency; evaluate through listed parents. Optional/target entries are not proof of production inclusion.,async-stream@0.3.6; aws-smithy-http@0.64.0; aws-smithy-types@1.6.2; axum-core@0.5.6; flume@0.11.1; futures-channel@0.3.32; futures-executor@0.3.32; futures-intrusive@0.5.0; futures-util@0.3.32; futures@0.3.32; h2@0.3.27; h2@0.4.19; http-body-util@0.1.3; hyper@0.14.32; hyper@1.10.1; reqwest@0.12.28; reqwest@0.13.4; sqlx-core@0.8.6; sqlx-mysql@0.8.6; sqlx-postgres@0.8.6; sqlx-sqlite@0.8.6; sync_wrapper@1.0.2; tokio-stream@0.1.18; tokio-util@0.7.18; tower-http@0.6.11; tower@0.5.3,,No OSV match on audit date; not a safety guarantee
Cargo.lock,futures-executor,0.3.32,Keep through owner,Lockfile dependency; evaluate through listed parents. Optional/target entries are not proof of production inclusion.,sqlx-sqlite@0.8.6,,No OSV match on audit date; not a safety guarantee
Cargo.lock,futures-intrusive,0.5.0,Keep through owner,Lockfile dependency; evaluate through listed parents. Optional/target entries are not proof of production inclusion.,sqlx-core@0.8.6; sqlx-sqlite@0.8.6,,No OSV match on audit date; not a safety guarantee
Cargo.lock,futures-io,0.3.32,Keep through owner,Lockfile dependency; evaluate through listed parents. Optional/target entries are not proof of production inclusion.,futures-util@0.3.32; futures@0.3.32; sqlx-core@0.8.6; sqlx-mysql@0.8.6,,No OSV match on audit date; not a safety guarantee
Cargo.lock,futures-macro,0.3.32,Keep through owner,Lockfile dependency; evaluate through listed parents. Optional/target entries are not proof of production inclusion.,futures-util@0.3.32,,No OSV match on audit date; not a safety guarantee
Cargo.lock,futures-sink,0.3.32,Keep through owner,Lockfile dependency; evaluate through listed parents. Optional/target entries are not proof of production inclusion.,flume@0.11.1; futures-channel@0.3.32; futures-util@0.3.32; futures@0.3.32; h2@0.3.27; h2@0.4.19; tokio-util@0.7.18,,No OSV match on audit date; not a safety guarantee
Cargo.lock,futures-task,0.3.32,Keep through owner,Lockfile dependency; evaluate through listed parents. Optional/target entries are not proof of production inclusion.,futures-executor@0.3.32; futures-util@0.3.32; futures@0.3.32,,No OSV match on audit date; not a safety guarantee
Cargo.lock,futures-util,0.3.32,Keep,"Stream/future adapters in API and cache service, already default-features=false. Update patch; removing its direct declaration would not remove its framework consumers.",api@0.1.0; aws-smithy-async@1.3.0; aws-smithy-http@0.64.0; axum@0.8.9; futures-executor@0.3.32; futures@0.3.32; h2@0.3.27; hyper-rustls@0.24.2; hyper-util@0.1.20; hyper@0.14.32; js-sys@0.3.103; reqwest@0.12.28; reqwest@0.13.4; scope-cache-service@0.1.0; sea-orm@1.1.20; sqlx-core@0.8.6; sqlx-mysql@0.8.6; sqlx-postgres@0.8.6; sqlx-sqlite@0.8.6; tower-http@0.6.11; tower@0.5.3; wasm-streams@0.4.2,,No OSV match on audit date; not a safety guarantee
Cargo.lock,generic-array,0.14.7,Keep through owner,Lockfile dependency; evaluate through listed parents. Optional/target entries are not proof of production inclusion.,aead@0.5.2; block-buffer@0.10.4; crypto-bigint@0.5.5; crypto-common@0.1.7; elliptic-curve@0.13.8; inout@0.1.4; sec1@0.7.3; sqlx-mysql@0.8.6,,No OSV match on audit date; not a safety guarantee
Cargo.lock,getrandom,0.2.17,Keep,"Operating-system randomness for IDs, nonces and credentials. Consider 0.4 with a full target-matrix check. Older copies remain through unrelated crypto crates, so do not claim complete deduplication.",jsonwebtoken@10.4.0; rand_core@0.6.4; ring@0.17.14,,No OSV match on audit date; not a safety guarantee
Cargo.lock,getrandom,0.3.4,Keep,"Operating-system randomness for IDs, nonces and credentials. Consider 0.4 with a full target-matrix check. Older copies remain through unrelated crypto crates, so do not claim complete deduplication.",api@0.1.0; quinn-proto@0.11.15; rand_core@0.9.5; scope-cache-service@0.1.0; scope-git-storage@0.1.0; scope-media-service@0.1.0; scope-media-storage@0.1.0; scope-media-worker@0.1.0; scope-object-store@0.1.0; tempfile@3.27.0; worker@0.1.0,,No OSV match on audit date; not a safety guarantee
Cargo.lock,getrandom,0.4.3,Keep,"Operating-system randomness for IDs, nonces and credentials. Consider 0.4 with a full target-matrix check. Older copies remain through unrelated crypto crates, so do not claim complete deduplication.",jobserver@0.1.35; uuid@1.23.4,,No OSV match on audit date; not a safety guarantee
Cargo.lock,glob,0.3.4,Keep through owner,Lockfile dependency; evaluate through listed parents. Optional/target entries are not proof of production inclusion.,sea-orm-cli@1.1.20,,No OSV match on audit date; not a safety guarantee
Cargo.lock,group,0.13.0,Keep through owner,Lockfile dependency; evaluate through listed parents. Optional/target entries are not proof of production inclusion.,elliptic-curve@0.13.8,,No OSV match on audit date; not a safety guarantee
Cargo.lock,h2,0.3.27,Delete via feature cleanup,Temporary-manifest Cargo tree experiment removes this version when AWS legacy rustls features are disabled. Build/integration validation still required.,aws-smithy-http-client@1.4.0; hyper@0.14.32,RUSTSEC-2026-0258,Review affected use and update parent/lock
Cargo.lock,h2,0.4.19,Keep through owner,Lockfile dependency; evaluate through listed parents. Optional/target entries are not proof of production inclusion.,aws-smithy-http-client@1.4.0; hyper@1.10.1,,No OSV match on audit date; not a safety guarantee
Cargo.lock,hashbrown,0.15.5,Keep through owner,Lockfile dependency; evaluate through listed parents. Optional/target entries are not proof of production inclusion.,hashlink@0.10.0; sqlx-core@0.8.6,,No OSV match on audit date; not a safety guarantee
Cargo.lock,hashbrown,0.17.1,Keep through owner,Lockfile dependency; evaluate through listed parents. Optional/target entries are not proof of production inclusion.,indexmap@2.14.0; lru@0.18.2,,No OSV match on audit date; not a safety guarantee
Cargo.lock,hashlink,0.10.0,Keep through owner,Lockfile dependency; evaluate through listed parents. Optional/target entries are not proof of production inclusion.,sqlx-core@0.8.6,,No OSV match on audit date; not a safety guarantee
Cargo.lock,heck,0.4.1,Keep through owner,Lockfile dependency; evaluate through listed parents. Optional/target entries are not proof of production inclusion.,ouroboros_macro@0.18.5; sea-bae@0.2.2; sea-query-derive@0.4.3; sea-schema-derive@0.3.0,,No OSV match on audit date; not a safety guarantee
Cargo.lock,heck,0.5.0,Keep through owner,Lockfile dependency; evaluate through listed parents. Optional/target entries are not proof of production inclusion.,sea-orm-macros@1.1.20; sqlx-macros-core@0.8.6,,No OSV match on audit date; not a safety guarantee
Cargo.lock,hex,0.4.3,Keep,"Used across domain, Git IDs and storage. A homegrown encoder is possible but provides negligible value and leaves transitive hex consumers.",api@0.1.0; aws-sdk-s3@1.144.0; aws-sigv4@1.5.1; aws-smithy-checksums@0.65.0; scope-cache-service@0.1.0; scope-domain@0.1.0; scope-git-storage@0.1.0; scope-git@0.1.0; scope-media-service@0.1.0; scope-media-storage@0.1.0; scope-media-worker@0.1.0; scope-object-store@0.1.0; scope-postgres@0.1.0; scope-runner-runtime@0.1.0; sqlx-macros-core@0.8.6; sqlx-mysql@0.8.6; sqlx-postgres@0.8.6; worker@0.1.0,,No OSV match on audit date; not a safety guarantee
Cargo.lock,hkdf,0.12.4,Keep through owner,Lockfile dependency; evaluate through listed parents. Optional/target entries are not proof of production inclusion.,elliptic-curve@0.13.8; sqlx-mysql@0.8.6; sqlx-postgres@0.8.6,,No OSV match on audit date; not a safety guarantee
Cargo.lock,hmac,0.12.1,Keep,Authenticates grants/derivations. Upgrade with sha2 and digest as a coordinated RustCrypto change. Do not implement the primitive yourself.,api@0.1.0; hkdf@0.12.4; jsonwebtoken@10.4.0; rfc6979@0.4.0; scope-git-storage@0.1.0; sqlx-mysql@0.8.6; sqlx-postgres@0.8.6,,No OSV match on audit date; not a safety guarantee
Cargo.lock,hmac,0.13.0,Keep,Authenticates grants/derivations. Upgrade with sha2 and digest as a coordinated RustCrypto change. Do not implement the primitive yourself.,aws-sdk-s3@1.144.0; aws-sigv4@1.5.1,,No OSV match on audit date; not a safety guarantee
Cargo.lock,home,0.5.12,Keep through owner,Lockfile dependency; evaluate through listed parents. Optional/target entries are not proof of production inclusion.,etcetera@0.8.0; sqlx-postgres@0.8.6,,No OSV match on audit date; not a safety guarantee
Cargo.lock,http,0.2.12,Keep,HTTP request types used by API and signing. Align API declaration with workspace and update to 1.5.0. Removing a declaration will not remove the shared type crate.,aws-runtime@1.9.1; aws-sdk-lambda@1.142.0; aws-sdk-s3@1.144.0; aws-sdk-sts@1.113.0; aws-sigv4@1.5.1; aws-smithy-http-client@1.4.0; aws-smithy-runtime-api@1.15.0; aws-smithy-runtime@1.14.0; aws-smithy-types@1.6.2; h2@0.3.27; http-body@0.4.6; hyper-rustls@0.24.2; hyper@0.14.32,,No OSV match on audit date; not a safety guarantee
Cargo.lock,http,1.4.2,Keep,HTTP request types used by API and signing. Align API declaration with workspace and update to 1.5.0. Removing a declaration will not remove the shared type crate.,api@0.1.0; aws-config@1.11.0; aws-runtime@1.9.1; aws-sdk-lambda@1.142.0; aws-sdk-s3@1.144.0; aws-sdk-sts@1.113.0; aws-sigv4@1.5.1; aws-smithy-checksums@0.65.0; aws-smithy-http-client@1.4.0; aws-smithy-http@0.64.0; aws-smithy-runtime-api@1.15.0; aws-smithy-runtime@1.14.0; aws-smithy-schema@0.2.0; aws-smithy-types@1.6.2; axum-core@0.5.6; axum@0.8.9; h2@0.4.19; http-body-util@0.1.3; http-body@1.0.1; hyper-rustls@0.27.9; hyper-util@0.1.20; hyper@1.10.1; reqwest@0.12.28; reqwest@0.13.4; scope-object-store@0.1.0; tower-http@0.6.11,,No OSV match on audit date; not a safety guarantee
Cargo.lock,http-body,0.4.6,Keep through owner,Lockfile dependency; evaluate through listed parents. Optional/target entries are not proof of production inclusion.,aws-runtime@1.9.1; aws-smithy-http-client@1.4.0; aws-smithy-runtime@1.14.0; aws-smithy-types@1.6.2; hyper@0.14.32,,No OSV match on audit date; not a safety guarantee
Cargo.lock,http-body,1.0.1,Keep through owner,Lockfile dependency; evaluate through listed parents. Optional/target entries are not proof of production inclusion.,aws-runtime@1.9.1; aws-sdk-s3@1.144.0; aws-smithy-checksums@0.65.0; aws-smithy-http@0.64.0; aws-smithy-runtime@1.14.0; aws-smithy-types@1.6.2; axum-core@0.5.6; axum@0.8.9; http-body-util@0.1.3; hyper-util@0.1.20; hyper@1.10.1; reqwest@0.12.28; reqwest@0.13.4; tower-http@0.6.11,,No OSV match on audit date; not a safety guarantee
Cargo.lock,http-body-util,0.1.3,Keep through owner,Lockfile dependency; evaluate through listed parents. Optional/target entries are not proof of production inclusion.,aws-smithy-checksums@0.65.0; aws-smithy-http@0.64.0; aws-smithy-runtime@1.14.0; aws-smithy-types@1.6.2; axum-core@0.5.6; axum@0.8.9; reqwest@0.12.28; reqwest@0.13.4; tower-http@0.6.11,,No OSV match on audit date; not a safety guarantee
Cargo.lock,httparse,1.10.1,Keep through owner,Lockfile dependency; evaluate through listed parents. Optional/target entries are not proof of production inclusion.,hyper@0.14.32; hyper@1.10.1,,No OSV match on audit date; not a safety guarantee
Cargo.lock,httpdate,1.0.3,Keep through owner,Lockfile dependency; evaluate through listed parents. Optional/target entries are not proof of production inclusion.,hyper@0.14.32; hyper@1.10.1,,No OSV match on audit date; not a safety guarantee
Cargo.lock,hybrid-array,0.4.14,Keep through owner,Lockfile dependency; evaluate through listed parents. Optional/target entries are not proof of production inclusion.,block-buffer@0.12.1; crypto-common@0.2.2,,No OSV match on audit date; not a safety guarantee
Cargo.lock,hyper,0.14.32,Delete via feature cleanup,Temporary-manifest Cargo tree experiment removes this version when AWS legacy rustls features are disabled. Build/integration validation still required.,aws-smithy-http-client@1.4.0; hyper-rustls@0.24.2,,No OSV match on audit date; not a safety guarantee
Cargo.lock,hyper,1.10.1,Keep through owner,Lockfile dependency; evaluate through listed parents. Optional/target entries are not proof of production inclusion.,aws-smithy-http-client@1.4.0; axum@0.8.9; hyper-rustls@0.27.9; hyper-util@0.1.20; reqwest@0.12.28; reqwest@0.13.4,,No OSV match on audit date; not a safety guarantee
Cargo.lock,hyper-rustls,0.24.2,Delete via feature cleanup,Temporary-manifest Cargo tree experiment removes this version when AWS legacy rustls features are disabled. Build/integration validation still required.,aws-smithy-http-client@1.4.0,,No OSV match on audit date; not a safety guarantee
Cargo.lock,hyper-rustls,0.27.9,Keep through owner,Lockfile dependency; evaluate through listed parents. Optional/target entries are not proof of production inclusion.,aws-smithy-http-client@1.4.0; reqwest@0.12.28; reqwest@0.13.4,,No OSV match on audit date; not a safety guarantee
Cargo.lock,hyper-util,0.1.20,Keep through owner,Lockfile dependency; evaluate through listed parents. Optional/target entries are not proof of production inclusion.,aws-smithy-http-client@1.4.0; axum@0.8.9; hyper-rustls@0.27.9; reqwest@0.12.28; reqwest@0.13.4,,No OSV match on audit date; not a safety guarantee
Cargo.lock,iana-time-zone,0.1.65,Keep through owner,Lockfile dependency; evaluate through listed parents. Optional/target entries are not proof of production inclusion.,chrono@0.4.45,,No OSV match on audit date; not a safety guarantee
Cargo.lock,iana-time-zone-haiku,0.1.2,Keep through owner,Lockfile dependency; evaluate through listed parents. Optional/target entries are not proof of production inclusion.,iana-time-zone@0.1.65,,No OSV match on audit date; not a safety guarantee
Cargo.lock,icu_collections,2.2.0,Keep through owner,Lockfile dependency; evaluate through listed parents. Optional/target entries are not proof of production inclusion.,icu_normalizer@2.2.0; icu_properties@2.2.0,,No OSV match on audit date; not a safety guarantee
Cargo.lock,icu_locale_core,2.2.0,Keep through owner,Lockfile dependency; evaluate through listed parents. Optional/target entries are not proof of production inclusion.,icu_properties@2.2.0; icu_provider@2.2.0,,No OSV match on audit date; not a safety guarantee
Cargo.lock,icu_normalizer,2.2.0,Keep through owner,Lockfile dependency; evaluate through listed parents. Optional/target entries are not proof of production inclusion.,idna_adapter@1.2.2,,No OSV match on audit date; not a safety guarantee
Cargo.lock,icu_normalizer_data,2.2.0,Keep through owner,Lockfile dependency; evaluate through listed parents. Optional/target entries are not proof of production inclusion.,icu_normalizer@2.2.0,,No OSV match on audit date; not a safety guarantee
Cargo.lock,icu_properties,2.2.0,Keep through owner,Lockfile dependency; evaluate through listed parents. Optional/target entries are not proof of production inclusion.,icu_normalizer@2.2.0; idna_adapter@1.2.2,,No OSV match on audit date; not a safety guarantee
Cargo.lock,icu_properties_data,2.2.0,Keep through owner,Lockfile dependency; evaluate through listed parents. Optional/target entries are not proof of production inclusion.,icu_properties@2.2.0,,No OSV match on audit date; not a safety guarantee
Cargo.lock,icu_provider,2.2.0,Keep through owner,Lockfile dependency; evaluate through listed parents. Optional/target entries are not proof of production inclusion.,icu_normalizer@2.2.0; icu_properties@2.2.0,,No OSV match on audit date; not a safety guarantee
Cargo.lock,ident_case,1.0.1,Keep through owner,Lockfile dependency; evaluate through listed parents. Optional/target entries are not proof of production inclusion.,darling_core@0.20.11,,No OSV match on audit date; not a safety guarantee
Cargo.lock,idna,1.1.0,Keep through owner,Lockfile dependency; evaluate through listed parents. Optional/target entries are not proof of production inclusion.,url@2.5.8,,No OSV match on audit date; not a safety guarantee
Cargo.lock,idna_adapter,1.2.2,Keep through owner,Lockfile dependency; evaluate through listed parents. Optional/target entries are not proof of production inclusion.,idna@1.1.0,,No OSV match on audit date; not a safety guarantee
Cargo.lock,indexmap,2.14.0,Keep through owner,Lockfile dependency; evaluate through listed parents. Optional/target entries are not proof of production inclusion.,h2@0.3.27; h2@0.4.19; sqlx-core@0.8.6; yaml_serde@0.10.4,,No OSV match on audit date; not a safety guarantee
Cargo.lock,inherent,1.0.13,Keep through owner,Lockfile dependency; evaluate through listed parents. Optional/target entries are not proof of production inclusion.,sea-query@0.32.7,,No OSV match on audit date; not a safety guarantee
Cargo.lock,inout,0.1.4,Keep through owner,Lockfile dependency; evaluate through listed parents. Optional/target entries are not proof of production inclusion.,cipher@0.4.4,,No OSV match on audit date; not a safety guarantee
Cargo.lock,ipnet,2.12.0,Keep through owner,Lockfile dependency; evaluate through listed parents. Optional/target entries are not proof of production inclusion.,hyper-util@0.1.20,,No OSV match on audit date; not a safety guarantee
Cargo.lock,itoa,1.0.18,Keep through owner,Lockfile dependency; evaluate through listed parents. Optional/target entries are not proof of production inclusion.,aws-smithy-types@1.6.2; axum@0.8.9; http@0.2.12; http@1.4.2; hyper@0.14.32; hyper@1.10.1; serde_json@1.0.150; serde_path_to_error@0.1.20; serde_urlencoded@0.7.1; sqlx-mysql@0.8.6; sqlx-postgres@0.8.6; yaml_serde@0.10.4,,No OSV match on audit date; not a safety guarantee
Cargo.lock,jni,0.22.4,Keep through owner,Lockfile dependency; evaluate through listed parents. Optional/target entries are not proof of production inclusion.,rustls-platform-verifier@0.7.0,,No OSV match on audit date; not a safety guarantee
Cargo.lock,jni-macros,0.22.4,Keep through owner,Lockfile dependency; evaluate through listed parents. Optional/target entries are not proof of production inclusion.,jni@0.22.4,,No OSV match on audit date; not a safety guarantee
Cargo.lock,jni-sys,0.4.1,Keep through owner,Lockfile dependency; evaluate through listed parents. Optional/target entries are not proof of production inclusion.,jni@0.22.4,,No OSV match on audit date; not a safety guarantee
Cargo.lock,jni-sys-macros,0.4.1,Keep through owner,Lockfile dependency; evaluate through listed parents. Optional/target entries are not proof of production inclusion.,jni-sys@0.4.1,,No OSV match on audit date; not a safety guarantee
Cargo.lock,jobserver,0.1.35,Keep through owner,Lockfile dependency; evaluate through listed parents. Optional/target entries are not proof of production inclusion.,cc@1.2.65,,No OSV match on audit date; not a safety guarantee
Cargo.lock,js-sys,0.3.103,Keep through owner,Lockfile dependency; evaluate through listed parents. Optional/target entries are not proof of production inclusion.,chrono@0.4.45; getrandom@0.2.17; getrandom@0.3.4; iana-time-zone@0.1.65; jsonwebtoken@10.4.0; reqwest@0.12.28; reqwest@0.13.4; uuid@1.23.4; wasm-bindgen-futures@0.4.76; wasm-streams@0.4.2; web-sys@0.3.103; web-time@1.1.0,,No OSV match on audit date; not a safety guarantee
Cargo.lock,jsonwebtoken,10.4.0,Keep,Clerk JWT verification plus EdDSA cache/media grants. Evaluate 11.1.0 separately with algorithm/JWKS tests. The RSA advisory concerns decryption; observed Scope use is JWT signatures.,api@0.1.0; scope-cache-service@0.1.0; scope-media-service@0.1.0,,No OSV match on audit date; not a safety guarantee
Cargo.lock,lazy_static,1.5.0,Keep through owner,Lockfile dependency; evaluate through listed parents. Optional/target entries are not proof of production inclusion.,num-bigint-dig@0.8.6; sharded-slab@0.1.7,,No OSV match on audit date; not a safety guarantee
Cargo.lock,libc,0.2.186,Keep,"Unix process groups, termination, filesystem and database process management. These are genuine OS interactions. Do not copy platform ABI declarations.",android_system_properties@0.1.5; api@0.1.0; cc@1.2.65; core-foundation@0.10.1; cpufeatures@0.2.17; cpufeatures@0.3.0; errno@0.3.14; filetime@0.2.29; getrandom@0.2.17; getrandom@0.3.4; getrandom@0.4.3; hyper-util@0.1.20; jobserver@0.1.35; libredox@0.1.17; mio@1.2.1; nix@0.29.0; nix@0.31.3; objc2-foundation@0.3.2; parking_lot_core@0.9.12; quinn-udp@0.5.14; rand@0.8.6; ring@0.17.14; rustix@1.1.4; scope-git-process@0.1.0; scope-media-worker@0.1.0; scope-postgres@0.1.0; scope-runner-runtime@0.1.0; security-framework-sys@2.17.0; security-framework@3.7.0; signal-hook-registry@1.4.8; socket2@0.5.10; socket2@0.6.4; tar@0.4.46; tokio@1.52.3; xattr@1.6.1,,No OSV match on audit date; not a safety guarantee
Cargo.lock,libm,0.2.16,Keep through owner,Lockfile dependency; evaluate through listed parents. Optional/target entries are not proof of production inclusion.,bigdecimal@0.4.10; num-bigint-dig@0.8.6; num-traits@0.2.19,,No OSV match on audit date; not a safety guarantee
Cargo.lock,libredox,0.1.17,Keep through owner,Lockfile dependency; evaluate through listed parents. Optional/target entries are not proof of production inclusion.,whoami@1.6.1,,No OSV match on audit date; not a safety guarantee
Cargo.lock,libsqlite3-sys,0.30.1,Keep through owner,Lockfile dependency; evaluate through listed parents. Optional/target entries are not proof of production inclusion.,sqlx-sqlite@0.8.6,,No OSV match on audit date; not a safety guarantee
Cargo.lock,libyaml-rs,0.3.0,Keep through owner,Lockfile dependency; evaluate through listed parents. Optional/target entries are not proof of production inclusion.,yaml_serde@0.10.4,,No OSV match on audit date; not a safety guarantee
Cargo.lock,linux-raw-sys,0.12.1,Keep through owner,Lockfile dependency; evaluate through listed parents. Optional/target entries are not proof of production inclusion.,rustix@1.1.4,,No OSV match on audit date; not a safety guarantee
Cargo.lock,litemap,0.8.2,Keep through owner,Lockfile dependency; evaluate through listed parents. Optional/target entries are not proof of production inclusion.,icu_locale_core@2.2.0,,No OSV match on audit date; not a safety guarantee
Cargo.lock,lock_api,0.4.14,Keep through owner,Lockfile dependency; evaluate through listed parents. Optional/target entries are not proof of production inclusion.,futures-intrusive@0.5.0; parking_lot@0.12.5; spin@0.9.8,,No OSV match on audit date; not a safety guarantee
Cargo.lock,log,0.4.33,Keep through owner,Lockfile dependency; evaluate through listed parents. Optional/target entries are not proof of production inclusion.,hyper-rustls@0.24.2; iana-time-zone@0.1.65; jni@0.22.4; os_info@3.15.0; reqwest@0.12.28; reqwest@0.13.4; rustls-platform-verifier@0.7.0; rustls@0.21.12; sea-orm@1.1.20; sqlx-core@0.8.6; sqlx-mysql@0.8.6; sqlx-postgres@0.8.6; sqlx-sqlite@0.8.6; tracing-log@0.2.0; tracing@0.1.44,,No OSV match on audit date; not a safety guarantee
Cargo.lock,lru,0.18.2,Keep through owner,Lockfile dependency; evaluate through listed parents. Optional/target entries are not proof of production inclusion.,aws-sdk-s3@1.144.0,,No OSV match on audit date; not a safety guarantee
Cargo.lock,lru-slab,0.1.2,Keep through owner,Lockfile dependency; evaluate through listed parents. Optional/target entries are not proof of production inclusion.,quinn-proto@0.11.15,,No OSV match on audit date; not a safety guarantee
Cargo.lock,mac_address,1.1.8,Keep through owner,Lockfile dependency; evaluate through listed parents. Optional/target entries are not proof of production inclusion.,sea-orm@1.1.20,,No OSV match on audit date; not a safety guarantee
Cargo.lock,matchers,0.2.0,Keep through owner,Lockfile dependency; evaluate through listed parents. Optional/target entries are not proof of production inclusion.,tracing-subscriber@0.3.23,,No OSV match on audit date; not a safety guarantee
Cargo.lock,matchit,0.8.4,Keep through owner,Lockfile dependency; evaluate through listed parents. Optional/target entries are not proof of production inclusion.,axum@0.8.9,,No OSV match on audit date; not a safety guarantee
Cargo.lock,md-5,0.10.6,Keep through owner,Lockfile dependency; evaluate through listed parents. Optional/target entries are not proof of production inclusion.,sqlx-mysql@0.8.6; sqlx-postgres@0.8.6,,No OSV match on audit date; not a safety guarantee
Cargo.lock,md-5,0.11.0,Keep through owner,Lockfile dependency; evaluate through listed parents. Optional/target entries are not proof of production inclusion.,aws-smithy-checksums@0.65.0,,No OSV match on audit date; not a safety guarantee
Cargo.lock,memchr,2.8.2,Keep through owner,Lockfile dependency; evaluate through listed parents. Optional/target entries are not proof of production inclusion.,aho-corasick@1.1.4; axum@0.8.9; combine@4.6.7; compression-codecs@0.4.38; futures-util@0.3.32; pulldown-cmark@0.13.4; regex-automata@0.4.16; regex@1.13.1; serde_json@1.0.150; sqlx-core@0.8.6; sqlx-mysql@0.8.6; sqlx-postgres@0.8.6,,No OSV match on audit date; not a safety guarantee
Cargo.lock,memoffset,0.9.1,Keep through owner,Lockfile dependency; evaluate through listed parents. Optional/target entries are not proof of production inclusion.,nix@0.29.0,,No OSV match on audit date; not a safety guarantee
Cargo.lock,mime,0.3.17,Keep through owner,Lockfile dependency; evaluate through listed parents. Optional/target entries are not proof of production inclusion.,axum-core@0.5.6; axum@0.8.9,,No OSV match on audit date; not a safety guarantee
Cargo.lock,miniz_oxide,0.8.9,Keep through owner,Lockfile dependency; evaluate through listed parents. Optional/target entries are not proof of production inclusion.,flate2@1.1.9,,No OSV match on audit date; not a safety guarantee
Cargo.lock,mio,1.2.1,Keep through owner,Lockfile dependency; evaluate through listed parents. Optional/target entries are not proof of production inclusion.,tokio@1.52.3,,No OSV match on audit date; not a safety guarantee
Cargo.lock,nix,0.29.0,Keep through owner,Lockfile dependency; evaluate through listed parents. Optional/target entries are not proof of production inclusion.,mac_address@1.1.8,,No OSV match on audit date; not a safety guarantee
Cargo.lock,nix,0.31.3,Keep through owner,Lockfile dependency; evaluate through listed parents. Optional/target entries are not proof of production inclusion.,os_info@3.15.0,,No OSV match on audit date; not a safety guarantee
Cargo.lock,nu-ansi-term,0.50.3,Keep through owner,Lockfile dependency; evaluate through listed parents. Optional/target entries are not proof of production inclusion.,tracing-subscriber@0.3.23,,No OSV match on audit date; not a safety guarantee
Cargo.lock,num-bigint,0.4.6,Keep through owner,Lockfile dependency; evaluate through listed parents. Optional/target entries are not proof of production inclusion.,bigdecimal@0.4.10; simple_asn1@0.6.4,,No OSV match on audit date; not a safety guarantee
Cargo.lock,num-bigint-dig,0.8.6,Keep through owner,Lockfile dependency; evaluate through listed parents. Optional/target entries are not proof of production inclusion.,rsa@0.9.10,,No OSV match on audit date; not a safety guarantee
Cargo.lock,num-conv,0.2.2,Keep through owner,Lockfile dependency; evaluate through listed parents. Optional/target entries are not proof of production inclusion.,time-macros@0.2.31; time@0.3.52,,No OSV match on audit date; not a safety guarantee
Cargo.lock,num-integer,0.1.46,Keep through owner,Lockfile dependency; evaluate through listed parents. Optional/target entries are not proof of production inclusion.,aws-smithy-types@1.6.2; bigdecimal@0.4.10; num-bigint-dig@0.8.6; num-bigint@0.4.6; num-iter@0.1.45; rsa@0.9.10,,No OSV match on audit date; not a safety guarantee
Cargo.lock,num-iter,0.1.45,Keep through owner,Lockfile dependency; evaluate through listed parents. Optional/target entries are not proof of production inclusion.,num-bigint-dig@0.8.6,,No OSV match on audit date; not a safety guarantee
Cargo.lock,num-traits,0.2.19,Keep through owner,Lockfile dependency; evaluate through listed parents. Optional/target entries are not proof of production inclusion.,atoi@2.0.0; bigdecimal@0.4.10; chrono@0.4.45; num-bigint-dig@0.8.6; num-bigint@0.4.6; num-integer@0.1.46; num-iter@0.1.45; ordered-float@4.6.0; rsa@0.9.10; rust_decimal@1.42.1; simple_asn1@0.6.4,,No OSV match on audit date; not a safety guarantee
Cargo.lock,objc2,0.6.4,Keep through owner,Lockfile dependency; evaluate through listed parents. Optional/target entries are not proof of production inclusion.,block2@0.6.2; dispatch2@0.3.1; objc2-cloud-kit@0.3.2; objc2-core-data@0.3.2; objc2-core-foundation@0.3.2; objc2-core-graphics@0.3.2; objc2-core-image@0.3.2; objc2-core-location@0.3.2; objc2-core-text@0.3.2; objc2-foundation@0.3.2; objc2-io-surface@0.3.2; objc2-quartz-core@0.3.2; objc2-ui-kit@0.3.2; objc2-user-notifications@0.3.2; os_info@3.15.0,,No OSV match on audit date; not a safety guarantee
Cargo.lock,objc2-cloud-kit,0.3.2,Keep through owner,Lockfile dependency; evaluate through listed parents. Optional/target entries are not proof of production inclusion.,objc2-ui-kit@0.3.2,,No OSV match on audit date; not a safety guarantee
Cargo.lock,objc2-core-data,0.3.2,Keep through owner,Lockfile dependency; evaluate through listed parents. Optional/target entries are not proof of production inclusion.,objc2-ui-kit@0.3.2,,No OSV match on audit date; not a safety guarantee
Cargo.lock,objc2-core-foundation,0.3.2,Keep through owner,Lockfile dependency; evaluate through listed parents. Optional/target entries are not proof of production inclusion.,objc2-core-graphics@0.3.2; objc2-core-text@0.3.2; objc2-foundation@0.3.2; objc2-io-surface@0.3.2; objc2-quartz-core@0.3.2; objc2-ui-kit@0.3.2,,No OSV match on audit date; not a safety guarantee
Cargo.lock,objc2-core-graphics,0.3.2,Keep through owner,Lockfile dependency; evaluate through listed parents. Optional/target entries are not proof of production inclusion.,objc2-core-text@0.3.2; objc2-ui-kit@0.3.2,,No OSV match on audit date; not a safety guarantee
Cargo.lock,objc2-core-image,0.3.2,Keep through owner,Lockfile dependency; evaluate through listed parents. Optional/target entries are not proof of production inclusion.,objc2-ui-kit@0.3.2,,No OSV match on audit date; not a safety guarantee
Cargo.lock,objc2-core-location,0.3.2,Keep through owner,Lockfile dependency; evaluate through listed parents. Optional/target entries are not proof of production inclusion.,objc2-ui-kit@0.3.2,,No OSV match on audit date; not a safety guarantee
Cargo.lock,objc2-core-text,0.3.2,Keep through owner,Lockfile dependency; evaluate through listed parents. Optional/target entries are not proof of production inclusion.,objc2-ui-kit@0.3.2,,No OSV match on audit date; not a safety guarantee
Cargo.lock,objc2-encode,4.1.0,Keep through owner,Lockfile dependency; evaluate through listed parents. Optional/target entries are not proof of production inclusion.,objc2@0.6.4,,No OSV match on audit date; not a safety guarantee
Cargo.lock,objc2-foundation,0.3.2,Keep through owner,Lockfile dependency; evaluate through listed parents. Optional/target entries are not proof of production inclusion.,objc2-cloud-kit@0.3.2; objc2-core-data@0.3.2; objc2-core-image@0.3.2; objc2-core-location@0.3.2; objc2-quartz-core@0.3.2; objc2-ui-kit@0.3.2; objc2-user-notifications@0.3.2; os_info@3.15.0,,No OSV match on audit date; not a safety guarantee
Cargo.lock,objc2-io-surface,0.3.2,Keep through owner,Lockfile dependency; evaluate through listed parents. Optional/target entries are not proof of production inclusion.,objc2-core-graphics@0.3.2,,No OSV match on audit date; not a safety guarantee
Cargo.lock,objc2-quartz-core,0.3.2,Keep through owner,Lockfile dependency; evaluate through listed parents. Optional/target entries are not proof of production inclusion.,objc2-ui-kit@0.3.2,,No OSV match on audit date; not a safety guarantee
Cargo.lock,objc2-ui-kit,0.3.2,Keep through owner,Lockfile dependency; evaluate through listed parents. Optional/target entries are not proof of production inclusion.,os_info@3.15.0,,No OSV match on audit date; not a safety guarantee
Cargo.lock,objc2-user-notifications,0.3.2,Keep through owner,Lockfile dependency; evaluate through listed parents. Optional/target entries are not proof of production inclusion.,objc2-ui-kit@0.3.2,,No OSV match on audit date; not a safety guarantee
Cargo.lock,once_cell,1.21.4,Keep through owner,Lockfile dependency; evaluate through listed parents. Optional/target entries are not proof of production inclusion.,quinn-udp@0.5.14; rustls-platform-verifier@0.7.0; rustls@0.23.41; sqlx-core@0.8.6; sqlx-macros-core@0.8.6; sqlx-mysql@0.8.6; sqlx-postgres@0.8.6; tempfile@3.27.0; tracing-core@0.1.36; tracing-log@0.2.0; tracing-subscriber@0.3.23; wasm-bindgen@0.2.126,,No OSV match on audit date; not a safety guarantee
Cargo.lock,opaque-debug,0.3.1,Keep through owner,Lockfile dependency; evaluate through listed parents. Optional/target entries are not proof of production inclusion.,poly1305@0.8.0,,No OSV match on audit date; not a safety guarantee
Cargo.lock,openssl-probe,0.2.1,Keep through owner,Lockfile dependency; evaluate through listed parents. Optional/target entries are not proof of production inclusion.,rustls-native-certs@0.8.4,,No OSV match on audit date; not a safety guarantee
Cargo.lock,ordered-float,4.6.0,Keep through owner,Lockfile dependency; evaluate through listed parents. Optional/target entries are not proof of production inclusion.,sea-query@0.32.7,,No OSV match on audit date; not a safety guarantee
Cargo.lock,os_info,3.15.0,Keep through owner,Lockfile dependency; evaluate through listed parents. Optional/target entries are not proof of production inclusion.,posthog-rs@0.24.0,,No OSV match on audit date; not a safety guarantee
Cargo.lock,ouroboros,0.18.5,Keep through owner,Lockfile dependency; evaluate through listed parents. Optional/target entries are not proof of production inclusion.,sea-orm@1.1.20,,No OSV match on audit date; not a safety guarantee
Cargo.lock,ouroboros_macro,0.18.5,Keep through owner,Lockfile dependency; evaluate through listed parents. Optional/target entries are not proof of production inclusion.,ouroboros@0.18.5,,No OSV match on audit date; not a safety guarantee
Cargo.lock,outref,0.5.2,Keep through owner,Lockfile dependency; evaluate through listed parents. Optional/target entries are not proof of production inclusion.,base64-simd@0.8.0,,No OSV match on audit date; not a safety guarantee
Cargo.lock,p256,0.13.2,Keep through owner,Lockfile dependency; evaluate through listed parents. Optional/target entries are not proof of production inclusion.,jsonwebtoken@10.4.0,,No OSV match on audit date; not a safety guarantee
Cargo.lock,p384,0.13.1,Keep through owner,Lockfile dependency; evaluate through listed parents. Optional/target entries are not proof of production inclusion.,jsonwebtoken@10.4.0,,No OSV match on audit date; not a safety guarantee
Cargo.lock,parking,2.2.1,Keep through owner,Lockfile dependency; evaluate through listed parents. Optional/target entries are not proof of production inclusion.,event-listener@5.4.1,,No OSV match on audit date; not a safety guarantee
Cargo.lock,parking_lot,0.12.5,Keep through owner,Lockfile dependency; evaluate through listed parents. Optional/target entries are not proof of production inclusion.,futures-intrusive@0.5.0,,No OSV match on audit date; not a safety guarantee
Cargo.lock,parking_lot_core,0.9.12,Keep through owner,Lockfile dependency; evaluate through listed parents. Optional/target entries are not proof of production inclusion.,parking_lot@0.12.5,,No OSV match on audit date; not a safety guarantee
Cargo.lock,pem,3.0.6,Keep through owner,Lockfile dependency; evaluate through listed parents. Optional/target entries are not proof of production inclusion.,jsonwebtoken@10.4.0,,No OSV match on audit date; not a safety guarantee
Cargo.lock,pem-rfc7468,0.7.0,Keep through owner,Lockfile dependency; evaluate through listed parents. Optional/target entries are not proof of production inclusion.,der@0.7.10; elliptic-curve@0.13.8,,No OSV match on audit date; not a safety guarantee
Cargo.lock,percent-encoding,2.3.2,Keep through owner,Lockfile dependency; evaluate through listed parents. Optional/target entries are not proof of production inclusion.,aws-runtime@1.9.1; aws-sdk-s3@1.144.0; aws-sigv4@1.5.1; aws-smithy-http@0.64.0; axum@0.8.9; form_urlencoded@1.2.2; hyper-util@0.1.20; reqwest@0.12.28; reqwest@0.13.4; sqlx-core@0.8.6; sqlx-mysql@0.8.6; sqlx-sqlite@0.8.6; url@2.5.8,,No OSV match on audit date; not a safety guarantee
Cargo.lock,pgvector,0.4.2,Keep through owner,Lockfile dependency; evaluate through listed parents. Optional/target entries are not proof of production inclusion.,sea-orm@1.1.20,,No OSV match on audit date; not a safety guarantee
Cargo.lock,pin-project-lite,0.2.17,Keep through owner,Lockfile dependency; evaluate through listed parents. Optional/target entries are not proof of production inclusion.,async-compression@0.4.43; async-stream@0.3.6; aws-runtime@1.9.1; aws-smithy-async@1.3.0; aws-smithy-checksums@0.65.0; aws-smithy-http-client@1.4.0; aws-smithy-http@0.64.0; aws-smithy-runtime-api@1.15.0; aws-smithy-runtime@1.14.0; aws-smithy-types@1.6.2; axum-core@0.5.6; axum@0.8.9; event-listener@5.4.1; futures-util@0.3.32; http-body-util@0.1.3; http-body@0.4.6; hyper-util@0.1.20; hyper@0.14.32; hyper@1.10.1; quinn@0.11.11; reqwest@0.12.28; reqwest@0.13.4; tokio-stream@0.1.18; tokio-util@0.7.18; tokio@1.52.3; tower-http@0.6.11; tower@0.5.3; tracing@0.1.44,,No OSV match on audit date; not a safety guarantee
Cargo.lock,pin-utils,0.1.0,Keep through owner,Lockfile dependency; evaluate through listed parents. Optional/target entries are not proof of production inclusion.,aws-smithy-http@0.64.0; aws-smithy-runtime@1.14.0; aws-smithy-types@1.6.2,,No OSV match on audit date; not a safety guarantee
Cargo.lock,pkcs1,0.7.5,Keep through owner,Lockfile dependency; evaluate through listed parents. Optional/target entries are not proof of production inclusion.,rsa@0.9.10,,No OSV match on audit date; not a safety guarantee
Cargo.lock,pkcs8,0.10.2,Keep through owner,Lockfile dependency; evaluate through listed parents. Optional/target entries are not proof of production inclusion.,ed25519@2.2.3; elliptic-curve@0.13.8; pkcs1@0.7.5; rsa@0.9.10; sec1@0.7.3,,No OSV match on audit date; not a safety guarantee
Cargo.lock,pkg-config,0.3.33,Keep through owner,Lockfile dependency; evaluate through listed parents. Optional/target entries are not proof of production inclusion.,aws-lc-sys@0.44.0; libsqlite3-sys@0.30.1; zstd-sys@2.0.16+zstd.1.5.7,,No OSV match on audit date; not a safety guarantee
Cargo.lock,plain,0.2.3,Keep through owner,Lockfile dependency; evaluate through listed parents. Optional/target entries are not proof of production inclusion.,libredox@0.1.17,,No OSV match on audit date; not a safety guarantee
Cargo.lock,poly1305,0.8.0,Keep through owner,Lockfile dependency; evaluate through listed parents. Optional/target entries are not proof of production inclusion.,chacha20poly1305@0.10.1,,No OSV match on audit date; not a safety guarantee
Cargo.lock,posthog-rs,0.24.0,Rewrite,"Replace only the event transport with a bounded queue and existing Reqwest/Tokio behind ProductAnalyticsSink. Preserve batching, retry limits, privacy and shutdown flush. This is a contained follow-up, not an immediate deletion.",scope-product-analytics@0.1.0,,No OSV match on audit date; not a safety guarantee
Cargo.lock,potential_utf,0.1.5,Keep through owner,Lockfile dependency; evaluate through listed parents. Optional/target entries are not proof of production inclusion.,icu_collections@2.2.0,,No OSV match on audit date; not a safety guarantee
Cargo.lock,powerfmt,0.2.0,Keep through owner,Lockfile dependency; evaluate through listed parents. Optional/target entries are not proof of production inclusion.,time@0.3.52,,No OSV match on audit date; not a safety guarantee
Cargo.lock,ppv-lite86,0.2.21,Keep through owner,Lockfile dependency; evaluate through listed parents. Optional/target entries are not proof of production inclusion.,rand_chacha@0.3.1; rand_chacha@0.9.0,,No OSV match on audit date; not a safety guarantee
Cargo.lock,primeorder,0.13.6,Keep through owner,Lockfile dependency; evaluate through listed parents. Optional/target entries are not proof of production inclusion.,p256@0.13.2; p384@0.13.1,,No OSV match on audit date; not a safety guarantee
Cargo.lock,proc-macro2,1.0.106,Keep through owner,Lockfile dependency; evaluate through listed parents. Optional/target entries are not proof of production inclusion.,async-stream-impl@0.3.6; async-trait@0.1.89; aws-smithy-runtime-api-macros@1.1.0; curve25519-dalek-derive@0.1.1; darling_core@0.20.11; derive_builder_core@0.20.2; derive_more-impl@2.1.1; displaydoc@0.2.6; futures-macro@0.3.32; inherent@1.0.13; jni-macros@0.22.4; ouroboros_macro@0.18.5; proc-macro2-diagnostics@0.10.1; quote@1.0.46; ref-cast-impl@1.0.27; schemars_derive@1.2.2; sea-bae@0.2.2; sea-orm-macros@1.1.20; sea-query-derive@0.4.3; sea-schema-derive@0.3.0; serde_derive@1.0.228; serde_derive_internals@0.30.0; sqlx-macros-core@0.8.6; sqlx-macros@0.8.6; syn@2.0.118; syn@3.0.4; synstructure@0.13.2; thiserror-impl@2.0.18; tokio-macros@2.7.0; tracing-attributes@0.1.31; ts-rs-macros@12.0.1; wasm-bindgen-macro-support@0.2.126; windows-implement@0.60.2; windows-interface@0.59.3; yoke-derive@0.8.2; zerocopy-derive@0.8.52; zerofrom-derive@0.1.7; zeroize_derive@1.5.0; zerovec-derive@0.11.3,,No OSV match on audit date; not a safety guarantee
Cargo.lock,proc-macro2-diagnostics,0.10.1,Keep through owner,Lockfile dependency; evaluate through listed parents. Optional/target entries are not proof of production inclusion.,ouroboros_macro@0.18.5,,No OSV match on audit date; not a safety guarantee
Cargo.lock,pulldown-cmark,0.13.4,Keep,Server-side Markdown parsing for domain attachment/reference rules. Use a standards parser rather than regex. The browser Markdown implementation cannot replace a Rust server parser.,scope-domain@0.1.0,,No OSV match on audit date; not a safety guarantee
Cargo.lock,quinn,0.11.11,Keep through owner,Lockfile dependency; evaluate through listed parents. Optional/target entries are not proof of production inclusion.,reqwest@0.12.28; reqwest@0.13.4,,No OSV match on audit date; not a safety guarantee
Cargo.lock,quinn-proto,0.11.15,Keep through owner,Lockfile dependency; evaluate through listed parents. Optional/target entries are not proof of production inclusion.,quinn@0.11.11,,No OSV match on audit date; not a safety guarantee
Cargo.lock,quinn-udp,0.5.14,Keep through owner,Lockfile dependency; evaluate through listed parents. Optional/target entries are not proof of production inclusion.,quinn@0.11.11,,No OSV match on audit date; not a safety guarantee
Cargo.lock,quote,1.0.46,Keep through owner,Lockfile dependency; evaluate through listed parents. Optional/target entries are not proof of production inclusion.,async-stream-impl@0.3.6; async-trait@0.1.89; aws-smithy-runtime-api-macros@1.1.0; curve25519-dalek-derive@0.1.1; darling_core@0.20.11; darling_macro@0.20.11; derive_builder_core@0.20.2; derive_more-impl@2.1.1; displaydoc@0.2.6; futures-macro@0.3.32; inherent@1.0.13; jni-macros@0.22.4; jni-sys-macros@0.4.1; ouroboros_macro@0.18.5; proc-macro2-diagnostics@0.10.1; ref-cast-impl@1.0.27; schemars_derive@1.2.2; sea-bae@0.2.2; sea-orm-macros@1.1.20; sea-query-derive@0.4.3; sea-schema-derive@0.3.0; serde_derive@1.0.228; serde_derive_internals@0.30.0; sqlx-macros-core@0.8.6; sqlx-macros@0.8.6; syn@2.0.118; syn@3.0.4; synstructure@0.13.2; thiserror-impl@2.0.18; tokio-macros@2.7.0; tracing-attributes@0.1.31; ts-rs-macros@12.0.1; wasm-bindgen-macro-support@0.2.126; wasm-bindgen-macro@0.2.126; windows-implement@0.60.2; windows-interface@0.59.3; yoke-derive@0.8.2; zerocopy-derive@0.8.52; zerofrom-derive@0.1.7; zeroize_derive@1.5.0; zerovec-derive@0.11.3,,No OSV match on audit date; not a safety guarantee
Cargo.lock,r-efi,5.3.0,Keep through owner,Lockfile dependency; evaluate through listed parents. Optional/target entries are not proof of production inclusion.,getrandom@0.3.4,,No OSV match on audit date; not a safety guarantee
Cargo.lock,r-efi,6.0.0,Keep through owner,Lockfile dependency; evaluate through listed parents. Optional/target entries are not proof of production inclusion.,getrandom@0.4.3,,No OSV match on audit date; not a safety guarantee
Cargo.lock,rand,0.8.6,Keep through owner,Lockfile dependency; evaluate through listed parents. Optional/target entries are not proof of production inclusion.,jsonwebtoken@10.4.0; num-bigint-dig@0.8.6; sqlx-mysql@0.8.6; sqlx-postgres@0.8.6,,No OSV match on audit date; not a safety guarantee
Cargo.lock,rand,0.9.4,Keep through owner,Lockfile dependency; evaluate through listed parents. Optional/target entries are not proof of production inclusion.,quinn-proto@0.11.15,,No OSV match on audit date; not a safety guarantee
Cargo.lock,rand_chacha,0.3.1,Keep through owner,Lockfile dependency; evaluate through listed parents. Optional/target entries are not proof of production inclusion.,rand@0.8.6,,No OSV match on audit date; not a safety guarantee
Cargo.lock,rand_chacha,0.9.0,Keep through owner,Lockfile dependency; evaluate through listed parents. Optional/target entries are not proof of production inclusion.,rand@0.9.4,,No OSV match on audit date; not a safety guarantee
Cargo.lock,rand_core,0.6.4,Keep through owner,Lockfile dependency; evaluate through listed parents. Optional/target entries are not proof of production inclusion.,crypto-bigint@0.5.5; crypto-common@0.1.7; elliptic-curve@0.13.8; ff@0.13.1; group@0.13.0; rand@0.8.6; rand_chacha@0.3.1; rsa@0.9.10; signature@2.2.0,,No OSV match on audit date; not a safety guarantee
Cargo.lock,rand_core,0.9.5,Keep through owner,Lockfile dependency; evaluate through listed parents. Optional/target entries are not proof of production inclusion.,rand@0.9.4; rand_chacha@0.9.0,,No OSV match on audit date; not a safety guarantee
Cargo.lock,redox_syscall,0.5.18,Keep through owner,Lockfile dependency; evaluate through listed parents. Optional/target entries are not proof of production inclusion.,parking_lot_core@0.9.12,,No OSV match on audit date; not a safety guarantee
Cargo.lock,redox_syscall,0.8.1,Keep through owner,Lockfile dependency; evaluate through listed parents. Optional/target entries are not proof of production inclusion.,libredox@0.1.17,,No OSV match on audit date; not a safety guarantee
Cargo.lock,ref-cast,1.0.27,Keep through owner,Lockfile dependency; evaluate through listed parents. Optional/target entries are not proof of production inclusion.,schemars@1.2.2,,No OSV match on audit date; not a safety guarantee
Cargo.lock,ref-cast-impl,1.0.27,Keep through owner,Lockfile dependency; evaluate through listed parents. Optional/target entries are not proof of production inclusion.,ref-cast@1.0.27,,No OSV match on audit date; not a safety guarantee
Cargo.lock,regex,1.13.1,Keep through owner,Lockfile dependency; evaluate through listed parents. Optional/target entries are not proof of production inclusion.,posthog-rs@0.24.0; sea-orm-cli@1.1.20,,No OSV match on audit date; not a safety guarantee
Cargo.lock,regex-automata,0.4.16,Keep through owner,Lockfile dependency; evaluate through listed parents. Optional/target entries are not proof of production inclusion.,matchers@0.2.0; regex@1.13.1; tracing-subscriber@0.3.23,,No OSV match on audit date; not a safety guarantee
Cargo.lock,regex-lite,0.1.9,Keep through owner,Lockfile dependency; evaluate through listed parents. Optional/target entries are not proof of production inclusion.,aws-sdk-lambda@1.142.0; aws-sdk-s3@1.144.0; aws-sdk-sts@1.113.0,,No OSV match on audit date; not a safety guarantee
Cargo.lock,regex-syntax,0.8.11,Keep through owner,Lockfile dependency; evaluate through listed parents. Optional/target entries are not proof of production inclusion.,regex-automata@0.4.16; regex@1.13.1,,No OSV match on audit date; not a safety guarantee
Cargo.lock,reqwest,0.12.28,Keep,"HTTP, streaming and blocking clients across services and CLI. Move to 0.13.5 in a focused migration; rustls-tls becomes rustls. This can unify the direct client with PostHog while that SDK remains.",api@0.1.0; scope-cache-service@0.1.0; scope-object-store@0.1.0; scope-repo-router@0.1.0; scope-runner-runtime@0.1.0,,No OSV match on audit date; not a safety guarantee
Cargo.lock,reqwest,0.13.4,Keep,"HTTP, streaming and blocking clients across services and CLI. Move to 0.13.5 in a focused migration; rustls-tls becomes rustls. This can unify the direct client with PostHog while that SDK remains.",posthog-rs@0.24.0,,No OSV match on audit date; not a safety guarantee
Cargo.lock,rfc6979,0.4.0,Keep through owner,Lockfile dependency; evaluate through listed parents. Optional/target entries are not proof of production inclusion.,ecdsa@0.16.9,,No OSV match on audit date; not a safety guarantee
Cargo.lock,ring,0.17.14,Keep through owner,Lockfile dependency; evaluate through listed parents. Optional/target entries are not proof of production inclusion.,quinn-proto@0.11.15; rustls-webpki@0.101.7; rustls-webpki@0.103.13; rustls@0.21.12; rustls@0.23.41; sct@0.7.1,,No OSV match on audit date; not a safety guarantee
Cargo.lock,rsa,0.9.10,Keep through owner,Lockfile dependency; evaluate through listed parents. Optional/target entries are not proof of production inclusion.,jsonwebtoken@10.4.0; sqlx-mysql@0.8.6,RUSTSEC-2023-0071,Review affected use and update parent/lock
Cargo.lock,rust_decimal,1.42.1,Keep through owner,Lockfile dependency; evaluate through listed parents. Optional/target entries are not proof of production inclusion.,sea-orm@1.1.20,,No OSV match on audit date; not a safety guarantee
Cargo.lock,rustc-hash,2.1.2,Keep through owner,Lockfile dependency; evaluate through listed parents. Optional/target entries are not proof of production inclusion.,quinn-proto@0.11.15; quinn@0.11.11,,No OSV match on audit date; not a safety guarantee
Cargo.lock,rustc_version,0.4.1,Keep through owner,Lockfile dependency; evaluate through listed parents. Optional/target entries are not proof of production inclusion.,aws-types@1.5.0; curve25519-dalek@4.1.3; derive_more-impl@2.1.1; jni-macros@0.22.4; simd_cesu8@1.2.0,,No OSV match on audit date; not a safety guarantee
Cargo.lock,rustix,1.1.4,Keep through owner,Lockfile dependency; evaluate through listed parents. Optional/target entries are not proof of production inclusion.,tempfile@3.27.0; xattr@1.6.1,,No OSV match on audit date; not a safety guarantee
Cargo.lock,rustls,0.21.12,Delete via feature cleanup,Temporary-manifest Cargo tree experiment removes this version when AWS legacy rustls features are disabled. Build/integration validation still required.,aws-smithy-http-client@1.4.0; hyper-rustls@0.24.2; tokio-rustls@0.24.1,,No OSV match on audit date; not a safety guarantee
Cargo.lock,rustls,0.23.41,Keep through owner,Lockfile dependency; evaluate through listed parents. Optional/target entries are not proof of production inclusion.,aws-smithy-http-client@1.4.0; hyper-rustls@0.27.9; quinn-proto@0.11.15; quinn@0.11.11; reqwest@0.12.28; reqwest@0.13.4; rustls-platform-verifier@0.7.0; sqlx-core@0.8.6; tokio-rustls@0.26.4,RUSTSEC-2026-0285,Review affected use and update parent/lock
Cargo.lock,rustls-native-certs,0.8.4,Keep through owner,Lockfile dependency; evaluate through listed parents. Optional/target entries are not proof of production inclusion.,aws-smithy-http-client@1.4.0; hyper-rustls@0.27.9; rustls-platform-verifier@0.7.0,,No OSV match on audit date; not a safety guarantee
Cargo.lock,rustls-pki-types,1.15.0,Keep through owner,Lockfile dependency; evaluate through listed parents. Optional/target entries are not proof of production inclusion.,aws-smithy-http-client@1.4.0; quinn-proto@0.11.15; reqwest@0.12.28; reqwest@0.13.4; rustls-native-certs@0.8.4; rustls-webpki@0.103.13; rustls@0.23.41; webpki-root-certs@1.0.9; webpki-roots@1.0.8,,No OSV match on audit date; not a safety guarantee
Cargo.lock,rustls-platform-verifier,0.7.0,Keep through owner,Lockfile dependency; evaluate through listed parents. Optional/target entries are not proof of production inclusion.,reqwest@0.13.4,,No OSV match on audit date; not a safety guarantee
Cargo.lock,rustls-platform-verifier-android,0.1.1,Keep through owner,Lockfile dependency; evaluate through listed parents. Optional/target entries are not proof of production inclusion.,rustls-platform-verifier@0.7.0,,No OSV match on audit date; not a safety guarantee
Cargo.lock,rustls-webpki,0.101.7,Delete via feature cleanup,Temporary-manifest Cargo tree experiment removes this version when AWS legacy rustls features are disabled. Build/integration validation still required.,rustls@0.21.12,GHSA-82j2-j2ch-gfr8; GHSA-965h-392x-2mh5; GHSA-xgp8-3hg3-c2mh; RUSTSEC-2026-0098; RUSTSEC-2026-0099; RUSTSEC-2026-0104,Review affected use and update parent/lock
Cargo.lock,rustls-webpki,0.103.13,Keep through owner,Lockfile dependency; evaluate through listed parents. Optional/target entries are not proof of production inclusion.,rustls-platform-verifier@0.7.0; rustls@0.23.41,,No OSV match on audit date; not a safety guarantee
Cargo.lock,rustversion,1.0.22,Keep through owner,Lockfile dependency; evaluate through listed parents. Optional/target entries are not proof of production inclusion.,arc-swap@1.9.2; wasm-bindgen@0.2.126,,No OSV match on audit date; not a safety guarantee
Cargo.lock,ryu,1.0.23,Keep through owner,Lockfile dependency; evaluate through listed parents. Optional/target entries are not proof of production inclusion.,aws-smithy-types@1.6.2; serde_urlencoded@0.7.1; yaml_serde@0.10.4,,No OSV match on audit date; not a safety guarantee
Cargo.lock,same-file,1.0.6,Keep through owner,Lockfile dependency; evaluate through listed parents. Optional/target entries are not proof of production inclusion.,walkdir@2.5.0,,No OSV match on audit date; not a safety guarantee
Cargo.lock,schannel,0.1.29,Keep through owner,Lockfile dependency; evaluate through listed parents. Optional/target entries are not proof of production inclusion.,rustls-native-certs@0.8.4,,No OSV match on audit date; not a safety guarantee
Cargo.lock,schemars,1.2.2,Keep,Generates JSON Schema for runtime contract validation. Optional export feature keeps it out of ordinary production builds. ts-rs generates a different artifact.,api@0.1.0; scope-api-contract@0.1.0,,No OSV match on audit date; not a safety guarantee
Cargo.lock,schemars_derive,1.2.2,Keep through owner,Lockfile dependency; evaluate through listed parents. Optional/target entries are not proof of production inclusion.,schemars@1.2.2,,No OSV match on audit date; not a safety guarantee
Cargo.lock,scopeguard,1.2.0,Keep through owner,Lockfile dependency; evaluate through listed parents. Optional/target entries are not proof of production inclusion.,lock_api@0.4.14,,No OSV match on audit date; not a safety guarantee
Cargo.lock,sct,0.7.1,Delete via feature cleanup,Temporary-manifest Cargo tree experiment removes this version when AWS legacy rustls features are disabled. Build/integration validation still required.,rustls@0.21.12,,No OSV match on audit date; not a safety guarantee
Cargo.lock,sea-bae,0.2.2,Keep through owner,Lockfile dependency; evaluate through listed parents. Optional/target entries are not proof of production inclusion.,sea-orm-macros@1.1.20,,No OSV match on audit date; not a safety guarantee
Cargo.lock,sea-orm,1.1.20,Keep,Extensive entity/query/transaction use. Move mock to dev-only feature activation and remove unused with-chrono after checks. Do not fund a broad SQLx rewrite just to reduce dependency count.,scope-postgres@0.1.0; sea-orm-migration@1.1.20,,No OSV match on audit date; not a safety guarantee
Cargo.lock,sea-orm-cli,1.1.20,Keep through owner,Lockfile dependency; evaluate through listed parents. Optional/target entries are not proof of production inclusion.,sea-orm-migration@1.1.20,,No OSV match on audit date; not a safety guarantee
Cargo.lock,sea-orm-macros,1.1.20,Keep through owner,Lockfile dependency; evaluate through listed parents. Optional/target entries are not proof of production inclusion.,sea-orm@1.1.20,,No OSV match on audit date; not a safety guarantee
Cargo.lock,sea-orm-migration,1.1.20,Keep,"Owns migration execution, with CLI defaults already disabled. Update together with SeaORM/SQLx after testing baseline, locks and recovery. Existing migrations should remain.",scope-postgres@0.1.0,,No OSV match on audit date; not a safety guarantee
Cargo.lock,sea-query,0.32.7,Keep through owner,Lockfile dependency; evaluate through listed parents. Optional/target entries are not proof of production inclusion.,sea-orm@1.1.20; sea-query-binder@0.7.0; sea-schema@0.16.2,,No OSV match on audit date; not a safety guarantee
Cargo.lock,sea-query-binder,0.7.0,Keep through owner,Lockfile dependency; evaluate through listed parents. Optional/target entries are not proof of production inclusion.,sea-orm@1.1.20; sea-schema@0.16.2,,No OSV match on audit date; not a safety guarantee
Cargo.lock,sea-query-derive,0.4.3,Keep through owner,Lockfile dependency; evaluate through listed parents. Optional/target entries are not proof of production inclusion.,sea-query@0.32.7,,No OSV match on audit date; not a safety guarantee
Cargo.lock,sea-schema,0.16.2,Keep through owner,Lockfile dependency; evaluate through listed parents. Optional/target entries are not proof of production inclusion.,sea-orm-cli@1.1.20; sea-orm-migration@1.1.20,,No OSV match on audit date; not a safety guarantee
Cargo.lock,sea-schema-derive,0.3.0,Keep through owner,Lockfile dependency; evaluate through listed parents. Optional/target entries are not proof of production inclusion.,sea-schema@0.16.2,,No OSV match on audit date; not a safety guarantee
Cargo.lock,sec1,0.7.3,Keep through owner,Lockfile dependency; evaluate through listed parents. Optional/target entries are not proof of production inclusion.,elliptic-curve@0.13.8,,No OSV match on audit date; not a safety guarantee
Cargo.lock,security-framework,3.7.0,Keep through owner,Lockfile dependency; evaluate through listed parents. Optional/target entries are not proof of production inclusion.,rustls-native-certs@0.8.4; rustls-platform-verifier@0.7.0,,No OSV match on audit date; not a safety guarantee
Cargo.lock,security-framework-sys,2.17.0,Keep through owner,Lockfile dependency; evaluate through listed parents. Optional/target entries are not proof of production inclusion.,rustls-platform-verifier@0.7.0; security-framework@3.7.0,,No OSV match on audit date; not a safety guarantee
Cargo.lock,semver,1.0.28,Keep through owner,Lockfile dependency; evaluate through listed parents. Optional/target entries are not proof of production inclusion.,posthog-rs@0.24.0; rustc_version@0.4.1,,No OSV match on audit date; not a safety guarantee
Cargo.lock,serde,1.0.228,Keep,Shared typed serialization throughout the system. Routine patch update; replacing it would duplicate a central ecosystem contract.,api@0.1.0; aws-smithy-types@1.6.2; bigdecimal@0.4.10; chrono@0.4.45; ed25519-dalek@2.2.0; either@1.16.0; jsonwebtoken@10.4.0; mac_address@1.1.8; os_info@3.15.0; pgvector@0.4.2; posthog-rs@0.24.0; reqwest@0.12.28; reqwest@0.13.4; rust_decimal@1.42.1; schemars@1.2.2; scope-api-contract@0.1.0; scope-cache-contract@0.1.0; scope-cache-domain@0.1.0; scope-cache-service@0.1.0; scope-domain@0.1.0; scope-media-service@0.1.0; scope-media-storage@0.1.0; scope-media-worker@0.1.0; scope-postgres@0.1.0; scope-run-config@0.1.0; scope-runner-runtime@0.1.0; sea-orm@1.1.20; serde_json@1.0.150; serde_path_to_error@0.1.20; serde_urlencoded@0.7.1; smallvec@1.15.2; sqlx-core@0.8.6; sqlx-macros-core@0.8.6; sqlx-mysql@0.8.6; sqlx-postgres@0.8.6; sqlx-sqlite@0.8.6; url@2.5.8; wasm-bindgen@0.2.126; worker@0.1.0; yaml_serde@0.10.4,,No OSV match on audit date; not a safety guarantee
Cargo.lock,serde_core,1.0.228,Keep through owner,Lockfile dependency; evaluate through listed parents. Optional/target entries are not proof of production inclusion.,axum@0.8.9; bitflags@2.13.0; deranged@0.5.8; pem@3.0.6; serde@1.0.228; serde_json@1.0.150; serde_path_to_error@0.1.20; time@0.3.52; uuid@1.23.4,,No OSV match on audit date; not a safety guarantee
Cargo.lock,serde_derive,1.0.228,Keep through owner,Lockfile dependency; evaluate through listed parents. Optional/target entries are not proof of production inclusion.,serde@1.0.228; serde_core@1.0.228,,No OSV match on audit date; not a safety guarantee
Cargo.lock,serde_derive_internals,0.30.0,Keep through owner,Lockfile dependency; evaluate through listed parents. Optional/target entries are not proof of production inclusion.,schemars_derive@1.2.2,,No OSV match on audit date; not a safety guarantee
Cargo.lock,serde_json,1.0.150,Keep,JSON protocol and persisted data representation. Routine patch update; no custom parser.,api@0.1.0; axum@0.8.9; jsonwebtoken@10.4.0; posthog-rs@0.24.0; reqwest@0.12.28; reqwest@0.13.4; schemars@1.2.2; scope-api-contract@0.1.0; scope-cache-contract@0.1.0; scope-cache-domain@0.1.0; scope-cache-service@0.1.0; scope-domain@0.1.0; scope-media-storage@0.1.0; scope-media-worker@0.1.0; scope-postgres@0.1.0; scope-product-analytics@0.1.0; scope-runner-runtime@0.1.0; scope-service-runtime@0.1.0; sea-orm@1.1.20; sea-query-binder@0.7.0; sea-query@0.32.7; sqlx-core@0.8.6; sqlx-macros-core@0.8.6; sqlx-postgres@0.8.6; worker@0.1.0,,No OSV match on audit date; not a safety guarantee
Cargo.lock,serde_path_to_error,0.1.20,Keep through owner,Lockfile dependency; evaluate through listed parents. Optional/target entries are not proof of production inclusion.,axum@0.8.9,,No OSV match on audit date; not a safety guarantee
Cargo.lock,serde_urlencoded,0.7.1,Keep through owner,Lockfile dependency; evaluate through listed parents. Optional/target entries are not proof of production inclusion.,axum@0.8.9; reqwest@0.12.28; sqlx-sqlite@0.8.6,,No OSV match on audit date; not a safety guarantee
Cargo.lock,sha1,0.10.6,Keep,Git object identity requires this algorithm today. First take the maintained 0.10.7 patch; consider 0.11 with the crypto family. Do not confuse a library upgrade with changing repository object format.,api@0.1.0; posthog-rs@0.24.0; scope-domain@0.1.0; sqlx-mysql@0.8.6,,No OSV match on audit date; not a safety guarantee
Cargo.lock,sha1,0.11.0,Keep,Git object identity requires this algorithm today. First take the maintained 0.10.7 patch; consider 0.11 with the crypto family. Do not confuse a library upgrade with changing repository object format.,aws-smithy-checksums@0.65.0,,No OSV match on audit date; not a safety guarantee
Cargo.lock,sha2,0.10.9,Keep,"Content integrity, cache IDs and authenticated derivations. Coordinate 0.11 with hmac/AEAD and golden fixtures. Library upgrades must preserve existing byte-level formats.",api@0.1.0; ed25519-dalek@2.2.0; jsonwebtoken@10.4.0; p256@0.13.2; p384@0.13.1; scope-cache-service@0.1.0; scope-domain@0.1.0; scope-git-storage@0.1.0; scope-media-service@0.1.0; scope-media-storage@0.1.0; scope-media-worker@0.1.0; scope-object-store@0.1.0; scope-postgres@0.1.0; scope-repo-router@0.1.0; scope-runner-runtime@0.1.0; sqlx-core@0.8.6; sqlx-macros-core@0.8.6; sqlx-mysql@0.8.6; sqlx-postgres@0.8.6; worker@0.1.0,,No OSV match on audit date; not a safety guarantee
Cargo.lock,sha2,0.11.0,Keep,"Content integrity, cache IDs and authenticated derivations. Coordinate 0.11 with hmac/AEAD and golden fixtures. Library upgrades must preserve existing byte-level formats.",aws-sdk-s3@1.144.0; aws-sigv4@1.5.1; aws-smithy-checksums@0.65.0,,No OSV match on audit date; not a safety guarantee
Cargo.lock,sharded-slab,0.1.7,Keep through owner,Lockfile dependency; evaluate through listed parents. Optional/target entries are not proof of production inclusion.,tracing-subscriber@0.3.23,,No OSV match on audit date; not a safety guarantee
Cargo.lock,shlex,2.0.1,Keep through owner,Lockfile dependency; evaluate through listed parents. Optional/target entries are not proof of production inclusion.,cc@1.2.65,,No OSV match on audit date; not a safety guarantee
Cargo.lock,signal-hook-registry,1.4.8,Keep through owner,Lockfile dependency; evaluate through listed parents. Optional/target entries are not proof of production inclusion.,tokio@1.52.3,,No OSV match on audit date; not a safety guarantee
Cargo.lock,signature,2.2.0,Keep through owner,Lockfile dependency; evaluate through listed parents. Optional/target entries are not proof of production inclusion.,ecdsa@0.16.9; ed25519@2.2.3; jsonwebtoken@10.4.0; rsa@0.9.10,,No OSV match on audit date; not a safety guarantee
Cargo.lock,simd-adler32,0.3.9,Keep through owner,Lockfile dependency; evaluate through listed parents. Optional/target entries are not proof of production inclusion.,miniz_oxide@0.8.9,,No OSV match on audit date; not a safety guarantee
Cargo.lock,simd_cesu8,1.2.0,Keep through owner,Lockfile dependency; evaluate through listed parents. Optional/target entries are not proof of production inclusion.,jni-macros@0.22.4; jni@0.22.4,,No OSV match on audit date; not a safety guarantee
Cargo.lock,simdutf8,0.1.5,Keep through owner,Lockfile dependency; evaluate through listed parents. Optional/target entries are not proof of production inclusion.,simd_cesu8@1.2.0,,No OSV match on audit date; not a safety guarantee
Cargo.lock,simple_asn1,0.6.4,Keep through owner,Lockfile dependency; evaluate through listed parents. Optional/target entries are not proof of production inclusion.,jsonwebtoken@10.4.0,,No OSV match on audit date; not a safety guarantee
Cargo.lock,slab,0.4.12,Keep through owner,Lockfile dependency; evaluate through listed parents. Optional/target entries are not proof of production inclusion.,futures-util@0.3.32; h2@0.3.27; h2@0.4.19; quinn-proto@0.11.15,,No OSV match on audit date; not a safety guarantee
Cargo.lock,smallvec,1.15.2,Keep through owner,Lockfile dependency; evaluate through listed parents. Optional/target entries are not proof of production inclusion.,hyper@1.10.1; icu_normalizer@2.2.0; idna@1.1.0; num-bigint-dig@0.8.6; parking_lot_core@0.9.12; sqlx-core@0.8.6; sqlx-mysql@0.8.6; sqlx-postgres@0.8.6; tracing-subscriber@0.3.23,,No OSV match on audit date; not a safety guarantee
Cargo.lock,socket2,0.5.10,Keep through owner,Lockfile dependency; evaluate through listed parents. Optional/target entries are not proof of production inclusion.,hyper-util@0.1.20; hyper@0.14.32; quinn-udp@0.5.14; quinn@0.11.11,,No OSV match on audit date; not a safety guarantee
Cargo.lock,socket2,0.6.4,Keep through owner,Lockfile dependency; evaluate through listed parents. Optional/target entries are not proof of production inclusion.,tokio@1.52.3,,No OSV match on audit date; not a safety guarantee
Cargo.lock,spin,0.9.8,Keep through owner,Lockfile dependency; evaluate through listed parents. Optional/target entries are not proof of production inclusion.,flume@0.11.1; lazy_static@1.5.0,,No OSV match on audit date; not a safety guarantee
Cargo.lock,spin,0.10.1,Keep through owner,Lockfile dependency; evaluate through listed parents. Optional/target entries are not proof of production inclusion.,crc-fast@1.10.0,,No OSV match on audit date; not a safety guarantee
Cargo.lock,spki,0.7.3,Keep through owner,Lockfile dependency; evaluate through listed parents. Optional/target entries are not proof of production inclusion.,ecdsa@0.16.9; pkcs1@0.7.5; pkcs8@0.10.2; rsa@0.9.10,,No OSV match on audit date; not a safety guarantee
Cargo.lock,sqlx,0.8.6,Keep,"Direct use covers session-owned advisory locks, listeners and connection fencing beneath SeaORM. The same 0.8.6 driver is shared; it is not a second unrelated ORM. Update to 0.9 only with SeaORM 2.",scope-postgres@0.1.0; sea-orm-cli@1.1.20; sea-orm@1.1.20; sea-query-binder@0.7.0; sea-schema@0.16.2,,No OSV match on audit date; not a safety guarantee
Cargo.lock,sqlx-core,0.8.6,Keep through owner,Lockfile dependency; evaluate through listed parents. Optional/target entries are not proof of production inclusion.,sqlx-macros-core@0.8.6; sqlx-macros@0.8.6; sqlx-mysql@0.8.6; sqlx-postgres@0.8.6; sqlx-sqlite@0.8.6; sqlx@0.8.6,,No OSV match on audit date; not a safety guarantee
Cargo.lock,sqlx-macros,0.8.6,Keep through owner,Lockfile dependency; evaluate through listed parents. Optional/target entries are not proof of production inclusion.,sqlx@0.8.6,,No OSV match on audit date; not a safety guarantee
Cargo.lock,sqlx-macros-core,0.8.6,Keep through owner,Lockfile dependency; evaluate through listed parents. Optional/target entries are not proof of production inclusion.,sqlx-macros@0.8.6,,No OSV match on audit date; not a safety guarantee
Cargo.lock,sqlx-mysql,0.8.6,Keep through owner,Lockfile dependency; evaluate through listed parents. Optional/target entries are not proof of production inclusion.,sqlx-macros-core@0.8.6; sqlx@0.8.6,,No OSV match on audit date; not a safety guarantee
Cargo.lock,sqlx-postgres,0.8.6,Keep through owner,Lockfile dependency; evaluate through listed parents. Optional/target entries are not proof of production inclusion.,sqlx-macros-core@0.8.6; sqlx@0.8.6,,No OSV match on audit date; not a safety guarantee
Cargo.lock,sqlx-sqlite,0.8.6,Keep through owner,Lockfile dependency; evaluate through listed parents. Optional/target entries are not proof of production inclusion.,sqlx-macros-core@0.8.6; sqlx@0.8.6,,No OSV match on audit date; not a safety guarantee
Cargo.lock,stable_deref_trait,1.2.1,Keep through owner,Lockfile dependency; evaluate through listed parents. Optional/target entries are not proof of production inclusion.,yoke@0.8.3,,No OSV match on audit date; not a safety guarantee
Cargo.lock,static_assertions,1.1.0,Keep through owner,Lockfile dependency; evaluate through listed parents. Optional/target entries are not proof of production inclusion.,ouroboros@0.18.5,,No OSV match on audit date; not a safety guarantee
Cargo.lock,stringprep,0.1.5,Keep through owner,Lockfile dependency; evaluate through listed parents. Optional/target entries are not proof of production inclusion.,sqlx-mysql@0.8.6; sqlx-postgres@0.8.6,,No OSV match on audit date; not a safety guarantee
Cargo.lock,strsim,0.11.1,Keep through owner,Lockfile dependency; evaluate through listed parents. Optional/target entries are not proof of production inclusion.,darling_core@0.20.11,,No OSV match on audit date; not a safety guarantee
Cargo.lock,strum,0.26.3,Keep through owner,Lockfile dependency; evaluate through listed parents. Optional/target entries are not proof of production inclusion.,sea-orm@1.1.20,,No OSV match on audit date; not a safety guarantee
Cargo.lock,subtle,2.6.1,Keep through owner,Lockfile dependency; evaluate through listed parents. Optional/target entries are not proof of production inclusion.,crypto-bigint@0.5.5; curve25519-dalek@4.1.3; digest@0.10.7; ed25519-dalek@2.2.0; elliptic-curve@0.13.8; ff@0.13.1; group@0.13.0; rfc6979@0.4.0; rsa@0.9.10; rustls@0.23.41; sec1@0.7.3; universal-hash@0.5.1,,No OSV match on audit date; not a safety guarantee
Cargo.lock,syn,2.0.118,Keep through owner,Lockfile dependency; evaluate through listed parents. Optional/target entries are not proof of production inclusion.,async-stream-impl@0.3.6; async-trait@0.1.89; aws-smithy-runtime-api-macros@1.1.0; curve25519-dalek-derive@0.1.1; darling_core@0.20.11; darling_macro@0.20.11; derive_builder_core@0.20.2; derive_builder_macro@0.20.2; derive_more-impl@2.1.1; displaydoc@0.2.6; futures-macro@0.3.32; inherent@1.0.13; jni-macros@0.22.4; jni-sys-macros@0.4.1; ouroboros_macro@0.18.5; proc-macro2-diagnostics@0.10.1; sea-bae@0.2.2; sea-orm-macros@1.1.20; sea-query-derive@0.4.3; sea-schema-derive@0.3.0; serde_derive@1.0.228; sqlx-macros-core@0.8.6; sqlx-macros@0.8.6; synstructure@0.13.2; thiserror-impl@2.0.18; tokio-macros@2.7.0; tracing-attributes@0.1.31; ts-rs-macros@12.0.1; wasm-bindgen-macro-support@0.2.126; windows-implement@0.60.2; windows-interface@0.59.3; yoke-derive@0.8.2; zerocopy-derive@0.8.52; zerofrom-derive@0.1.7; zeroize_derive@1.5.0; zerovec-derive@0.11.3,,No OSV match on audit date; not a safety guarantee
Cargo.lock,syn,3.0.4,Keep through owner,Lockfile dependency; evaluate through listed parents. Optional/target entries are not proof of production inclusion.,ref-cast-impl@1.0.27; schemars_derive@1.2.2; serde_derive_internals@0.30.0,,No OSV match on audit date; not a safety guarantee
Cargo.lock,sync_wrapper,1.0.2,Keep through owner,Lockfile dependency; evaluate through listed parents. Optional/target entries are not proof of production inclusion.,axum-core@0.5.6; axum@0.8.9; reqwest@0.12.28; reqwest@0.13.4; tower@0.5.3,,No OSV match on audit date; not a safety guarantee
Cargo.lock,synstructure,0.13.2,Keep through owner,Lockfile dependency; evaluate through listed parents. Optional/target entries are not proof of production inclusion.,yoke-derive@0.8.2; zerofrom-derive@0.1.7,,No OSV match on audit date; not a safety guarantee
Cargo.lock,tar,0.4.46,Keep,Cache archive reader/writer with many format and path edge cases. Existing 0.4.46 is current. Retain Scope extraction limits and path rules.,scope-runner-runtime@0.1.0,,No OSV match on audit date; not a safety guarantee
Cargo.lock,tempfile,3.27.0,Keep,Safe temporary files/directories used around untrusted data and subprocesses. Existing version is current. Avoid hand-rolled cleanup and name generation.,api@0.1.0; scope-git-process@0.1.0; scope-git-storage@0.1.0; scope-media-worker@0.1.0; scope-runner-runtime@0.1.0; worker@0.1.0,,No OSV match on audit date; not a safety guarantee
Cargo.lock,termcolor,1.4.1,Keep through owner,Lockfile dependency; evaluate through listed parents. Optional/target entries are not proof of production inclusion.,ts-rs-macros@12.0.1,,No OSV match on audit date; not a safety guarantee
Cargo.lock,thiserror,2.0.18,Keep,Domain and infrastructure error definitions. Routine patch update. Generated boilerplate is preferable to many manual Error/Display implementations.,jni@0.22.4; quinn-proto@0.11.15; quinn@0.11.11; scope-cache-domain@0.1.0; scope-domain@0.1.0; scope-git-process@0.1.0; scope-git-storage@0.1.0; scope-git@0.1.0; scope-media-storage@0.1.0; scope-media-worker@0.1.0; scope-postgres@0.1.0; scope-run-config@0.1.0; scope-service-runtime@0.1.0; sea-orm@1.1.20; sea-query-derive@0.4.3; simple_asn1@0.6.4; sqlx-core@0.8.6; sqlx-mysql@0.8.6; sqlx-postgres@0.8.6; sqlx-sqlite@0.8.6; ts-rs@12.0.1,,No OSV match on audit date; not a safety guarantee
Cargo.lock,thiserror-impl,2.0.18,Keep through owner,Lockfile dependency; evaluate through listed parents. Optional/target entries are not proof of production inclusion.,thiserror@2.0.18,,No OSV match on audit date; not a safety guarantee
Cargo.lock,thread_local,1.1.9,Keep through owner,Lockfile dependency; evaluate through listed parents. Optional/target entries are not proof of production inclusion.,tracing-subscriber@0.3.23,,No OSV match on audit date; not a safety guarantee
Cargo.lock,time,0.3.52,Keep,Parsing/formatting timestamps. Update both locks to 0.3.55. Prefer this existing time owner over introducing new direct chrono usage.,api@0.1.0; aws-config@1.11.0; aws-sigv4@1.5.1; aws-smithy-types@1.6.2; scope-postgres@0.1.0; sea-orm@1.1.20; simple_asn1@0.6.4,,No OSV match on audit date; not a safety guarantee
Cargo.lock,time-core,0.1.9,Keep through owner,Lockfile dependency; evaluate through listed parents. Optional/target entries are not proof of production inclusion.,time-macros@0.2.31; time@0.3.52,,No OSV match on audit date; not a safety guarantee
Cargo.lock,time-macros,0.2.31,Keep through owner,Lockfile dependency; evaluate through listed parents. Optional/target entries are not proof of production inclusion.,time@0.3.52,,No OSV match on audit date; not a safety guarantee
Cargo.lock,tinystr,0.8.3,Keep through owner,Lockfile dependency; evaluate through listed parents. Optional/target entries are not proof of production inclusion.,icu_locale_core@2.2.0,,No OSV match on audit date; not a safety guarantee
Cargo.lock,tinyvec,1.11.0,Keep through owner,Lockfile dependency; evaluate through listed parents. Optional/target entries are not proof of production inclusion.,quinn-proto@0.11.15; unicode-normalization@0.1.25,,No OSV match on audit date; not a safety guarantee
Cargo.lock,tinyvec_macros,0.1.1,Keep through owner,Lockfile dependency; evaluate through listed parents. Optional/target entries are not proof of production inclusion.,tinyvec@1.11.0,,No OSV match on audit date; not a safety guarantee
Cargo.lock,tokio,1.52.3,Keep,"Service runtime, process control, I/O and concurrency. Update to 1.53.1 with shutdown/cancellation checks. Reimplementing a runtime is outside Scope business logic.",api@0.1.0; async-compression@0.4.43; aws-config@1.11.0; aws-smithy-async@1.3.0; aws-smithy-http-client@1.4.0; aws-smithy-runtime-api@1.15.0; aws-smithy-runtime@1.14.0; aws-smithy-types@1.6.2; axum@0.8.9; h2@0.3.27; h2@0.4.19; hyper-rustls@0.24.2; hyper-rustls@0.27.9; hyper-util@0.1.20; hyper@0.14.32; hyper@1.10.1; posthog-rs@0.24.0; quinn@0.11.11; reqwest@0.12.28; reqwest@0.13.4; scope-cache-service@0.1.0; scope-git-process@0.1.0; scope-git-storage@0.1.0; scope-media-service@0.1.0; scope-media-storage@0.1.0; scope-media-worker@0.1.0; scope-object-store@0.1.0; scope-postgres@0.1.0; scope-repo-router@0.1.0; scope-service-runtime@0.1.0; sea-orm-cli@1.1.20; sqlx-core@0.8.6; sqlx-macros-core@0.8.6; tokio-rustls@0.24.1; tokio-rustls@0.26.4; tokio-stream@0.1.18; tokio-util@0.7.18; tower-http@0.6.11; tower@0.5.3; worker@0.1.0,,No OSV match on audit date; not a safety guarantee
Cargo.lock,tokio-macros,2.7.0,Keep through owner,Lockfile dependency; evaluate through listed parents. Optional/target entries are not proof of production inclusion.,tokio@1.52.3,,No OSV match on audit date; not a safety guarantee
Cargo.lock,tokio-rustls,0.24.1,Delete via feature cleanup,Temporary-manifest Cargo tree experiment removes this version when AWS legacy rustls features are disabled. Build/integration validation still required.,hyper-rustls@0.24.2,,No OSV match on audit date; not a safety guarantee
Cargo.lock,tokio-rustls,0.26.4,Keep through owner,Lockfile dependency; evaluate through listed parents. Optional/target entries are not proof of production inclusion.,aws-smithy-http-client@1.4.0; hyper-rustls@0.27.9; reqwest@0.12.28; reqwest@0.13.4,,No OSV match on audit date; not a safety guarantee
Cargo.lock,tokio-stream,0.1.18,Keep,"SSE and stream wrappers over Tokio channels/readers. Routine patch update. Removing it would duplicate small, already shared adapters.",api@0.1.0; scope-media-service@0.1.0; scope-media-storage@0.1.0; scope-repo-router@0.1.0; sqlx-core@0.8.6,,No OSV match on audit date; not a safety guarantee
Cargo.lock,tokio-util,0.7.18,Keep through owner,Lockfile dependency; evaluate through listed parents. Optional/target entries are not proof of production inclusion.,aws-smithy-types@1.6.2; h2@0.3.27; h2@0.4.19; reqwest@0.12.28; tokio-stream@0.1.18; tower-http@0.6.11,,No OSV match on audit date; not a safety guarantee
Cargo.lock,tower,0.5.3,Keep,Service utilities for route tests and framework behavior. Direct declarations are development-only. Remains an Axum dependency.,api@0.1.0; aws-smithy-http-client@1.4.0; axum@0.8.9; reqwest@0.12.28; reqwest@0.13.4; scope-cache-service@0.1.0; scope-media-service@0.1.0; scope-repo-router@0.1.0; tower-http@0.6.11,,No OSV match on audit date; not a safety guarantee
Cargo.lock,tower-http,0.6.11,Keep,CORS and tracing middleware. Stay on patched 0.6 until 0.7 compatibility is tested; do not rewrite HTTP policy middleware to save a transitive dependency.,api@0.1.0; reqwest@0.12.28; reqwest@0.13.4; scope-cache-service@0.1.0; scope-media-service@0.1.0,,No OSV match on audit date; not a safety guarantee
Cargo.lock,tower-layer,0.3.3,Keep through owner,Lockfile dependency; evaluate through listed parents. Optional/target entries are not proof of production inclusion.,axum-core@0.5.6; axum@0.8.9; tower-http@0.6.11; tower@0.5.3,,No OSV match on audit date; not a safety guarantee
Cargo.lock,tower-service,0.3.3,Keep through owner,Lockfile dependency; evaluate through listed parents. Optional/target entries are not proof of production inclusion.,axum-core@0.5.6; axum@0.8.9; hyper-rustls@0.27.9; hyper-util@0.1.20; hyper@0.14.32; reqwest@0.12.28; reqwest@0.13.4; tower-http@0.6.11; tower@0.5.3,,No OSV match on audit date; not a safety guarantee
Cargo.lock,tracing,0.1.44,Keep,Structured service diagnostics. Current version is current. Keep a single logging ecosystem.,api@0.1.0; aws-config@1.11.0; aws-runtime@1.9.1; aws-sdk-lambda@1.142.0; aws-sdk-s3@1.144.0; aws-sdk-sts@1.113.0; aws-sigv4@1.5.1; aws-smithy-checksums@0.65.0; aws-smithy-http-client@1.4.0; aws-smithy-http@0.64.0; aws-smithy-runtime-api@1.15.0; aws-smithy-runtime@1.14.0; aws-types@1.5.0; axum-core@0.5.6; axum@0.8.9; h2@0.3.27; h2@0.4.19; hyper-util@0.1.20; hyper@0.14.32; posthog-rs@0.24.0; quinn-proto@0.11.15; quinn-udp@0.5.14; quinn@0.11.11; scope-cache-service@0.1.0; scope-git-storage@0.1.0; scope-media-service@0.1.0; scope-media-worker@0.1.0; scope-postgres@0.1.0; scope-product-analytics@0.1.0; scope-repo-router@0.1.0; scope-service-runtime@0.1.0; sea-orm-cli@1.1.20; sea-orm-migration@1.1.20; sea-orm@1.1.20; sqlx-core@0.8.6; sqlx-mysql@0.8.6; sqlx-postgres@0.8.6; sqlx-sqlite@0.8.6; tower-http@0.6.11; tower@0.5.3; tracing-subscriber@0.3.23; worker@0.1.0,,No OSV match on audit date; not a safety guarantee
Cargo.lock,tracing-attributes,0.1.31,Keep through owner,Lockfile dependency; evaluate through listed parents. Optional/target entries are not proof of production inclusion.,tracing@0.1.44,,No OSV match on audit date; not a safety guarantee
Cargo.lock,tracing-core,0.1.36,Keep through owner,Lockfile dependency; evaluate through listed parents. Optional/target entries are not proof of production inclusion.,tracing-log@0.2.0; tracing-subscriber@0.3.23; tracing@0.1.44,,No OSV match on audit date; not a safety guarantee
Cargo.lock,tracing-log,0.2.0,Keep through owner,Lockfile dependency; evaluate through listed parents. Optional/target entries are not proof of production inclusion.,tracing-subscriber@0.3.23,,No OSV match on audit date; not a safety guarantee
Cargo.lock,tracing-subscriber,0.3.23,Keep,Centralized runtime log configuration. Existing version is current and used through scope-service-runtime.,api@0.1.0; scope-service-runtime@0.1.0; sea-orm-cli@1.1.20; sea-orm-migration@1.1.20,,No OSV match on audit date; not a safety guarantee
Cargo.lock,try-lock,0.2.5,Keep through owner,Lockfile dependency; evaluate through listed parents. Optional/target entries are not proof of production inclusion.,want@0.3.1,,No OSV match on audit date; not a safety guarantee
Cargo.lock,ts-rs,12.0.1,Keep,Generates TypeScript declarations from Rust contracts. Optional export feature is appropriate. Keep alongside Schemars/Ajv; static types do not validate network data.,api@0.1.0; scope-api-contract@0.1.0,,No OSV match on audit date; not a safety guarantee
Cargo.lock,ts-rs-macros,12.0.1,Keep through owner,Lockfile dependency; evaluate through listed parents. Optional/target entries are not proof of production inclusion.,ts-rs@12.0.1,,No OSV match on audit date; not a safety guarantee
Cargo.lock,typenum,1.20.1,Keep through owner,Lockfile dependency; evaluate through listed parents. Optional/target entries are not proof of production inclusion.,crypto-common@0.1.7; generic-array@0.14.7; hybrid-array@0.4.14,,No OSV match on audit date; not a safety guarantee
Cargo.lock,unicase,2.9.0,Keep through owner,Lockfile dependency; evaluate through listed parents. Optional/target entries are not proof of production inclusion.,pulldown-cmark@0.13.4,,No OSV match on audit date; not a safety guarantee
Cargo.lock,unicode-bidi,0.3.18,Keep through owner,Lockfile dependency; evaluate through listed parents. Optional/target entries are not proof of production inclusion.,stringprep@0.1.5,,No OSV match on audit date; not a safety guarantee
Cargo.lock,unicode-ident,1.0.24,Keep through owner,Lockfile dependency; evaluate through listed parents. Optional/target entries are not proof of production inclusion.,proc-macro2@1.0.106; sea-orm-macros@1.1.20; syn@2.0.118; syn@3.0.4; wasm-bindgen-shared@0.2.126,,No OSV match on audit date; not a safety guarantee
Cargo.lock,unicode-normalization,0.1.25,Keep through owner,Lockfile dependency; evaluate through listed parents. Optional/target entries are not proof of production inclusion.,stringprep@0.1.5,,No OSV match on audit date; not a safety guarantee
Cargo.lock,unicode-properties,0.1.4,Keep through owner,Lockfile dependency; evaluate through listed parents. Optional/target entries are not proof of production inclusion.,stringprep@0.1.5,,No OSV match on audit date; not a safety guarantee
Cargo.lock,unicode-xid,0.2.6,Keep through owner,Lockfile dependency; evaluate through listed parents. Optional/target entries are not proof of production inclusion.,derive_more-impl@2.1.1,,No OSV match on audit date; not a safety guarantee
Cargo.lock,universal-hash,0.5.1,Keep through owner,Lockfile dependency; evaluate through listed parents. Optional/target entries are not proof of production inclusion.,poly1305@0.8.0,,No OSV match on audit date; not a safety guarantee
Cargo.lock,untrusted,0.9.0,Keep through owner,Lockfile dependency; evaluate through listed parents. Optional/target entries are not proof of production inclusion.,ring@0.17.14; rustls-webpki@0.101.7; rustls-webpki@0.103.13; sct@0.7.1,,No OSV match on audit date; not a safety guarantee
Cargo.lock,url,2.5.8,Keep,Parses trust-sensitive origins and URLs. Current version is current. Do not substitute string splitting or regex.,api@0.1.0; aws-config@1.11.0; aws-sdk-s3@1.144.0; reqwest@0.12.28; reqwest@0.13.4; scope-domain@0.1.0; scope-media-service@0.1.0; scope-postgres@0.1.0; scope-service-runtime@0.1.0; sea-orm-cli@1.1.20; sea-orm@1.1.20; sqlx-core@0.8.6; sqlx-macros-core@0.8.6; sqlx-sqlite@0.8.6; tower-http@0.6.11,,No OSV match on audit date; not a safety guarantee
Cargo.lock,urlencoding,2.1.3,Keep through owner,Lockfile dependency; evaluate through listed parents. Optional/target entries are not proof of production inclusion.,aws-smithy-query@0.62.0,,No OSV match on audit date; not a safety guarantee
Cargo.lock,utf8_iter,1.0.4,Keep through owner,Lockfile dependency; evaluate through listed parents. Optional/target entries are not proof of production inclusion.,icu_collections@2.2.0; idna@1.1.0,,No OSV match on audit date; not a safety guarantee
Cargo.lock,uuid,1.23.4,Keep through owner,Lockfile dependency; evaluate through listed parents. Optional/target entries are not proof of production inclusion.,aws-runtime@1.9.1; posthog-rs@0.24.0; sea-orm@1.1.20,,No OSV match on audit date; not a safety guarantee
Cargo.lock,valuable,0.1.1,Keep through owner,Lockfile dependency; evaluate through listed parents. Optional/target entries are not proof of production inclusion.,tracing-core@0.1.36,,No OSV match on audit date; not a safety guarantee
Cargo.lock,vcpkg,0.2.15,Keep through owner,Lockfile dependency; evaluate through listed parents. Optional/target entries are not proof of production inclusion.,libsqlite3-sys@0.30.1,,No OSV match on audit date; not a safety guarantee
Cargo.lock,version_check,0.9.5,Keep through owner,Lockfile dependency; evaluate through listed parents. Optional/target entries are not proof of production inclusion.,generic-array@0.14.7; proc-macro2-diagnostics@0.10.1,,No OSV match on audit date; not a safety guarantee
Cargo.lock,vsimd,0.8.0,Keep through owner,Lockfile dependency; evaluate through listed parents. Optional/target entries are not proof of production inclusion.,base64-simd@0.8.0,,No OSV match on audit date; not a safety guarantee
Cargo.lock,walkdir,2.5.0,Keep through owner,Lockfile dependency; evaluate through listed parents. Optional/target entries are not proof of production inclusion.,jni@0.22.4,,No OSV match on audit date; not a safety guarantee
Cargo.lock,want,0.3.1,Keep through owner,Lockfile dependency; evaluate through listed parents. Optional/target entries are not proof of production inclusion.,hyper@0.14.32; hyper@1.10.1,,No OSV match on audit date; not a safety guarantee
Cargo.lock,wasi,0.11.1+wasi-snapshot-preview1,Keep through owner,Lockfile dependency; evaluate through listed parents. Optional/target entries are not proof of production inclusion.,getrandom@0.2.17; mio@1.2.1,,No OSV match on audit date; not a safety guarantee
Cargo.lock,wasip2,1.0.4+wasi-0.2.12,Keep through owner,Lockfile dependency; evaluate through listed parents. Optional/target entries are not proof of production inclusion.,getrandom@0.3.4,,No OSV match on audit date; not a safety guarantee
Cargo.lock,wasite,0.1.0,Keep through owner,Lockfile dependency; evaluate through listed parents. Optional/target entries are not proof of production inclusion.,whoami@1.6.1,,No OSV match on audit date; not a safety guarantee
Cargo.lock,wasm-bindgen,0.2.126,Keep through owner,Lockfile dependency; evaluate through listed parents. Optional/target entries are not proof of production inclusion.,chrono@0.4.45; getrandom@0.2.17; getrandom@0.3.4; iana-time-zone@0.1.65; js-sys@0.3.103; reqwest@0.12.28; reqwest@0.13.4; rust_decimal@1.42.1; uuid@1.23.4; wasm-bindgen-futures@0.4.76; wasm-streams@0.4.2; web-sys@0.3.103; web-time@1.1.0,,No OSV match on audit date; not a safety guarantee
Cargo.lock,wasm-bindgen-futures,0.4.76,Keep through owner,Lockfile dependency; evaluate through listed parents. Optional/target entries are not proof of production inclusion.,reqwest@0.12.28; reqwest@0.13.4; wasm-streams@0.4.2,,No OSV match on audit date; not a safety guarantee
Cargo.lock,wasm-bindgen-macro,0.2.126,Keep through owner,Lockfile dependency; evaluate through listed parents. Optional/target entries are not proof of production inclusion.,wasm-bindgen@0.2.126,,No OSV match on audit date; not a safety guarantee
Cargo.lock,wasm-bindgen-macro-support,0.2.126,Keep through owner,Lockfile dependency; evaluate through listed parents. Optional/target entries are not proof of production inclusion.,wasm-bindgen-macro@0.2.126,,No OSV match on audit date; not a safety guarantee
Cargo.lock,wasm-bindgen-shared,0.2.126,Keep through owner,Lockfile dependency; evaluate through listed parents. Optional/target entries are not proof of production inclusion.,wasm-bindgen-macro-support@0.2.126; wasm-bindgen@0.2.126,,No OSV match on audit date; not a safety guarantee
Cargo.lock,wasm-streams,0.4.2,Keep through owner,Lockfile dependency; evaluate through listed parents. Optional/target entries are not proof of production inclusion.,reqwest@0.12.28,,No OSV match on audit date; not a safety guarantee
Cargo.lock,web-sys,0.3.103,Keep through owner,Lockfile dependency; evaluate through listed parents. Optional/target entries are not proof of production inclusion.,reqwest@0.12.28; reqwest@0.13.4; wasm-streams@0.4.2,,No OSV match on audit date; not a safety guarantee
Cargo.lock,web-time,1.1.0,Keep through owner,Lockfile dependency; evaluate through listed parents. Optional/target entries are not proof of production inclusion.,quinn-proto@0.11.15; quinn@0.11.11; rustls-pki-types@1.15.0,,No OSV match on audit date; not a safety guarantee
Cargo.lock,webpki-root-certs,1.0.9,Keep through owner,Lockfile dependency; evaluate through listed parents. Optional/target entries are not proof of production inclusion.,rustls-platform-verifier@0.7.0,,No OSV match on audit date; not a safety guarantee
Cargo.lock,webpki-roots,0.26.11,Keep through owner,Lockfile dependency; evaluate through listed parents. Optional/target entries are not proof of production inclusion.,sqlx-core@0.8.6,,No OSV match on audit date; not a safety guarantee
Cargo.lock,webpki-roots,1.0.8,Keep through owner,Lockfile dependency; evaluate through listed parents. Optional/target entries are not proof of production inclusion.,hyper-rustls@0.27.9; reqwest@0.12.28; webpki-roots@0.26.11,,No OSV match on audit date; not a safety guarantee
Cargo.lock,whoami,1.6.1,Keep through owner,Lockfile dependency; evaluate through listed parents. Optional/target entries are not proof of production inclusion.,sqlx-mysql@0.8.6; sqlx-postgres@0.8.6,,No OSV match on audit date; not a safety guarantee
Cargo.lock,winapi,0.3.9,Keep through owner,Lockfile dependency; evaluate through listed parents. Optional/target entries are not proof of production inclusion.,mac_address@1.1.8,,No OSV match on audit date; not a safety guarantee
Cargo.lock,winapi-i686-pc-windows-gnu,0.4.0,Keep through owner,Lockfile dependency; evaluate through listed parents. Optional/target entries are not proof of production inclusion.,winapi@0.3.9,,No OSV match on audit date; not a safety guarantee
Cargo.lock,winapi-util,0.1.11,Keep through owner,Lockfile dependency; evaluate through listed parents. Optional/target entries are not proof of production inclusion.,same-file@1.0.6; termcolor@1.4.1; walkdir@2.5.0,,No OSV match on audit date; not a safety guarantee
Cargo.lock,winapi-x86_64-pc-windows-gnu,0.4.0,Keep through owner,Lockfile dependency; evaluate through listed parents. Optional/target entries are not proof of production inclusion.,winapi@0.3.9,,No OSV match on audit date; not a safety guarantee
Cargo.lock,windows-core,0.62.2,Keep through owner,Lockfile dependency; evaluate through listed parents. Optional/target entries are not proof of production inclusion.,iana-time-zone@0.1.65,,No OSV match on audit date; not a safety guarantee
Cargo.lock,windows-implement,0.60.2,Keep through owner,Lockfile dependency; evaluate through listed parents. Optional/target entries are not proof of production inclusion.,windows-core@0.62.2,,No OSV match on audit date; not a safety guarantee
Cargo.lock,windows-interface,0.59.3,Keep through owner,Lockfile dependency; evaluate through listed parents. Optional/target entries are not proof of production inclusion.,windows-core@0.62.2,,No OSV match on audit date; not a safety guarantee
Cargo.lock,windows-link,0.2.1,Keep through owner,Lockfile dependency; evaluate through listed parents. Optional/target entries are not proof of production inclusion.,chrono@0.4.45; jni@0.22.4; parking_lot_core@0.9.12; windows-core@0.62.2; windows-result@0.4.1; windows-strings@0.5.1; windows-sys@0.61.2,,No OSV match on audit date; not a safety guarantee
Cargo.lock,windows-result,0.4.1,Keep through owner,Lockfile dependency; evaluate through listed parents. Optional/target entries are not proof of production inclusion.,windows-core@0.62.2,,No OSV match on audit date; not a safety guarantee
Cargo.lock,windows-strings,0.5.1,Keep through owner,Lockfile dependency; evaluate through listed parents. Optional/target entries are not proof of production inclusion.,windows-core@0.62.2,,No OSV match on audit date; not a safety guarantee
Cargo.lock,windows-sys,0.48.0,Keep,Windows job objects and process cleanup. Existing 0.61.2 is current. Do not copy Windows ABI bindings.,etcetera@0.8.0; winapi-util@0.1.11,,No OSV match on audit date; not a safety guarantee
Cargo.lock,windows-sys,0.52.0,Keep,Windows job objects and process cleanup. Existing 0.61.2 is current. Do not copy Windows ABI bindings.,errno@0.3.14; quinn-udp@0.5.14; ring@0.17.14; rustix@1.1.4; rustls-platform-verifier@0.7.0; socket2@0.5.10; tempfile@3.27.0,,No OSV match on audit date; not a safety guarantee
Cargo.lock,windows-sys,0.61.2,Keep,Windows job objects and process cleanup. Existing 0.61.2 is current. Do not copy Windows ABI bindings.,home@0.5.12; mio@1.2.1; nu-ansi-term@0.50.3; os_info@3.15.0; schannel@0.1.29; socket2@0.6.4; tokio@1.52.3,,No OSV match on audit date; not a safety guarantee
Cargo.lock,windows-targets,0.48.5,Keep through owner,Lockfile dependency; evaluate through listed parents. Optional/target entries are not proof of production inclusion.,windows-sys@0.48.0,,No OSV match on audit date; not a safety guarantee
Cargo.lock,windows-targets,0.52.6,Keep through owner,Lockfile dependency; evaluate through listed parents. Optional/target entries are not proof of production inclusion.,windows-sys@0.52.0,,No OSV match on audit date; not a safety guarantee
Cargo.lock,windows_aarch64_gnullvm,0.48.5,Keep through owner,Lockfile dependency; evaluate through listed parents. Optional/target entries are not proof of production inclusion.,windows-targets@0.48.5,,No OSV match on audit date; not a safety guarantee
Cargo.lock,windows_aarch64_gnullvm,0.52.6,Keep through owner,Lockfile dependency; evaluate through listed parents. Optional/target entries are not proof of production inclusion.,windows-targets@0.52.6,,No OSV match on audit date; not a safety guarantee
Cargo.lock,windows_aarch64_msvc,0.48.5,Keep through owner,Lockfile dependency; evaluate through listed parents. Optional/target entries are not proof of production inclusion.,windows-targets@0.48.5,,No OSV match on audit date; not a safety guarantee
Cargo.lock,windows_aarch64_msvc,0.52.6,Keep through owner,Lockfile dependency; evaluate through listed parents. Optional/target entries are not proof of production inclusion.,windows-targets@0.52.6,,No OSV match on audit date; not a safety guarantee
Cargo.lock,windows_i686_gnu,0.48.5,Keep through owner,Lockfile dependency; evaluate through listed parents. Optional/target entries are not proof of production inclusion.,windows-targets@0.48.5,,No OSV match on audit date; not a safety guarantee
Cargo.lock,windows_i686_gnu,0.52.6,Keep through owner,Lockfile dependency; evaluate through listed parents. Optional/target entries are not proof of production inclusion.,windows-targets@0.52.6,,No OSV match on audit date; not a safety guarantee
Cargo.lock,windows_i686_gnullvm,0.52.6,Keep through owner,Lockfile dependency; evaluate through listed parents. Optional/target entries are not proof of production inclusion.,windows-targets@0.52.6,,No OSV match on audit date; not a safety guarantee
Cargo.lock,windows_i686_msvc,0.48.5,Keep through owner,Lockfile dependency; evaluate through listed parents. Optional/target entries are not proof of production inclusion.,windows-targets@0.48.5,,No OSV match on audit date; not a safety guarantee
Cargo.lock,windows_i686_msvc,0.52.6,Keep through owner,Lockfile dependency; evaluate through listed parents. Optional/target entries are not proof of production inclusion.,windows-targets@0.52.6,,No OSV match on audit date; not a safety guarantee
Cargo.lock,windows_x86_64_gnu,0.48.5,Keep through owner,Lockfile dependency; evaluate through listed parents. Optional/target entries are not proof of production inclusion.,windows-targets@0.48.5,,No OSV match on audit date; not a safety guarantee
Cargo.lock,windows_x86_64_gnu,0.52.6,Keep through owner,Lockfile dependency; evaluate through listed parents. Optional/target entries are not proof of production inclusion.,windows-targets@0.52.6,,No OSV match on audit date; not a safety guarantee
Cargo.lock,windows_x86_64_gnullvm,0.48.5,Keep through owner,Lockfile dependency; evaluate through listed parents. Optional/target entries are not proof of production inclusion.,windows-targets@0.48.5,,No OSV match on audit date; not a safety guarantee
Cargo.lock,windows_x86_64_gnullvm,0.52.6,Keep through owner,Lockfile dependency; evaluate through listed parents. Optional/target entries are not proof of production inclusion.,windows-targets@0.52.6,,No OSV match on audit date; not a safety guarantee
Cargo.lock,windows_x86_64_msvc,0.48.5,Keep through owner,Lockfile dependency; evaluate through listed parents. Optional/target entries are not proof of production inclusion.,windows-targets@0.48.5,,No OSV match on audit date; not a safety guarantee
Cargo.lock,windows_x86_64_msvc,0.52.6,Keep through owner,Lockfile dependency; evaluate through listed parents. Optional/target entries are not proof of production inclusion.,windows-targets@0.52.6,,No OSV match on audit date; not a safety guarantee
Cargo.lock,wit-bindgen,0.57.1,Keep through owner,Lockfile dependency; evaluate through listed parents. Optional/target entries are not proof of production inclusion.,wasip2@1.0.4+wasi-0.2.12,,No OSV match on audit date; not a safety guarantee
Cargo.lock,writeable,0.6.3,Keep through owner,Lockfile dependency; evaluate through listed parents. Optional/target entries are not proof of production inclusion.,icu_locale_core@2.2.0; icu_provider@2.2.0,,No OSV match on audit date; not a safety guarantee
Cargo.lock,xattr,1.6.1,Keep through owner,Lockfile dependency; evaluate through listed parents. Optional/target entries are not proof of production inclusion.,tar@0.4.46,,No OSV match on audit date; not a safety guarantee
Cargo.lock,xmlparser,0.13.6,Keep,Small-object S3 response parsing. Small parser with a narrow purpose. Do not replace XML tokenization with regex; reconsider only if this transport is retired.,aws-smithy-xml@0.62.0; scope-object-store@0.1.0,,No OSV match on audit date; not a safety guarantee
Cargo.lock,yaml_serde,0.10.4,Keep,Workflow configuration parser. Update to 0.10.7 and exercise malformed/aliased inputs and parser limits. Handwriting YAML is unjustified.,scope-run-config@0.1.0,,No OSV match on audit date; not a safety guarantee
Cargo.lock,yansi,1.0.1,Keep through owner,Lockfile dependency; evaluate through listed parents. Optional/target entries are not proof of production inclusion.,proc-macro2-diagnostics@0.10.1,,No OSV match on audit date; not a safety guarantee
Cargo.lock,yoke,0.8.3,Keep through owner,Lockfile dependency; evaluate through listed parents. Optional/target entries are not proof of production inclusion.,icu_collections@2.2.0; icu_provider@2.2.0; zerotrie@0.2.4; zerovec@0.11.6,,No OSV match on audit date; not a safety guarantee
Cargo.lock,yoke-derive,0.8.2,Keep through owner,Lockfile dependency; evaluate through listed parents. Optional/target entries are not proof of production inclusion.,yoke@0.8.3,,No OSV match on audit date; not a safety guarantee
Cargo.lock,zerocopy,0.8.52,Keep through owner,Lockfile dependency; evaluate through listed parents. Optional/target entries are not proof of production inclusion.,ppv-lite86@0.2.21,,No OSV match on audit date; not a safety guarantee
Cargo.lock,zerocopy-derive,0.8.52,Keep through owner,Lockfile dependency; evaluate through listed parents. Optional/target entries are not proof of production inclusion.,zerocopy@0.8.52,,No OSV match on audit date; not a safety guarantee
Cargo.lock,zerofrom,0.1.8,Keep through owner,Lockfile dependency; evaluate through listed parents. Optional/target entries are not proof of production inclusion.,icu_collections@2.2.0; icu_provider@2.2.0; yoke@0.8.3; zerotrie@0.2.4; zerovec@0.11.6,,No OSV match on audit date; not a safety guarantee
Cargo.lock,zerofrom-derive,0.1.7,Keep through owner,Lockfile dependency; evaluate through listed parents. Optional/target entries are not proof of production inclusion.,zerofrom@0.1.8,,No OSV match on audit date; not a safety guarantee
Cargo.lock,zeroize,1.9.0,Keep through owner,Lockfile dependency; evaluate through listed parents. Optional/target entries are not proof of production inclusion.,aws-credential-types@1.3.0; aws-lc-rs@1.18.0; aws-smithy-runtime-api@1.15.0; chacha20poly1305@0.10.1; cipher@0.4.4; crypto-bigint@0.5.5; curve25519-dalek@4.1.3; der@0.7.10; ed25519-dalek@2.2.0; elliptic-curve@0.13.8; generic-array@0.14.7; jsonwebtoken@10.4.0; num-bigint-dig@0.8.6; rsa@0.9.10; rustls-pki-types@1.15.0; rustls@0.23.41; sec1@0.7.3,,No OSV match on audit date; not a safety guarantee
Cargo.lock,zeroize_derive,1.5.0,Keep through owner,Lockfile dependency; evaluate through listed parents. Optional/target entries are not proof of production inclusion.,zeroize@1.9.0,,No OSV match on audit date; not a safety guarantee
Cargo.lock,zerotrie,0.2.4,Keep through owner,Lockfile dependency; evaluate through listed parents. Optional/target entries are not proof of production inclusion.,icu_properties@2.2.0; icu_provider@2.2.0,,No OSV match on audit date; not a safety guarantee
Cargo.lock,zerovec,0.11.6,Keep through owner,Lockfile dependency; evaluate through listed parents. Optional/target entries are not proof of production inclusion.,icu_collections@2.2.0; icu_locale_core@2.2.0; icu_normalizer@2.2.0; icu_properties@2.2.0; icu_provider@2.2.0; potential_utf@0.1.5; tinystr@0.8.3,,No OSV match on audit date; not a safety guarantee
Cargo.lock,zerovec-derive,0.11.3,Keep through owner,Lockfile dependency; evaluate through listed parents. Optional/target entries are not proof of production inclusion.,zerovec@0.11.6,,No OSV match on audit date; not a safety guarantee
Cargo.lock,zmij,1.0.21,Keep through owner,Lockfile dependency; evaluate through listed parents. Optional/target entries are not proof of production inclusion.,serde_json@1.0.150,,No OSV match on audit date; not a safety guarantee
Cargo.lock,zstd,0.13.3,Keep,Cache compression. Evaluate 0.14 with cache encode/decode and resource-limit fixtures. Do not reimplement compression.,scope-runner-runtime@0.1.0,,No OSV match on audit date; not a safety guarantee
Cargo.lock,zstd-safe,7.2.4,Keep through owner,Lockfile dependency; evaluate through listed parents. Optional/target entries are not proof of production inclusion.,zstd@0.13.3,,No OSV match on audit date; not a safety guarantee
Cargo.lock,zstd-sys,2.0.16+zstd.1.5.7,Keep through owner,Lockfile dependency; evaluate through listed parents. Optional/target entries are not proof of production inclusion.,zstd-safe@7.2.4,,No OSV match on audit date; not a safety guarantee
cli/Cargo.lock,allocator-api2,0.2.21,Keep through owner,Lockfile dependency; evaluate through listed parents. Optional/target entries are not proof of production inclusion.,hashbrown@0.16.1; hashbrown@0.17.1,,No OSV match on audit date; not a safety guarantee
cli/Cargo.lock,anstream,1.0.0,Keep through owner,Lockfile dependency; evaluate through listed parents. Optional/target entries are not proof of production inclusion.,clap_builder@4.6.0,,No OSV match on audit date; not a safety guarantee
cli/Cargo.lock,anstyle,1.0.14,Keep through owner,Lockfile dependency; evaluate through listed parents. Optional/target entries are not proof of production inclusion.,anstream@1.0.0; anstyle-wincon@3.0.11; clap_builder@4.6.0,,No OSV match on audit date; not a safety guarantee
cli/Cargo.lock,anstyle-parse,1.0.0,Keep through owner,Lockfile dependency; evaluate through listed parents. Optional/target entries are not proof of production inclusion.,anstream@1.0.0,,No OSV match on audit date; not a safety guarantee
cli/Cargo.lock,anstyle-query,1.1.5,Keep through owner,Lockfile dependency; evaluate through listed parents. Optional/target entries are not proof of production inclusion.,anstream@1.0.0,,No OSV match on audit date; not a safety guarantee
cli/Cargo.lock,anstyle-wincon,3.0.11,Keep through owner,Lockfile dependency; evaluate through listed parents. Optional/target entries are not proof of production inclusion.,anstream@1.0.0,,No OSV match on audit date; not a safety guarantee
cli/Cargo.lock,anyhow,1.0.102,Keep,Update both locks to 1.0.104. CLI is 1.0.102 and matches a downcast_mut unsoundness advisory; workspace is already 1.0.103. Error context is used throughout delivery code.,scope-cli@0.1.0,RUSTSEC-2026-0190,Review affected use and update parent/lock
cli/Cargo.lock,apple-native-keyring-store,1.0.0,Keep,Update to 1.0.2 after macOS login/logout tests. Use the OS credential store; do not replace keychain behavior with files or custom native bindings.,scope-cli@0.1.0,,No OSV match on audit date; not a safety guarantee
cli/Cargo.lock,approx,0.5.1,Keep through owner,Lockfile dependency; evaluate through listed parents. Optional/target entries are not proof of production inclusion.,palette@0.7.6,,No OSV match on audit date; not a safety guarantee
cli/Cargo.lock,atomic-waker,1.1.2,Keep through owner,Lockfile dependency; evaluate through listed parents. Optional/target entries are not proof of production inclusion.,hyper@1.10.1,,No OSV match on audit date; not a safety guarantee
cli/Cargo.lock,autocfg,1.5.1,Keep through owner,Lockfile dependency; evaluate through listed parents. Optional/target entries are not proof of production inclusion.,num-traits@0.2.19,,No OSV match on audit date; not a safety guarantee
cli/Cargo.lock,axum,0.8.9,Keep,"Shared HTTP routing, extraction and response layer for services and CLI callback server. Existing version is current. Rewriting would move framework work into product code.",scope-cli@0.1.0,,No OSV match on audit date; not a safety guarantee
cli/Cargo.lock,axum-core,0.5.6,Keep through owner,Lockfile dependency; evaluate through listed parents. Optional/target entries are not proof of production inclusion.,axum@0.8.9,,No OSV match on audit date; not a safety guarantee
cli/Cargo.lock,base64,0.22.1,Keep,Standard encoding used by storage and grants. Tiny compared with its caller graph. Stay on 0.22 until a deliberate 0.23 migration; no reason to maintain a codec.,hyper-util@0.1.20; reqwest@0.12.28,,No OSV match on audit date; not a safety guarantee
cli/Cargo.lock,bitflags,2.13.0,Keep through owner,Lockfile dependency; evaluate through listed parents. Optional/target entries are not proof of production inclusion.,crossterm@0.29.0; dispatch2@0.3.1; line-clipping@0.3.7; nix@0.31.3; objc2-foundation@0.3.2; pulldown-cmark@0.13.4; ratatui-core@0.1.2; ratatui-widgets@0.3.2; redox_syscall@0.5.18; rustix@1.1.4; security-framework@3.7.0; tower-http@0.6.11,,No OSV match on audit date; not a safety guarantee
cli/Cargo.lock,block-buffer,0.10.4,Keep through owner,Lockfile dependency; evaluate through listed parents. Optional/target entries are not proof of production inclusion.,digest@0.10.7,,No OSV match on audit date; not a safety guarantee
cli/Cargo.lock,block2,0.6.2,Keep through owner,Lockfile dependency; evaluate through listed parents. Optional/target entries are not proof of production inclusion.,dispatch2@0.3.1,,No OSV match on audit date; not a safety guarantee
cli/Cargo.lock,bumpalo,3.20.3,Keep through owner,Lockfile dependency; evaluate through listed parents. Optional/target entries are not proof of production inclusion.,wasm-bindgen-macro-support@0.2.126,,No OSV match on audit date; not a safety guarantee
cli/Cargo.lock,by_address,1.2.1,Keep through owner,Lockfile dependency; evaluate through listed parents. Optional/target entries are not proof of production inclusion.,palette_derive@0.7.6,,No OSV match on audit date; not a safety guarantee
cli/Cargo.lock,byteorder,1.5.0,Keep through owner,Lockfile dependency; evaluate through listed parents. Optional/target entries are not proof of production inclusion.,windows-native-keyring-store@1.1.0,,No OSV match on audit date; not a safety guarantee
cli/Cargo.lock,bytes,1.12.0,Keep,Shared buffers for HTTP and bounded storage streams. Update patch normally. Matches Tokio/Axum/AWS types and remains transitive regardless.,axum-core@0.5.6; axum@0.8.9; combine@4.6.7; http-body-util@0.1.3; http-body@1.0.1; http@1.4.2; hyper-util@0.1.20; hyper@1.10.1; quinn-proto@0.11.15; quinn@0.11.11; reqwest@0.12.28; tokio@1.52.3; tower-http@0.6.11,,No OSV match on audit date; not a safety guarantee
cli/Cargo.lock,castaway,0.2.4,Keep through owner,Lockfile dependency; evaluate through listed parents. Optional/target entries are not proof of production inclusion.,compact_str@0.9.1,,No OSV match on audit date; not a safety guarantee
cli/Cargo.lock,cc,1.2.65,Keep through owner,Lockfile dependency; evaluate through listed parents. Optional/target entries are not proof of production inclusion.,ring@0.17.14,,No OSV match on audit date; not a safety guarantee
cli/Cargo.lock,cfg-if,1.0.4,Keep through owner,Lockfile dependency; evaluate through listed parents. Optional/target entries are not proof of production inclusion.,compact_str@0.9.1; getrandom@0.2.17; getrandom@0.3.4; jni@0.22.4; js-sys@0.3.103; nix@0.31.3; parking_lot_core@0.9.12; ratatui-crossterm@0.1.2; ring@0.17.14; sha1@0.10.7; sha2@0.10.9; wasm-bindgen@0.2.126,,No OSV match on audit date; not a safety guarantee
cli/Cargo.lock,cfg_aliases,0.2.1,Keep through owner,Lockfile dependency; evaluate through listed parents. Optional/target entries are not proof of production inclusion.,nix@0.31.3; quinn-udp@0.5.14; quinn@0.11.11,,No OSV match on audit date; not a safety guarantee
cli/Cargo.lock,clap,4.6.1,Keep,"CLI command parsing, help and validation. Update patch with clap_complete. Reimplementing this mature interface would save little and increase maintenance.",clap_complete@4.6.9; scope-cli@0.1.0,,No OSV match on audit date; not a safety guarantee
cli/Cargo.lock,clap_builder,4.6.0,Keep through owner,Lockfile dependency; evaluate through listed parents. Optional/target entries are not proof of production inclusion.,clap@4.6.1,,No OSV match on audit date; not a safety guarantee
cli/Cargo.lock,clap_complete,4.6.9,Keep,Shell completion follows the Clap command model. Keep versions coordinated; hand-maintained completion scripts would duplicate the command schema.,scope-cli@0.1.0,,No OSV match on audit date; not a safety guarantee
cli/Cargo.lock,clap_derive,4.6.1,Keep through owner,Lockfile dependency; evaluate through listed parents. Optional/target entries are not proof of production inclusion.,clap@4.6.1,,No OSV match on audit date; not a safety guarantee
cli/Cargo.lock,clap_lex,1.1.0,Keep through owner,Lockfile dependency; evaluate through listed parents. Optional/target entries are not proof of production inclusion.,clap_builder@4.6.0,,No OSV match on audit date; not a safety guarantee
cli/Cargo.lock,colorchoice,1.0.5,Keep through owner,Lockfile dependency; evaluate through listed parents. Optional/target entries are not proof of production inclusion.,anstream@1.0.0,,No OSV match on audit date; not a safety guarantee
cli/Cargo.lock,combine,4.6.7,Keep through owner,Lockfile dependency; evaluate through listed parents. Optional/target entries are not proof of production inclusion.,jni@0.22.4,,No OSV match on audit date; not a safety guarantee
cli/Cargo.lock,compact_str,0.9.1,Keep through owner,Lockfile dependency; evaluate through listed parents. Optional/target entries are not proof of production inclusion.,ratatui-core@0.1.2,,No OSV match on audit date; not a safety guarantee
cli/Cargo.lock,convert_case,0.10.0,Keep through owner,Lockfile dependency; evaluate through listed parents. Optional/target entries are not proof of production inclusion.,derive_more-impl@2.1.1,,No OSV match on audit date; not a safety guarantee
cli/Cargo.lock,core-foundation,0.10.1,Keep through owner,Lockfile dependency; evaluate through listed parents. Optional/target entries are not proof of production inclusion.,security-framework@3.7.0; webbrowser@1.2.1,,No OSV match on audit date; not a safety guarantee
cli/Cargo.lock,core-foundation-sys,0.8.7,Keep through owner,Lockfile dependency; evaluate through listed parents. Optional/target entries are not proof of production inclusion.,core-foundation@0.10.1; security-framework-sys@2.17.0; security-framework@3.7.0,,No OSV match on audit date; not a safety guarantee
cli/Cargo.lock,cpufeatures,0.2.17,Keep through owner,Lockfile dependency; evaluate through listed parents. Optional/target entries are not proof of production inclusion.,sha1@0.10.7; sha2@0.10.9,,No OSV match on audit date; not a safety guarantee
cli/Cargo.lock,crossterm,0.29.0,Keep,"Terminal events, raw mode and cross-platform console handling. Shared with Ratatui. Keep the explicitly selected crossterm_0_29 backend.",ratatui-crossterm@0.1.2; scope-cli@0.1.0,,No OSV match on audit date; not a safety guarantee
cli/Cargo.lock,crossterm_winapi,0.9.1,Keep through owner,Lockfile dependency; evaluate through listed parents. Optional/target entries are not proof of production inclusion.,crossterm@0.29.0,,No OSV match on audit date; not a safety guarantee
cli/Cargo.lock,crypto-common,0.1.7,Keep through owner,Lockfile dependency; evaluate through listed parents. Optional/target entries are not proof of production inclusion.,digest@0.10.7,,No OSV match on audit date; not a safety guarantee
cli/Cargo.lock,ctrlc,3.5.2,Keep,Installs progress cancellation handling. Replacing it with Tokio signals would add async coordination to synchronous paths. Revisit only if that architecture changes.,scope-cli@0.1.0,,No OSV match on audit date; not a safety guarantee
cli/Cargo.lock,darling,0.23.0,Keep through owner,Lockfile dependency; evaluate through listed parents. Optional/target entries are not proof of production inclusion.,instability@0.3.12,,No OSV match on audit date; not a safety guarantee
cli/Cargo.lock,darling_core,0.23.0,Keep through owner,Lockfile dependency; evaluate through listed parents. Optional/target entries are not proof of production inclusion.,darling@0.23.0; darling_macro@0.23.0,,No OSV match on audit date; not a safety guarantee
cli/Cargo.lock,darling_macro,0.23.0,Keep through owner,Lockfile dependency; evaluate through listed parents. Optional/target entries are not proof of production inclusion.,darling@0.23.0,,No OSV match on audit date; not a safety guarantee
cli/Cargo.lock,deranged,0.5.8,Keep through owner,Lockfile dependency; evaluate through listed parents. Optional/target entries are not proof of production inclusion.,time@0.3.53,,No OSV match on audit date; not a safety guarantee
cli/Cargo.lock,derive_more,2.1.1,Keep through owner,Lockfile dependency; evaluate through listed parents. Optional/target entries are not proof of production inclusion.,crossterm@0.29.0,,No OSV match on audit date; not a safety guarantee
cli/Cargo.lock,derive_more-impl,2.1.1,Keep through owner,Lockfile dependency; evaluate through listed parents. Optional/target entries are not proof of production inclusion.,derive_more@2.1.1,,No OSV match on audit date; not a safety guarantee
cli/Cargo.lock,digest,0.10.7,Keep through owner,Lockfile dependency; evaluate through listed parents. Optional/target entries are not proof of production inclusion.,sha1@0.10.7; sha2@0.10.9,,No OSV match on audit date; not a safety guarantee
cli/Cargo.lock,dispatch2,0.3.1,Keep through owner,Lockfile dependency; evaluate through listed parents. Optional/target entries are not proof of production inclusion.,ctrlc@3.5.2,,No OSV match on audit date; not a safety guarantee
cli/Cargo.lock,displaydoc,0.2.6,Keep through owner,Lockfile dependency; evaluate through listed parents. Optional/target entries are not proof of production inclusion.,icu_collections@2.2.0; icu_locale_core@2.2.0; icu_provider@2.2.0; tinystr@0.8.3; zerotrie@0.2.4,,No OSV match on audit date; not a safety guarantee
cli/Cargo.lock,document-features,0.2.12,Keep through owner,Lockfile dependency; evaluate through listed parents. Optional/target entries are not proof of production inclusion.,crossterm@0.29.0,,No OSV match on audit date; not a safety guarantee
cli/Cargo.lock,either,1.16.0,Keep through owner,Lockfile dependency; evaluate through listed parents. Optional/target entries are not proof of production inclusion.,itertools@0.14.0,,No OSV match on audit date; not a safety guarantee
cli/Cargo.lock,equivalent,1.0.2,Keep through owner,Lockfile dependency; evaluate through listed parents. Optional/target entries are not proof of production inclusion.,hashbrown@0.16.1; hashbrown@0.17.1,,No OSV match on audit date; not a safety guarantee
cli/Cargo.lock,errno,0.3.14,Keep through owner,Lockfile dependency; evaluate through listed parents. Optional/target entries are not proof of production inclusion.,rustix@1.1.4; signal-hook-registry@1.4.8,,No OSV match on audit date; not a safety guarantee
cli/Cargo.lock,fast-srgb8,1.0.0,Keep through owner,Lockfile dependency; evaluate through listed parents. Optional/target entries are not proof of production inclusion.,palette@0.7.6,,No OSV match on audit date; not a safety guarantee
cli/Cargo.lock,fastrand,2.5.0,Keep through owner,Lockfile dependency; evaluate through listed parents. Optional/target entries are not proof of production inclusion.,tempfile@3.27.0,,No OSV match on audit date; not a safety guarantee
cli/Cargo.lock,find-msvc-tools,0.1.9,Keep through owner,Lockfile dependency; evaluate through listed parents. Optional/target entries are not proof of production inclusion.,cc@1.2.65,,No OSV match on audit date; not a safety guarantee
cli/Cargo.lock,foldhash,0.2.0,Keep through owner,Lockfile dependency; evaluate through listed parents. Optional/target entries are not proof of production inclusion.,hashbrown@0.16.1; hashbrown@0.17.1,,No OSV match on audit date; not a safety guarantee
cli/Cargo.lock,form_urlencoded,1.2.2,Keep through owner,Lockfile dependency; evaluate through listed parents. Optional/target entries are not proof of production inclusion.,axum@0.8.9; serde_urlencoded@0.7.1; url@2.5.8,,No OSV match on audit date; not a safety guarantee
cli/Cargo.lock,futures-channel,0.3.32,Keep through owner,Lockfile dependency; evaluate through listed parents. Optional/target entries are not proof of production inclusion.,hyper-util@0.1.20; hyper@1.10.1; reqwest@0.12.28,,No OSV match on audit date; not a safety guarantee
cli/Cargo.lock,futures-core,0.3.32,Keep through owner,Lockfile dependency; evaluate through listed parents. Optional/target entries are not proof of production inclusion.,axum-core@0.5.6; futures-channel@0.3.32; futures-util@0.3.32; http-body-util@0.1.3; hyper@1.10.1; reqwest@0.12.28; sync_wrapper@1.0.2; tower@0.5.3,,No OSV match on audit date; not a safety guarantee
cli/Cargo.lock,futures-io,0.3.32,Keep through owner,Lockfile dependency; evaluate through listed parents. Optional/target entries are not proof of production inclusion.,futures-util@0.3.32,,No OSV match on audit date; not a safety guarantee
cli/Cargo.lock,futures-sink,0.3.32,Keep through owner,Lockfile dependency; evaluate through listed parents. Optional/target entries are not proof of production inclusion.,futures-channel@0.3.32; futures-util@0.3.32,,No OSV match on audit date; not a safety guarantee
cli/Cargo.lock,futures-task,0.3.32,Keep through owner,Lockfile dependency; evaluate through listed parents. Optional/target entries are not proof of production inclusion.,futures-util@0.3.32,,No OSV match on audit date; not a safety guarantee
cli/Cargo.lock,futures-util,0.3.32,Keep,"Stream/future adapters in API and cache service, already default-features=false. Update patch; removing its direct declaration would not remove its framework consumers.",axum@0.8.9; hyper-util@0.1.20; js-sys@0.3.103; reqwest@0.12.28; tower-http@0.6.11; tower@0.5.3,,No OSV match on audit date; not a safety guarantee
cli/Cargo.lock,generic-array,0.14.7,Keep through owner,Lockfile dependency; evaluate through listed parents. Optional/target entries are not proof of production inclusion.,block-buffer@0.10.4; crypto-common@0.1.7,,No OSV match on audit date; not a safety guarantee
cli/Cargo.lock,getrandom,0.2.17,Keep,"Operating-system randomness for IDs, nonces and credentials. Consider 0.4 with a full target-matrix check. Older copies remain through unrelated crypto crates, so do not claim complete deduplication.",ring@0.17.14,,No OSV match on audit date; not a safety guarantee
cli/Cargo.lock,getrandom,0.3.4,Keep,"Operating-system randomness for IDs, nonces and credentials. Consider 0.4 with a full target-matrix check. Older copies remain through unrelated crypto crates, so do not claim complete deduplication.",quinn-proto@0.11.15; rand_core@0.9.5; scope-cli@0.1.0; tempfile@3.27.0,,No OSV match on audit date; not a safety guarantee
cli/Cargo.lock,hashbrown,0.16.1,Keep through owner,Lockfile dependency; evaluate through listed parents. Optional/target entries are not proof of production inclusion.,kasuari@0.4.12,,No OSV match on audit date; not a safety guarantee
cli/Cargo.lock,hashbrown,0.17.1,Keep through owner,Lockfile dependency; evaluate through listed parents. Optional/target entries are not proof of production inclusion.,lru@0.18.0; ratatui-core@0.1.2; ratatui-widgets@0.3.2,,No OSV match on audit date; not a safety guarantee
cli/Cargo.lock,heck,0.5.0,Keep through owner,Lockfile dependency; evaluate through listed parents. Optional/target entries are not proof of production inclusion.,clap_derive@4.6.1; strum_macros@0.28.0,,No OSV match on audit date; not a safety guarantee
cli/Cargo.lock,hex,0.4.3,Keep,"Used across domain, Git IDs and storage. A homegrown encoder is possible but provides negligible value and leaves transitive hex consumers.",scope-cli@0.1.0; scope-domain@0.1.0,,No OSV match on audit date; not a safety guarantee
cli/Cargo.lock,http,1.4.2,Keep,HTTP request types used by API and signing. Align API declaration with workspace and update to 1.5.0. Removing a declaration will not remove the shared type crate.,axum-core@0.5.6; axum@0.8.9; http-body-util@0.1.3; http-body@1.0.1; hyper-rustls@0.27.9; hyper-util@0.1.20; hyper@1.10.1; reqwest@0.12.28; tower-http@0.6.11,,No OSV match on audit date; not a safety guarantee
cli/Cargo.lock,http-body,1.0.1,Keep through owner,Lockfile dependency; evaluate through listed parents. Optional/target entries are not proof of production inclusion.,axum-core@0.5.6; axum@0.8.9; http-body-util@0.1.3; hyper-util@0.1.20; hyper@1.10.1; reqwest@0.12.28; tower-http@0.6.11,,No OSV match on audit date; not a safety guarantee
cli/Cargo.lock,http-body-util,0.1.3,Keep through owner,Lockfile dependency; evaluate through listed parents. Optional/target entries are not proof of production inclusion.,axum-core@0.5.6; axum@0.8.9; reqwest@0.12.28,,No OSV match on audit date; not a safety guarantee
cli/Cargo.lock,httparse,1.10.1,Keep through owner,Lockfile dependency; evaluate through listed parents. Optional/target entries are not proof of production inclusion.,hyper@1.10.1,,No OSV match on audit date; not a safety guarantee
cli/Cargo.lock,httpdate,1.0.3,Keep through owner,Lockfile dependency; evaluate through listed parents. Optional/target entries are not proof of production inclusion.,hyper@1.10.1,,No OSV match on audit date; not a safety guarantee
cli/Cargo.lock,hyper,1.10.1,Keep through owner,Lockfile dependency; evaluate through listed parents. Optional/target entries are not proof of production inclusion.,axum@0.8.9; hyper-rustls@0.27.9; hyper-util@0.1.20; reqwest@0.12.28,,No OSV match on audit date; not a safety guarantee
cli/Cargo.lock,hyper-rustls,0.27.9,Keep through owner,Lockfile dependency; evaluate through listed parents. Optional/target entries are not proof of production inclusion.,reqwest@0.12.28,,No OSV match on audit date; not a safety guarantee
cli/Cargo.lock,hyper-util,0.1.20,Keep through owner,Lockfile dependency; evaluate through listed parents. Optional/target entries are not proof of production inclusion.,axum@0.8.9; hyper-rustls@0.27.9; reqwest@0.12.28,,No OSV match on audit date; not a safety guarantee
cli/Cargo.lock,icu_collections,2.2.0,Keep through owner,Lockfile dependency; evaluate through listed parents. Optional/target entries are not proof of production inclusion.,icu_normalizer@2.2.0; icu_properties@2.2.0,,No OSV match on audit date; not a safety guarantee
cli/Cargo.lock,icu_locale_core,2.2.0,Keep through owner,Lockfile dependency; evaluate through listed parents. Optional/target entries are not proof of production inclusion.,icu_properties@2.2.0; icu_provider@2.2.0,,No OSV match on audit date; not a safety guarantee
cli/Cargo.lock,icu_normalizer,2.2.0,Keep through owner,Lockfile dependency; evaluate through listed parents. Optional/target entries are not proof of production inclusion.,idna_adapter@1.2.2,,No OSV match on audit date; not a safety guarantee
cli/Cargo.lock,icu_normalizer_data,2.2.0,Keep through owner,Lockfile dependency; evaluate through listed parents. Optional/target entries are not proof of production inclusion.,icu_normalizer@2.2.0,,No OSV match on audit date; not a safety guarantee
cli/Cargo.lock,icu_properties,2.2.0,Keep through owner,Lockfile dependency; evaluate through listed parents. Optional/target entries are not proof of production inclusion.,icu_normalizer@2.2.0; idna_adapter@1.2.2,,No OSV match on audit date; not a safety guarantee
cli/Cargo.lock,icu_properties_data,2.2.0,Keep through owner,Lockfile dependency; evaluate through listed parents. Optional/target entries are not proof of production inclusion.,icu_properties@2.2.0,,No OSV match on audit date; not a safety guarantee
cli/Cargo.lock,icu_provider,2.2.0,Keep through owner,Lockfile dependency; evaluate through listed parents. Optional/target entries are not proof of production inclusion.,icu_normalizer@2.2.0; icu_properties@2.2.0,,No OSV match on audit date; not a safety guarantee
cli/Cargo.lock,ident_case,1.0.1,Keep through owner,Lockfile dependency; evaluate through listed parents. Optional/target entries are not proof of production inclusion.,darling_core@0.23.0,,No OSV match on audit date; not a safety guarantee
cli/Cargo.lock,idna,1.1.0,Keep through owner,Lockfile dependency; evaluate through listed parents. Optional/target entries are not proof of production inclusion.,url@2.5.8,,No OSV match on audit date; not a safety guarantee
cli/Cargo.lock,idna_adapter,1.2.2,Keep through owner,Lockfile dependency; evaluate through listed parents. Optional/target entries are not proof of production inclusion.,idna@1.1.0,,No OSV match on audit date; not a safety guarantee
cli/Cargo.lock,indoc,2.0.7,Keep through owner,Lockfile dependency; evaluate through listed parents. Optional/target entries are not proof of production inclusion.,instability@0.3.12; ratatui-widgets@0.3.2,,No OSV match on audit date; not a safety guarantee
cli/Cargo.lock,instability,0.3.12,Keep through owner,Lockfile dependency; evaluate through listed parents. Optional/target entries are not proof of production inclusion.,ratatui-crossterm@0.1.2; ratatui-widgets@0.3.2; ratatui@0.30.2,,No OSV match on audit date; not a safety guarantee
cli/Cargo.lock,ipnet,2.12.0,Keep through owner,Lockfile dependency; evaluate through listed parents. Optional/target entries are not proof of production inclusion.,hyper-util@0.1.20,,No OSV match on audit date; not a safety guarantee
cli/Cargo.lock,is_terminal_polyfill,1.70.2,Keep through owner,Lockfile dependency; evaluate through listed parents. Optional/target entries are not proof of production inclusion.,anstream@1.0.0,,No OSV match on audit date; not a safety guarantee
cli/Cargo.lock,itertools,0.14.0,Keep through owner,Lockfile dependency; evaluate through listed parents. Optional/target entries are not proof of production inclusion.,ratatui-core@0.1.2; ratatui-widgets@0.3.2; unicode-truncate@2.0.1,,No OSV match on audit date; not a safety guarantee
cli/Cargo.lock,itoa,1.0.18,Keep through owner,Lockfile dependency; evaluate through listed parents. Optional/target entries are not proof of production inclusion.,axum@0.8.9; compact_str@0.9.1; http@1.4.2; hyper@1.10.1; serde_json@1.0.150; serde_path_to_error@0.1.20; serde_urlencoded@0.7.1,,No OSV match on audit date; not a safety guarantee
cli/Cargo.lock,jni,0.22.4,Keep through owner,Lockfile dependency; evaluate through listed parents. Optional/target entries are not proof of production inclusion.,webbrowser@1.2.1,,No OSV match on audit date; not a safety guarantee
cli/Cargo.lock,jni-macros,0.22.4,Keep through owner,Lockfile dependency; evaluate through listed parents. Optional/target entries are not proof of production inclusion.,jni@0.22.4,,No OSV match on audit date; not a safety guarantee
cli/Cargo.lock,jni-sys,0.4.1,Keep through owner,Lockfile dependency; evaluate through listed parents. Optional/target entries are not proof of production inclusion.,jni@0.22.4,,No OSV match on audit date; not a safety guarantee
cli/Cargo.lock,jni-sys-macros,0.4.1,Keep through owner,Lockfile dependency; evaluate through listed parents. Optional/target entries are not proof of production inclusion.,jni-sys@0.4.1,,No OSV match on audit date; not a safety guarantee
cli/Cargo.lock,js-sys,0.3.103,Keep through owner,Lockfile dependency; evaluate through listed parents. Optional/target entries are not proof of production inclusion.,getrandom@0.2.17; getrandom@0.3.4; reqwest@0.12.28; wasm-bindgen-futures@0.4.76; web-sys@0.3.103; web-time@1.1.0,,No OSV match on audit date; not a safety guarantee
cli/Cargo.lock,kasuari,0.4.12,Keep through owner,Lockfile dependency; evaluate through listed parents. Optional/target entries are not proof of production inclusion.,ratatui-core@0.1.2,,No OSV match on audit date; not a safety guarantee
cli/Cargo.lock,keyring-core,1.0.0,Keep,Shared interface for native credential stores. Keep with the platform stores; it is not a duplicate of Scope session policy.,apple-native-keyring-store@1.0.0; scope-cli@0.1.0; windows-native-keyring-store@1.1.0,,No OSV match on audit date; not a safety guarantee
cli/Cargo.lock,libc,0.2.186,Keep,"Unix process groups, termination, filesystem and database process management. These are genuine OS interactions. Do not copy platform ABI declarations.",core-foundation@0.10.1; cpufeatures@0.2.17; dispatch2@0.3.1; errno@0.3.14; getrandom@0.2.17; getrandom@0.3.4; hyper-util@0.1.20; mio@1.2.1; nix@0.31.3; num_threads@0.1.7; parking_lot_core@0.9.12; quinn-udp@0.5.14; ring@0.17.14; rustix@1.1.4; scope-cli@0.1.0; security-framework-sys@2.17.0; security-framework@3.7.0; signal-hook-mio@0.2.5; signal-hook-registry@1.4.8; signal-hook@0.3.18; socket2@0.6.4; time@0.3.53; tokio@1.52.3,,No OSV match on audit date; not a safety guarantee
cli/Cargo.lock,libm,0.2.16,Keep through owner,Lockfile dependency; evaluate through listed parents. Optional/target entries are not proof of production inclusion.,palette@0.7.6,,No OSV match on audit date; not a safety guarantee
cli/Cargo.lock,line-clipping,0.3.7,Keep through owner,Lockfile dependency; evaluate through listed parents. Optional/target entries are not proof of production inclusion.,ratatui-widgets@0.3.2,,No OSV match on audit date; not a safety guarantee
cli/Cargo.lock,linux-raw-sys,0.12.1,Keep through owner,Lockfile dependency; evaluate through listed parents. Optional/target entries are not proof of production inclusion.,rustix@1.1.4,,No OSV match on audit date; not a safety guarantee
cli/Cargo.lock,litemap,0.8.2,Keep through owner,Lockfile dependency; evaluate through listed parents. Optional/target entries are not proof of production inclusion.,icu_locale_core@2.2.0,,No OSV match on audit date; not a safety guarantee
cli/Cargo.lock,litrs,1.0.0,Keep through owner,Lockfile dependency; evaluate through listed parents. Optional/target entries are not proof of production inclusion.,document-features@0.2.12,,No OSV match on audit date; not a safety guarantee
cli/Cargo.lock,lock_api,0.4.14,Keep through owner,Lockfile dependency; evaluate through listed parents. Optional/target entries are not proof of production inclusion.,parking_lot@0.12.5,,No OSV match on audit date; not a safety guarantee
cli/Cargo.lock,log,0.4.33,Keep through owner,Lockfile dependency; evaluate through listed parents. Optional/target entries are not proof of production inclusion.,apple-native-keyring-store@1.0.0; jni@0.22.4; keyring-core@1.0.0; mio@1.2.1; reqwest@0.12.28; tracing@0.1.44; webbrowser@1.2.1,,No OSV match on audit date; not a safety guarantee
cli/Cargo.lock,lru,0.18.0,Keep through owner,Lockfile dependency; evaluate through listed parents. Optional/target entries are not proof of production inclusion.,ratatui-core@0.1.2,RUSTSEC-2026-0253,Review affected use and update parent/lock
cli/Cargo.lock,lru-slab,0.1.2,Keep through owner,Lockfile dependency; evaluate through listed parents. Optional/target entries are not proof of production inclusion.,quinn-proto@0.11.15,,No OSV match on audit date; not a safety guarantee
cli/Cargo.lock,matchit,0.8.4,Keep through owner,Lockfile dependency; evaluate through listed parents. Optional/target entries are not proof of production inclusion.,axum@0.8.9,,No OSV match on audit date; not a safety guarantee
cli/Cargo.lock,memchr,2.8.2,Keep through owner,Lockfile dependency; evaluate through listed parents. Optional/target entries are not proof of production inclusion.,axum@0.8.9; combine@4.6.7; futures-util@0.3.32; pulldown-cmark@0.13.4; serde_json@1.0.150,,No OSV match on audit date; not a safety guarantee
cli/Cargo.lock,mime,0.3.17,Keep through owner,Lockfile dependency; evaluate through listed parents. Optional/target entries are not proof of production inclusion.,axum-core@0.5.6; axum@0.8.9,,No OSV match on audit date; not a safety guarantee
cli/Cargo.lock,mio,1.2.1,Keep through owner,Lockfile dependency; evaluate through listed parents. Optional/target entries are not proof of production inclusion.,crossterm@0.29.0; signal-hook-mio@0.2.5; tokio@1.52.3,,No OSV match on audit date; not a safety guarantee
cli/Cargo.lock,ndk-context,0.1.1,Keep through owner,Lockfile dependency; evaluate through listed parents. Optional/target entries are not proof of production inclusion.,webbrowser@1.2.1,,No OSV match on audit date; not a safety guarantee
cli/Cargo.lock,nix,0.31.3,Keep through owner,Lockfile dependency; evaluate through listed parents. Optional/target entries are not proof of production inclusion.,ctrlc@3.5.2,,No OSV match on audit date; not a safety guarantee
cli/Cargo.lock,num-conv,0.2.2,Keep through owner,Lockfile dependency; evaluate through listed parents. Optional/target entries are not proof of production inclusion.,time-macros@0.2.31; time@0.3.53,,No OSV match on audit date; not a safety guarantee
cli/Cargo.lock,num-traits,0.2.19,Keep through owner,Lockfile dependency; evaluate through listed parents. Optional/target entries are not proof of production inclusion.,approx@0.5.1,,No OSV match on audit date; not a safety guarantee
cli/Cargo.lock,num_threads,0.1.7,Keep through owner,Lockfile dependency; evaluate through listed parents. Optional/target entries are not proof of production inclusion.,time@0.3.53,,No OSV match on audit date; not a safety guarantee
cli/Cargo.lock,objc2,0.6.4,Keep through owner,Lockfile dependency; evaluate through listed parents. Optional/target entries are not proof of production inclusion.,block2@0.6.2; dispatch2@0.3.1; objc2-foundation@0.3.2; webbrowser@1.2.1,,No OSV match on audit date; not a safety guarantee
cli/Cargo.lock,objc2-encode,4.1.0,Keep through owner,Lockfile dependency; evaluate through listed parents. Optional/target entries are not proof of production inclusion.,objc2@0.6.4,,No OSV match on audit date; not a safety guarantee
cli/Cargo.lock,objc2-foundation,0.3.2,Keep through owner,Lockfile dependency; evaluate through listed parents. Optional/target entries are not proof of production inclusion.,webbrowser@1.2.1,,No OSV match on audit date; not a safety guarantee
cli/Cargo.lock,once_cell,1.21.4,Keep through owner,Lockfile dependency; evaluate through listed parents. Optional/target entries are not proof of production inclusion.,quinn-udp@0.5.14; rustls@0.23.41; tempfile@3.27.0; tracing-core@0.1.36; wasm-bindgen@0.2.126,,No OSV match on audit date; not a safety guarantee
cli/Cargo.lock,once_cell_polyfill,1.70.2,Keep through owner,Lockfile dependency; evaluate through listed parents. Optional/target entries are not proof of production inclusion.,anstyle-wincon@3.0.11,,No OSV match on audit date; not a safety guarantee
cli/Cargo.lock,palette,0.7.6,Keep through owner,Lockfile dependency; evaluate through listed parents. Optional/target entries are not proof of production inclusion.,ratatui-core@0.1.2,,No OSV match on audit date; not a safety guarantee
cli/Cargo.lock,palette_derive,0.7.6,Keep through owner,Lockfile dependency; evaluate through listed parents. Optional/target entries are not proof of production inclusion.,palette@0.7.6,,No OSV match on audit date; not a safety guarantee
cli/Cargo.lock,parking_lot,0.12.5,Keep through owner,Lockfile dependency; evaluate through listed parents. Optional/target entries are not proof of production inclusion.,crossterm@0.29.0,,No OSV match on audit date; not a safety guarantee
cli/Cargo.lock,parking_lot_core,0.9.12,Keep through owner,Lockfile dependency; evaluate through listed parents. Optional/target entries are not proof of production inclusion.,parking_lot@0.12.5,,No OSV match on audit date; not a safety guarantee
cli/Cargo.lock,percent-encoding,2.3.2,Keep through owner,Lockfile dependency; evaluate through listed parents. Optional/target entries are not proof of production inclusion.,axum@0.8.9; form_urlencoded@1.2.2; hyper-util@0.1.20; reqwest@0.12.28; url@2.5.8,,No OSV match on audit date; not a safety guarantee
cli/Cargo.lock,pin-project-lite,0.2.17,Keep through owner,Lockfile dependency; evaluate through listed parents. Optional/target entries are not proof of production inclusion.,axum-core@0.5.6; axum@0.8.9; futures-util@0.3.32; http-body-util@0.1.3; hyper-util@0.1.20; hyper@1.10.1; quinn@0.11.11; reqwest@0.12.28; tokio@1.52.3; tower-http@0.6.11; tower@0.5.3; tracing@0.1.44,,No OSV match on audit date; not a safety guarantee
cli/Cargo.lock,portable-atomic,1.13.1,Keep through owner,Lockfile dependency; evaluate through listed parents. Optional/target entries are not proof of production inclusion.,kasuari@0.4.12,,No OSV match on audit date; not a safety guarantee
cli/Cargo.lock,potential_utf,0.1.5,Keep through owner,Lockfile dependency; evaluate through listed parents. Optional/target entries are not proof of production inclusion.,icu_collections@2.2.0,,No OSV match on audit date; not a safety guarantee
cli/Cargo.lock,powerfmt,0.2.0,Keep through owner,Lockfile dependency; evaluate through listed parents. Optional/target entries are not proof of production inclusion.,time@0.3.53,,No OSV match on audit date; not a safety guarantee
cli/Cargo.lock,ppv-lite86,0.2.21,Keep through owner,Lockfile dependency; evaluate through listed parents. Optional/target entries are not proof of production inclusion.,rand_chacha@0.9.0,,No OSV match on audit date; not a safety guarantee
cli/Cargo.lock,proc-macro2,1.0.106,Keep through owner,Lockfile dependency; evaluate through listed parents. Optional/target entries are not proof of production inclusion.,clap_derive@4.6.1; darling_core@0.23.0; derive_more-impl@2.1.1; displaydoc@0.2.6; instability@0.3.12; jni-macros@0.22.4; palette_derive@0.7.6; quote@1.0.46; serde_derive@1.0.228; strum_macros@0.28.0; syn@2.0.118; synstructure@0.13.2; thiserror-impl@2.0.18; tokio-macros@2.7.0; wasm-bindgen-macro-support@0.2.126; yoke-derive@0.8.2; zerocopy-derive@0.8.52; zerofrom-derive@0.1.7; zerovec-derive@0.11.3,,No OSV match on audit date; not a safety guarantee
cli/Cargo.lock,pulldown-cmark,0.13.4,Keep,Server-side Markdown parsing for domain attachment/reference rules. Use a standards parser rather than regex. The browser Markdown implementation cannot replace a Rust server parser.,scope-domain@0.1.0,,No OSV match on audit date; not a safety guarantee
cli/Cargo.lock,quinn,0.11.11,Keep through owner,Lockfile dependency; evaluate through listed parents. Optional/target entries are not proof of production inclusion.,reqwest@0.12.28,,No OSV match on audit date; not a safety guarantee
cli/Cargo.lock,quinn-proto,0.11.15,Keep through owner,Lockfile dependency; evaluate through listed parents. Optional/target entries are not proof of production inclusion.,quinn@0.11.11,,No OSV match on audit date; not a safety guarantee
cli/Cargo.lock,quinn-udp,0.5.14,Keep through owner,Lockfile dependency; evaluate through listed parents. Optional/target entries are not proof of production inclusion.,quinn@0.11.11,,No OSV match on audit date; not a safety guarantee
cli/Cargo.lock,quote,1.0.46,Keep through owner,Lockfile dependency; evaluate through listed parents. Optional/target entries are not proof of production inclusion.,clap_derive@4.6.1; darling_core@0.23.0; darling_macro@0.23.0; derive_more-impl@2.1.1; displaydoc@0.2.6; instability@0.3.12; jni-macros@0.22.4; jni-sys-macros@0.4.1; palette_derive@0.7.6; serde_derive@1.0.228; strum_macros@0.28.0; syn@2.0.118; synstructure@0.13.2; thiserror-impl@2.0.18; tokio-macros@2.7.0; wasm-bindgen-macro-support@0.2.126; wasm-bindgen-macro@0.2.126; yoke-derive@0.8.2; zerocopy-derive@0.8.52; zerofrom-derive@0.1.7; zerovec-derive@0.11.3,,No OSV match on audit date; not a safety guarantee
cli/Cargo.lock,r-efi,5.3.0,Keep through owner,Lockfile dependency; evaluate through listed parents. Optional/target entries are not proof of production inclusion.,getrandom@0.3.4,,No OSV match on audit date; not a safety guarantee
cli/Cargo.lock,rand,0.9.4,Keep through owner,Lockfile dependency; evaluate through listed parents. Optional/target entries are not proof of production inclusion.,quinn-proto@0.11.15,,No OSV match on audit date; not a safety guarantee
cli/Cargo.lock,rand_chacha,0.9.0,Keep through owner,Lockfile dependency; evaluate through listed parents. Optional/target entries are not proof of production inclusion.,rand@0.9.4,,No OSV match on audit date; not a safety guarantee
cli/Cargo.lock,rand_core,0.9.5,Keep through owner,Lockfile dependency; evaluate through listed parents. Optional/target entries are not proof of production inclusion.,rand@0.9.4; rand_chacha@0.9.0,,No OSV match on audit date; not a safety guarantee
cli/Cargo.lock,ratatui,0.30.2,Keep,"Review TUI layout, rendering and widgets. The selected minimal terminal backend is appropriate. Rewriting terminal rendering is a large maintenance commitment.",scope-cli@0.1.0,,No OSV match on audit date; not a safety guarantee
cli/Cargo.lock,ratatui-core,0.1.2,Keep through owner,Lockfile dependency; evaluate through listed parents. Optional/target entries are not proof of production inclusion.,ratatui-crossterm@0.1.2; ratatui-widgets@0.3.2; ratatui@0.30.2,,No OSV match on audit date; not a safety guarantee
cli/Cargo.lock,ratatui-crossterm,0.1.2,Keep through owner,Lockfile dependency; evaluate through listed parents. Optional/target entries are not proof of production inclusion.,ratatui@0.30.2,,No OSV match on audit date; not a safety guarantee
cli/Cargo.lock,ratatui-widgets,0.3.2,Keep through owner,Lockfile dependency; evaluate through listed parents. Optional/target entries are not proof of production inclusion.,ratatui@0.30.2,,No OSV match on audit date; not a safety guarantee
cli/Cargo.lock,redox_syscall,0.5.18,Keep through owner,Lockfile dependency; evaluate through listed parents. Optional/target entries are not proof of production inclusion.,parking_lot_core@0.9.12,,No OSV match on audit date; not a safety guarantee
cli/Cargo.lock,reqwest,0.12.28,Keep,"HTTP, streaming and blocking clients across services and CLI. Move to 0.13.5 in a focused migration; rustls-tls becomes rustls. This can unify the direct client with PostHog while that SDK remains.",scope-cli@0.1.0,,No OSV match on audit date; not a safety guarantee
cli/Cargo.lock,ring,0.17.14,Keep through owner,Lockfile dependency; evaluate through listed parents. Optional/target entries are not proof of production inclusion.,quinn-proto@0.11.15; rustls-webpki@0.103.13; rustls@0.23.41,,No OSV match on audit date; not a safety guarantee
cli/Cargo.lock,rustc-hash,2.1.2,Keep through owner,Lockfile dependency; evaluate through listed parents. Optional/target entries are not proof of production inclusion.,quinn-proto@0.11.15; quinn@0.11.11,,No OSV match on audit date; not a safety guarantee
cli/Cargo.lock,rustc_version,0.4.1,Keep through owner,Lockfile dependency; evaluate through listed parents. Optional/target entries are not proof of production inclusion.,derive_more-impl@2.1.1; jni-macros@0.22.4; simd_cesu8@1.1.1,,No OSV match on audit date; not a safety guarantee
cli/Cargo.lock,rustix,1.1.4,Keep through owner,Lockfile dependency; evaluate through listed parents. Optional/target entries are not proof of production inclusion.,crossterm@0.29.0; tempfile@3.27.0,,No OSV match on audit date; not a safety guarantee
cli/Cargo.lock,rustls,0.23.41,Keep through owner,Lockfile dependency; evaluate through listed parents. Optional/target entries are not proof of production inclusion.,hyper-rustls@0.27.9; quinn-proto@0.11.15; quinn@0.11.11; reqwest@0.12.28; tokio-rustls@0.26.4,RUSTSEC-2026-0285,Review affected use and update parent/lock
cli/Cargo.lock,rustls-pki-types,1.14.1,Keep through owner,Lockfile dependency; evaluate through listed parents. Optional/target entries are not proof of production inclusion.,quinn-proto@0.11.15; reqwest@0.12.28; rustls-webpki@0.103.13; rustls@0.23.41; webpki-roots@1.0.8,,No OSV match on audit date; not a safety guarantee
cli/Cargo.lock,rustls-webpki,0.103.13,Keep through owner,Lockfile dependency; evaluate through listed parents. Optional/target entries are not proof of production inclusion.,rustls@0.23.41,,No OSV match on audit date; not a safety guarantee
cli/Cargo.lock,rustversion,1.0.22,Keep through owner,Lockfile dependency; evaluate through listed parents. Optional/target entries are not proof of production inclusion.,castaway@0.2.4; compact_str@0.9.1; indoc@2.0.7; wasm-bindgen@0.2.126,,No OSV match on audit date; not a safety guarantee
cli/Cargo.lock,ryu,1.0.23,Keep through owner,Lockfile dependency; evaluate through listed parents. Optional/target entries are not proof of production inclusion.,compact_str@0.9.1; serde_urlencoded@0.7.1,,No OSV match on audit date; not a safety guarantee
cli/Cargo.lock,same-file,1.0.6,Keep through owner,Lockfile dependency; evaluate through listed parents. Optional/target entries are not proof of production inclusion.,walkdir@2.5.0,,No OSV match on audit date; not a safety guarantee
cli/Cargo.lock,scopeguard,1.2.0,Keep through owner,Lockfile dependency; evaluate through listed parents. Optional/target entries are not proof of production inclusion.,lock_api@0.4.14,,No OSV match on audit date; not a safety guarantee
cli/Cargo.lock,security-framework,3.7.0,Keep through owner,Lockfile dependency; evaluate through listed parents. Optional/target entries are not proof of production inclusion.,apple-native-keyring-store@1.0.0,,No OSV match on audit date; not a safety guarantee
cli/Cargo.lock,security-framework-sys,2.17.0,Keep through owner,Lockfile dependency; evaluate through listed parents. Optional/target entries are not proof of production inclusion.,security-framework@3.7.0,,No OSV match on audit date; not a safety guarantee
cli/Cargo.lock,semver,1.0.28,Keep through owner,Lockfile dependency; evaluate through listed parents. Optional/target entries are not proof of production inclusion.,rustc_version@0.4.1,,No OSV match on audit date; not a safety guarantee
cli/Cargo.lock,serde,1.0.228,Keep,Shared typed serialization throughout the system. Routine patch update; replacing it would duplicate a central ecosystem contract.,ratatui-core@0.1.2; ratatui-widgets@0.3.2; ratatui@0.30.2; reqwest@0.12.28; scope-api-contract@0.1.0; scope-cli@0.1.0; scope-domain@0.1.0; serde_json@1.0.150; serde_path_to_error@0.1.20; serde_urlencoded@0.7.1; url@2.5.8,,No OSV match on audit date; not a safety guarantee
cli/Cargo.lock,serde_core,1.0.228,Keep through owner,Lockfile dependency; evaluate through listed parents. Optional/target entries are not proof of production inclusion.,axum@0.8.9; serde@1.0.228; serde_json@1.0.150; serde_path_to_error@0.1.20; time@0.3.53,,No OSV match on audit date; not a safety guarantee
cli/Cargo.lock,serde_derive,1.0.228,Keep through owner,Lockfile dependency; evaluate through listed parents. Optional/target entries are not proof of production inclusion.,serde@1.0.228; serde_core@1.0.228,,No OSV match on audit date; not a safety guarantee
cli/Cargo.lock,serde_json,1.0.150,Keep,JSON protocol and persisted data representation. Routine patch update; no custom parser.,axum@0.8.9; reqwest@0.12.28; scope-api-contract@0.1.0; scope-cli@0.1.0; scope-domain@0.1.0,,No OSV match on audit date; not a safety guarantee
cli/Cargo.lock,serde_path_to_error,0.1.20,Keep through owner,Lockfile dependency; evaluate through listed parents. Optional/target entries are not proof of production inclusion.,axum@0.8.9,,No OSV match on audit date; not a safety guarantee
cli/Cargo.lock,serde_urlencoded,0.7.1,Keep through owner,Lockfile dependency; evaluate through listed parents. Optional/target entries are not proof of production inclusion.,axum@0.8.9; reqwest@0.12.28,,No OSV match on audit date; not a safety guarantee
cli/Cargo.lock,sha1,0.10.7,Keep,Git object identity requires this algorithm today. First take the maintained 0.10.7 patch; consider 0.11 with the crypto family. Do not confuse a library upgrade with changing repository object format.,scope-domain@0.1.0,,No OSV match on audit date; not a safety guarantee
cli/Cargo.lock,sha2,0.10.9,Keep,"Content integrity, cache IDs and authenticated derivations. Coordinate 0.11 with hmac/AEAD and golden fixtures. Library upgrades must preserve existing byte-level formats.",scope-cli@0.1.0; scope-domain@0.1.0,,No OSV match on audit date; not a safety guarantee
cli/Cargo.lock,shlex,2.0.1,Keep through owner,Lockfile dependency; evaluate through listed parents. Optional/target entries are not proof of production inclusion.,cc@1.2.65,,No OSV match on audit date; not a safety guarantee
cli/Cargo.lock,signal-hook,0.3.18,Keep through owner,Lockfile dependency; evaluate through listed parents. Optional/target entries are not proof of production inclusion.,crossterm@0.29.0; signal-hook-mio@0.2.5,,No OSV match on audit date; not a safety guarantee
cli/Cargo.lock,signal-hook-mio,0.2.5,Keep through owner,Lockfile dependency; evaluate through listed parents. Optional/target entries are not proof of production inclusion.,crossterm@0.29.0,,No OSV match on audit date; not a safety guarantee
cli/Cargo.lock,signal-hook-registry,1.4.8,Keep through owner,Lockfile dependency; evaluate through listed parents. Optional/target entries are not proof of production inclusion.,signal-hook@0.3.18,,No OSV match on audit date; not a safety guarantee
cli/Cargo.lock,simd_cesu8,1.1.1,Keep through owner,Lockfile dependency; evaluate through listed parents. Optional/target entries are not proof of production inclusion.,jni-macros@0.22.4; jni@0.22.4,,No OSV match on audit date; not a safety guarantee
cli/Cargo.lock,simdutf8,0.1.5,Keep through owner,Lockfile dependency; evaluate through listed parents. Optional/target entries are not proof of production inclusion.,simd_cesu8@1.1.1,,No OSV match on audit date; not a safety guarantee
cli/Cargo.lock,slab,0.4.12,Keep through owner,Lockfile dependency; evaluate through listed parents. Optional/target entries are not proof of production inclusion.,futures-util@0.3.32; quinn-proto@0.11.15,,No OSV match on audit date; not a safety guarantee
cli/Cargo.lock,smallvec,1.15.2,Keep through owner,Lockfile dependency; evaluate through listed parents. Optional/target entries are not proof of production inclusion.,hyper@1.10.1; icu_normalizer@2.2.0; idna@1.1.0; parking_lot_core@0.9.12,,No OSV match on audit date; not a safety guarantee
cli/Cargo.lock,socket2,0.6.4,Keep through owner,Lockfile dependency; evaluate through listed parents. Optional/target entries are not proof of production inclusion.,hyper-util@0.1.20; quinn-udp@0.5.14; quinn@0.11.11; tokio@1.52.3,,No OSV match on audit date; not a safety guarantee
cli/Cargo.lock,stable_deref_trait,1.2.1,Keep through owner,Lockfile dependency; evaluate through listed parents. Optional/target entries are not proof of production inclusion.,yoke@0.8.3,,No OSV match on audit date; not a safety guarantee
cli/Cargo.lock,static_assertions,1.1.0,Keep through owner,Lockfile dependency; evaluate through listed parents. Optional/target entries are not proof of production inclusion.,compact_str@0.9.1,,No OSV match on audit date; not a safety guarantee
cli/Cargo.lock,strsim,0.11.1,Keep through owner,Lockfile dependency; evaluate through listed parents. Optional/target entries are not proof of production inclusion.,clap_builder@4.6.0; darling_core@0.23.0,,No OSV match on audit date; not a safety guarantee
cli/Cargo.lock,strum,0.28.0,Keep through owner,Lockfile dependency; evaluate through listed parents. Optional/target entries are not proof of production inclusion.,ratatui-core@0.1.2; ratatui-widgets@0.3.2,,No OSV match on audit date; not a safety guarantee
cli/Cargo.lock,strum_macros,0.28.0,Keep through owner,Lockfile dependency; evaluate through listed parents. Optional/target entries are not proof of production inclusion.,strum@0.28.0,,No OSV match on audit date; not a safety guarantee
cli/Cargo.lock,subtle,2.6.1,Keep through owner,Lockfile dependency; evaluate through listed parents. Optional/target entries are not proof of production inclusion.,rustls@0.23.41,,No OSV match on audit date; not a safety guarantee
cli/Cargo.lock,syn,2.0.118,Keep through owner,Lockfile dependency; evaluate through listed parents. Optional/target entries are not proof of production inclusion.,clap_derive@4.6.1; darling_core@0.23.0; darling_macro@0.23.0; derive_more-impl@2.1.1; displaydoc@0.2.6; instability@0.3.12; jni-macros@0.22.4; jni-sys-macros@0.4.1; palette_derive@0.7.6; serde_derive@1.0.228; strum_macros@0.28.0; synstructure@0.13.2; thiserror-impl@2.0.18; tokio-macros@2.7.0; wasm-bindgen-macro-support@0.2.126; yoke-derive@0.8.2; zerocopy-derive@0.8.52; zerofrom-derive@0.1.7; zerovec-derive@0.11.3,,No OSV match on audit date; not a safety guarantee
cli/Cargo.lock,sync_wrapper,1.0.2,Keep through owner,Lockfile dependency; evaluate through listed parents. Optional/target entries are not proof of production inclusion.,axum-core@0.5.6; axum@0.8.9; reqwest@0.12.28; tower@0.5.3,,No OSV match on audit date; not a safety guarantee
cli/Cargo.lock,synstructure,0.13.2,Keep through owner,Lockfile dependency; evaluate through listed parents. Optional/target entries are not proof of production inclusion.,yoke-derive@0.8.2; zerofrom-derive@0.1.7,,No OSV match on audit date; not a safety guarantee
cli/Cargo.lock,tempfile,3.27.0,Keep,Safe temporary files/directories used around untrusted data and subprocesses. Existing version is current. Avoid hand-rolled cleanup and name generation.,scope-cli@0.1.0,,No OSV match on audit date; not a safety guarantee
cli/Cargo.lock,thiserror,2.0.18,Keep,Domain and infrastructure error definitions. Routine patch update. Generated boilerplate is preferable to many manual Error/Display implementations.,jni@0.22.4; kasuari@0.4.12; quinn-proto@0.11.15; quinn@0.11.11; ratatui-core@0.1.2; scope-domain@0.1.0,,No OSV match on audit date; not a safety guarantee
cli/Cargo.lock,thiserror-impl,2.0.18,Keep through owner,Lockfile dependency; evaluate through listed parents. Optional/target entries are not proof of production inclusion.,thiserror@2.0.18,,No OSV match on audit date; not a safety guarantee
cli/Cargo.lock,time,0.3.53,Keep,Parsing/formatting timestamps. Update both locks to 0.3.55. Prefer this existing time owner over introducing new direct chrono usage.,ratatui-widgets@0.3.2; scope-cli@0.1.0,,No OSV match on audit date; not a safety guarantee
cli/Cargo.lock,time-core,0.1.9,Keep through owner,Lockfile dependency; evaluate through listed parents. Optional/target entries are not proof of production inclusion.,time-macros@0.2.31; time@0.3.53,,No OSV match on audit date; not a safety guarantee
cli/Cargo.lock,time-macros,0.2.31,Keep through owner,Lockfile dependency; evaluate through listed parents. Optional/target entries are not proof of production inclusion.,time@0.3.53,,No OSV match on audit date; not a safety guarantee
cli/Cargo.lock,tinystr,0.8.3,Keep through owner,Lockfile dependency; evaluate through listed parents. Optional/target entries are not proof of production inclusion.,icu_locale_core@2.2.0,,No OSV match on audit date; not a safety guarantee
cli/Cargo.lock,tinyvec,1.11.0,Keep through owner,Lockfile dependency; evaluate through listed parents. Optional/target entries are not proof of production inclusion.,quinn-proto@0.11.15,,No OSV match on audit date; not a safety guarantee
cli/Cargo.lock,tinyvec_macros,0.1.1,Keep through owner,Lockfile dependency; evaluate through listed parents. Optional/target entries are not proof of production inclusion.,tinyvec@1.11.0,,No OSV match on audit date; not a safety guarantee
cli/Cargo.lock,tokio,1.52.3,Keep,"Service runtime, process control, I/O and concurrency. Update to 1.53.1 with shutdown/cancellation checks. Reimplementing a runtime is outside Scope business logic.",axum@0.8.9; hyper-rustls@0.27.9; hyper-util@0.1.20; hyper@1.10.1; quinn@0.11.11; reqwest@0.12.28; scope-cli@0.1.0; tokio-rustls@0.26.4; tower@0.5.3,,No OSV match on audit date; not a safety guarantee
cli/Cargo.lock,tokio-macros,2.7.0,Keep through owner,Lockfile dependency; evaluate through listed parents. Optional/target entries are not proof of production inclusion.,tokio@1.52.3,,No OSV match on audit date; not a safety guarantee
cli/Cargo.lock,tokio-rustls,0.26.4,Keep through owner,Lockfile dependency; evaluate through listed parents. Optional/target entries are not proof of production inclusion.,hyper-rustls@0.27.9; reqwest@0.12.28,,No OSV match on audit date; not a safety guarantee
cli/Cargo.lock,tower,0.5.3,Keep,Service utilities for route tests and framework behavior. Direct declarations are development-only. Remains an Axum dependency.,axum@0.8.9; reqwest@0.12.28; tower-http@0.6.11,,No OSV match on audit date; not a safety guarantee
cli/Cargo.lock,tower-http,0.6.11,Keep,CORS and tracing middleware. Stay on patched 0.6 until 0.7 compatibility is tested; do not rewrite HTTP policy middleware to save a transitive dependency.,reqwest@0.12.28,,No OSV match on audit date; not a safety guarantee
cli/Cargo.lock,tower-layer,0.3.3,Keep through owner,Lockfile dependency; evaluate through listed parents. Optional/target entries are not proof of production inclusion.,axum-core@0.5.6; axum@0.8.9; tower-http@0.6.11; tower@0.5.3,,No OSV match on audit date; not a safety guarantee
cli/Cargo.lock,tower-service,0.3.3,Keep through owner,Lockfile dependency; evaluate through listed parents. Optional/target entries are not proof of production inclusion.,axum-core@0.5.6; axum@0.8.9; hyper-rustls@0.27.9; hyper-util@0.1.20; reqwest@0.12.28; tower-http@0.6.11; tower@0.5.3,,No OSV match on audit date; not a safety guarantee
cli/Cargo.lock,tracing,0.1.44,Keep,Structured service diagnostics. Current version is current. Keep a single logging ecosystem.,axum-core@0.5.6; axum@0.8.9; hyper-util@0.1.20; quinn-proto@0.11.15; quinn-udp@0.5.14; quinn@0.11.11; tower@0.5.3,,No OSV match on audit date; not a safety guarantee
cli/Cargo.lock,tracing-core,0.1.36,Keep through owner,Lockfile dependency; evaluate through listed parents. Optional/target entries are not proof of production inclusion.,tracing@0.1.44,,No OSV match on audit date; not a safety guarantee
cli/Cargo.lock,try-lock,0.2.5,Keep through owner,Lockfile dependency; evaluate through listed parents. Optional/target entries are not proof of production inclusion.,want@0.3.1,,No OSV match on audit date; not a safety guarantee
cli/Cargo.lock,typenum,1.20.1,Keep through owner,Lockfile dependency; evaluate through listed parents. Optional/target entries are not proof of production inclusion.,crypto-common@0.1.7; generic-array@0.14.7,,No OSV match on audit date; not a safety guarantee
cli/Cargo.lock,unicase,2.9.0,Keep through owner,Lockfile dependency; evaluate through listed parents. Optional/target entries are not proof of production inclusion.,pulldown-cmark@0.13.4,,No OSV match on audit date; not a safety guarantee
cli/Cargo.lock,unicode-ident,1.0.24,Keep through owner,Lockfile dependency; evaluate through listed parents. Optional/target entries are not proof of production inclusion.,proc-macro2@1.0.106; syn@2.0.118; wasm-bindgen-shared@0.2.126,,No OSV match on audit date; not a safety guarantee
cli/Cargo.lock,unicode-segmentation,1.13.3,Keep through owner,Lockfile dependency; evaluate through listed parents. Optional/target entries are not proof of production inclusion.,convert_case@0.10.0; ratatui-core@0.1.2; ratatui-widgets@0.3.2; unicode-truncate@2.0.1,,No OSV match on audit date; not a safety guarantee
cli/Cargo.lock,unicode-truncate,2.0.1,Keep through owner,Lockfile dependency; evaluate through listed parents. Optional/target entries are not proof of production inclusion.,ratatui-core@0.1.2,,No OSV match on audit date; not a safety guarantee
cli/Cargo.lock,unicode-width,0.2.2,Keep,Terminal column widths for progress and review. Unicode width is not string length. Already required by terminal libraries.,ratatui-core@0.1.2; ratatui-widgets@0.3.2; scope-cli@0.1.0; unicode-truncate@2.0.1,,No OSV match on audit date; not a safety guarantee
cli/Cargo.lock,untrusted,0.9.0,Keep through owner,Lockfile dependency; evaluate through listed parents. Optional/target entries are not proof of production inclusion.,ring@0.17.14; rustls-webpki@0.103.13,,No OSV match on audit date; not a safety guarantee
cli/Cargo.lock,url,2.5.8,Keep,Parses trust-sensitive origins and URLs. Current version is current. Do not substitute string splitting or regex.,reqwest@0.12.28; scope-domain@0.1.0; tower-http@0.6.11; webbrowser@1.2.1,,No OSV match on audit date; not a safety guarantee
cli/Cargo.lock,utf8_iter,1.0.4,Keep through owner,Lockfile dependency; evaluate through listed parents. Optional/target entries are not proof of production inclusion.,icu_collections@2.2.0; idna@1.1.0,,No OSV match on audit date; not a safety guarantee
cli/Cargo.lock,utf8parse,0.2.2,Keep through owner,Lockfile dependency; evaluate through listed parents. Optional/target entries are not proof of production inclusion.,anstream@1.0.0; anstyle-parse@1.0.0,,No OSV match on audit date; not a safety guarantee
cli/Cargo.lock,version_check,0.9.5,Keep through owner,Lockfile dependency; evaluate through listed parents. Optional/target entries are not proof of production inclusion.,generic-array@0.14.7,,No OSV match on audit date; not a safety guarantee
cli/Cargo.lock,walkdir,2.5.0,Keep through owner,Lockfile dependency; evaluate through listed parents. Optional/target entries are not proof of production inclusion.,jni@0.22.4,,No OSV match on audit date; not a safety guarantee
cli/Cargo.lock,want,0.3.1,Keep through owner,Lockfile dependency; evaluate through listed parents. Optional/target entries are not proof of production inclusion.,hyper@1.10.1,,No OSV match on audit date; not a safety guarantee
cli/Cargo.lock,wasi,0.11.1+wasi-snapshot-preview1,Keep through owner,Lockfile dependency; evaluate through listed parents. Optional/target entries are not proof of production inclusion.,getrandom@0.2.17; mio@1.2.1,,No OSV match on audit date; not a safety guarantee
cli/Cargo.lock,wasip2,1.0.4+wasi-0.2.12,Keep through owner,Lockfile dependency; evaluate through listed parents. Optional/target entries are not proof of production inclusion.,getrandom@0.3.4,,No OSV match on audit date; not a safety guarantee
cli/Cargo.lock,wasm-bindgen,0.2.126,Keep through owner,Lockfile dependency; evaluate through listed parents. Optional/target entries are not proof of production inclusion.,getrandom@0.2.17; getrandom@0.3.4; js-sys@0.3.103; reqwest@0.12.28; wasm-bindgen-futures@0.4.76; web-sys@0.3.103; web-time@1.1.0,,No OSV match on audit date; not a safety guarantee
cli/Cargo.lock,wasm-bindgen-futures,0.4.76,Keep through owner,Lockfile dependency; evaluate through listed parents. Optional/target entries are not proof of production inclusion.,reqwest@0.12.28,,No OSV match on audit date; not a safety guarantee
cli/Cargo.lock,wasm-bindgen-macro,0.2.126,Keep through owner,Lockfile dependency; evaluate through listed parents. Optional/target entries are not proof of production inclusion.,wasm-bindgen@0.2.126,,No OSV match on audit date; not a safety guarantee
cli/Cargo.lock,wasm-bindgen-macro-support,0.2.126,Keep through owner,Lockfile dependency; evaluate through listed parents. Optional/target entries are not proof of production inclusion.,wasm-bindgen-macro@0.2.126,,No OSV match on audit date; not a safety guarantee
cli/Cargo.lock,wasm-bindgen-shared,0.2.126,Keep through owner,Lockfile dependency; evaluate through listed parents. Optional/target entries are not proof of production inclusion.,wasm-bindgen-macro-support@0.2.126; wasm-bindgen@0.2.126,,No OSV match on audit date; not a safety guarantee
cli/Cargo.lock,web-sys,0.3.103,Keep through owner,Lockfile dependency; evaluate through listed parents. Optional/target entries are not proof of production inclusion.,reqwest@0.12.28; webbrowser@1.2.1,,No OSV match on audit date; not a safety guarantee
cli/Cargo.lock,web-time,1.1.0,Keep through owner,Lockfile dependency; evaluate through listed parents. Optional/target entries are not proof of production inclusion.,quinn-proto@0.11.15; quinn@0.11.11; rustls-pki-types@1.14.1,,No OSV match on audit date; not a safety guarantee
cli/Cargo.lock,webbrowser,1.2.1,Keep,Cross-platform login browser launching. Update 1.2.1 to 1.2.4 promptly; 1.2.2 fixes argument injection. Retain URL validation and consider its hardened feature.,scope-cli@0.1.0,RUSTSEC-2026-0257,Review affected use and update parent/lock
cli/Cargo.lock,webpki-roots,1.0.8,Keep through owner,Lockfile dependency; evaluate through listed parents. Optional/target entries are not proof of production inclusion.,hyper-rustls@0.27.9; reqwest@0.12.28,,No OSV match on audit date; not a safety guarantee
cli/Cargo.lock,winapi,0.3.9,Keep through owner,Lockfile dependency; evaluate through listed parents. Optional/target entries are not proof of production inclusion.,crossterm@0.29.0; crossterm_winapi@0.9.1,,No OSV match on audit date; not a safety guarantee
cli/Cargo.lock,winapi-i686-pc-windows-gnu,0.4.0,Keep through owner,Lockfile dependency; evaluate through listed parents. Optional/target entries are not proof of production inclusion.,winapi@0.3.9,,No OSV match on audit date; not a safety guarantee
cli/Cargo.lock,winapi-util,0.1.11,Keep through owner,Lockfile dependency; evaluate through listed parents. Optional/target entries are not proof of production inclusion.,same-file@1.0.6; walkdir@2.5.0,,No OSV match on audit date; not a safety guarantee
cli/Cargo.lock,winapi-x86_64-pc-windows-gnu,0.4.0,Keep through owner,Lockfile dependency; evaluate through listed parents. Optional/target entries are not proof of production inclusion.,winapi@0.3.9,,No OSV match on audit date; not a safety guarantee
cli/Cargo.lock,windows-link,0.2.1,Keep through owner,Lockfile dependency; evaluate through listed parents. Optional/target entries are not proof of production inclusion.,jni@0.22.4; parking_lot_core@0.9.12; windows-sys@0.61.2; windows-targets@0.53.5,,No OSV match on audit date; not a safety guarantee
cli/Cargo.lock,windows-native-keyring-store,1.1.0,Keep,Windows credential storage. Current version is current and defaults are already trimmed.,scope-cli@0.1.0,,No OSV match on audit date; not a safety guarantee
cli/Cargo.lock,windows-sys,0.52.0,Keep,Windows job objects and process cleanup. Existing 0.61.2 is current. Do not copy Windows ABI bindings.,ring@0.17.14,,No OSV match on audit date; not a safety guarantee
cli/Cargo.lock,windows-sys,0.60.2,Keep,Windows job objects and process cleanup. Existing 0.61.2 is current. Do not copy Windows ABI bindings.,quinn-udp@0.5.14,,No OSV match on audit date; not a safety guarantee
cli/Cargo.lock,windows-sys,0.61.2,Keep,Windows job objects and process cleanup. Existing 0.61.2 is current. Do not copy Windows ABI bindings.,anstyle-query@1.1.5; anstyle-wincon@3.0.11; ctrlc@3.5.2; errno@0.3.14; mio@1.2.1; rustix@1.1.4; scope-cli@0.1.0; socket2@0.6.4; tempfile@3.27.0; tokio@1.52.3; winapi-util@0.1.11; windows-native-keyring-store@1.1.0,,No OSV match on audit date; not a safety guarantee
cli/Cargo.lock,windows-targets,0.52.6,Keep through owner,Lockfile dependency; evaluate through listed parents. Optional/target entries are not proof of production inclusion.,windows-sys@0.52.0,,No OSV match on audit date; not a safety guarantee
cli/Cargo.lock,windows-targets,0.53.5,Keep through owner,Lockfile dependency; evaluate through listed parents. Optional/target entries are not proof of production inclusion.,windows-sys@0.60.2,,No OSV match on audit date; not a safety guarantee
cli/Cargo.lock,windows_aarch64_gnullvm,0.52.6,Keep through owner,Lockfile dependency; evaluate through listed parents. Optional/target entries are not proof of production inclusion.,windows-targets@0.52.6,,No OSV match on audit date; not a safety guarantee
cli/Cargo.lock,windows_aarch64_gnullvm,0.53.1,Keep through owner,Lockfile dependency; evaluate through listed parents. Optional/target entries are not proof of production inclusion.,windows-targets@0.53.5,,No OSV match on audit date; not a safety guarantee
cli/Cargo.lock,windows_aarch64_msvc,0.52.6,Keep through owner,Lockfile dependency; evaluate through listed parents. Optional/target entries are not proof of production inclusion.,windows-targets@0.52.6,,No OSV match on audit date; not a safety guarantee
cli/Cargo.lock,windows_aarch64_msvc,0.53.1,Keep through owner,Lockfile dependency; evaluate through listed parents. Optional/target entries are not proof of production inclusion.,windows-targets@0.53.5,,No OSV match on audit date; not a safety guarantee
cli/Cargo.lock,windows_i686_gnu,0.52.6,Keep through owner,Lockfile dependency; evaluate through listed parents. Optional/target entries are not proof of production inclusion.,windows-targets@0.52.6,,No OSV match on audit date; not a safety guarantee
cli/Cargo.lock,windows_i686_gnu,0.53.1,Keep through owner,Lockfile dependency; evaluate through listed parents. Optional/target entries are not proof of production inclusion.,windows-targets@0.53.5,,No OSV match on audit date; not a safety guarantee
cli/Cargo.lock,windows_i686_gnullvm,0.52.6,Keep through owner,Lockfile dependency; evaluate through listed parents. Optional/target entries are not proof of production inclusion.,windows-targets@0.52.6,,No OSV match on audit date; not a safety guarantee
cli/Cargo.lock,windows_i686_gnullvm,0.53.1,Keep through owner,Lockfile dependency; evaluate through listed parents. Optional/target entries are not proof of production inclusion.,windows-targets@0.53.5,,No OSV match on audit date; not a safety guarantee
cli/Cargo.lock,windows_i686_msvc,0.52.6,Keep through owner,Lockfile dependency; evaluate through listed parents. Optional/target entries are not proof of production inclusion.,windows-targets@0.52.6,,No OSV match on audit date; not a safety guarantee
cli/Cargo.lock,windows_i686_msvc,0.53.1,Keep through owner,Lockfile dependency; evaluate through listed parents. Optional/target entries are not proof of production inclusion.,windows-targets@0.53.5,,No OSV match on audit date; not a safety guarantee
cli/Cargo.lock,windows_x86_64_gnu,0.52.6,Keep through owner,Lockfile dependency; evaluate through listed parents. Optional/target entries are not proof of production inclusion.,windows-targets@0.52.6,,No OSV match on audit date; not a safety guarantee
cli/Cargo.lock,windows_x86_64_gnu,0.53.1,Keep through owner,Lockfile dependency; evaluate through listed parents. Optional/target entries are not proof of production inclusion.,windows-targets@0.53.5,,No OSV match on audit date; not a safety guarantee
cli/Cargo.lock,windows_x86_64_gnullvm,0.52.6,Keep through owner,Lockfile dependency; evaluate through listed parents. Optional/target entries are not proof of production inclusion.,windows-targets@0.52.6,,No OSV match on audit date; not a safety guarantee
cli/Cargo.lock,windows_x86_64_gnullvm,0.53.1,Keep through owner,Lockfile dependency; evaluate through listed parents. Optional/target entries are not proof of production inclusion.,windows-targets@0.53.5,,No OSV match on audit date; not a safety guarantee
cli/Cargo.lock,windows_x86_64_msvc,0.52.6,Keep through owner,Lockfile dependency; evaluate through listed parents. Optional/target entries are not proof of production inclusion.,windows-targets@0.52.6,,No OSV match on audit date; not a safety guarantee
cli/Cargo.lock,windows_x86_64_msvc,0.53.1,Keep through owner,Lockfile dependency; evaluate through listed parents. Optional/target entries are not proof of production inclusion.,windows-targets@0.53.5,,No OSV match on audit date; not a safety guarantee
cli/Cargo.lock,wit-bindgen,0.57.1,Keep through owner,Lockfile dependency; evaluate through listed parents. Optional/target entries are not proof of production inclusion.,wasip2@1.0.4+wasi-0.2.12,,No OSV match on audit date; not a safety guarantee
cli/Cargo.lock,writeable,0.6.3,Keep through owner,Lockfile dependency; evaluate through listed parents. Optional/target entries are not proof of production inclusion.,icu_locale_core@2.2.0; icu_provider@2.2.0,,No OSV match on audit date; not a safety guarantee
cli/Cargo.lock,yoke,0.8.3,Keep through owner,Lockfile dependency; evaluate through listed parents. Optional/target entries are not proof of production inclusion.,icu_collections@2.2.0; icu_provider@2.2.0; zerotrie@0.2.4; zerovec@0.11.6,,No OSV match on audit date; not a safety guarantee
cli/Cargo.lock,yoke-derive,0.8.2,Keep through owner,Lockfile dependency; evaluate through listed parents. Optional/target entries are not proof of production inclusion.,yoke@0.8.3,,No OSV match on audit date; not a safety guarantee
cli/Cargo.lock,zerocopy,0.8.52,Keep through owner,Lockfile dependency; evaluate through listed parents. Optional/target entries are not proof of production inclusion.,ppv-lite86@0.2.21,,No OSV match on audit date; not a safety guarantee
cli/Cargo.lock,zerocopy-derive,0.8.52,Keep through owner,Lockfile dependency; evaluate through listed parents. Optional/target entries are not proof of production inclusion.,zerocopy@0.8.52,,No OSV match on audit date; not a safety guarantee
cli/Cargo.lock,zerofrom,0.1.8,Keep through owner,Lockfile dependency; evaluate through listed parents. Optional/target entries are not proof of production inclusion.,icu_collections@2.2.0; icu_provider@2.2.0; yoke@0.8.3; zerotrie@0.2.4; zerovec@0.11.6,,No OSV match on audit date; not a safety guarantee
cli/Cargo.lock,zerofrom-derive,0.1.7,Keep through owner,Lockfile dependency; evaluate through listed parents. Optional/target entries are not proof of production inclusion.,zerofrom@0.1.8,,No OSV match on audit date; not a safety guarantee
cli/Cargo.lock,zeroize,1.9.0,Keep through owner,Lockfile dependency; evaluate through listed parents. Optional/target entries are not proof of production inclusion.,rustls-pki-types@1.14.1; rustls@0.23.41; windows-native-keyring-store@1.1.0,,No OSV match on audit date; not a safety guarantee
cli/Cargo.lock,zerotrie,0.2.4,Keep through owner,Lockfile dependency; evaluate through listed parents. Optional/target entries are not proof of production inclusion.,icu_properties@2.2.0; icu_provider@2.2.0,,No OSV match on audit date; not a safety guarantee
cli/Cargo.lock,zerovec,0.11.6,Keep through owner,Lockfile dependency; evaluate through listed parents. Optional/target entries are not proof of production inclusion.,icu_collections@2.2.0; icu_locale_core@2.2.0; icu_normalizer@2.2.0; icu_properties@2.2.0; icu_provider@2.2.0; potential_utf@0.1.5; tinystr@0.8.3,,No OSV match on audit date; not a safety guarantee
cli/Cargo.lock,zerovec-derive,0.11.3,Keep through owner,Lockfile dependency; evaluate through listed parents. Optional/target entries are not proof of production inclusion.,zerovec@0.11.6,,No OSV match on audit date; not a safety guarantee
cli/Cargo.lock,zmij,1.0.21,Keep through owner,Lockfile dependency; evaluate through listed parents. Optional/target entries are not proof of production inclusion.,serde_json@1.0.150,,No OSV match on audit date; not a safety guarantee
web/pnpm-lock.yaml,@antfu/install-pkg,2.0.1,Keep through owner,Retain while required by parent packages. Do not fork or edit a transitive package to hide its dependency.,@iconify/utils@3.1.7,,No OSV match on audit date; not a safety guarantee
web/pnpm-lock.yaml,@apm-js-collab/code-transformer-bundler-plugins,0.5.0,Delete with owner replacement,Exclusive lockfile reachability under react-doctor. Actual replacement may introduce dependencies; this is a gross count.,@sentry/server-utils@10.59.0,,No OSV match on audit date; not a safety guarantee
web/pnpm-lock.yaml,@apm-js-collab/code-transformer,0.15.0,Delete with owner replacement,Exclusive lockfile reachability under react-doctor. Actual replacement may introduce dependencies; this is a gross count.,@apm-js-collab/code-transformer-bundler-plugins@0.5.0; @apm-js-collab/tracing-hooks@0.10.0; @sentry/server-utils@10.59.0,,No OSV match on audit date; not a safety guarantee
web/pnpm-lock.yaml,@apm-js-collab/tracing-hooks,0.10.0,Delete with owner replacement,Exclusive lockfile reachability under react-doctor. Actual replacement may introduce dependencies; this is a gross count.,@sentry/server-utils@10.59.0,,No OSV match on audit date; not a safety guarantee
web/pnpm-lock.yaml,@babel/code-frame,7.27.1,Keep through owner,Retain while required by parent packages. Do not fork or edit a transitive package to hide its dependency.,@tanstack/start-plugin-core@1.171.18,,No OSV match on audit date; not a safety guarantee
web/pnpm-lock.yaml,@babel/code-frame,7.29.7,Keep through owner,Retain while required by parent packages. Do not fork or edit a transitive package to hide its dependency.,@babel/core@7.29.7; @babel/template@7.29.7; @babel/traverse@7.29.7; react-doctor@0.5.8,,No OSV match on audit date; not a safety guarantee
web/pnpm-lock.yaml,@babel/compat-data,7.29.7,Keep through owner,Retain while required by parent packages. Do not fork or edit a transitive package to hide its dependency.,@babel/helper-compilation-targets@7.29.7,,No OSV match on audit date; not a safety guarantee
web/pnpm-lock.yaml,@babel/core,7.29.7,Keep through owner,Retain while required by parent packages. Do not fork or edit a transitive package to hide its dependency.,@babel/helper-module-transforms@7.29.7; @tanstack/router-plugin@1.168.18; @tanstack/start-plugin-core@1.171.18; babel-dead-code-elimination@1.0.12; eslint-plugin-react-hooks@7.1.1,,No OSV match on audit date; not a safety guarantee
web/pnpm-lock.yaml,@babel/generator,7.29.7,Keep through owner,Retain while required by parent packages. Do not fork or edit a transitive package to hide its dependency.,@babel/core@7.29.7; @babel/traverse@7.29.7; @tanstack/router-utils@1.162.2,,No OSV match on audit date; not a safety guarantee
web/pnpm-lock.yaml,@babel/helper-compilation-targets,7.29.7,Keep through owner,Retain while required by parent packages. Do not fork or edit a transitive package to hide its dependency.,@babel/core@7.29.7,,No OSV match on audit date; not a safety guarantee
web/pnpm-lock.yaml,@babel/helper-globals,7.29.7,Keep through owner,Retain while required by parent packages. Do not fork or edit a transitive package to hide its dependency.,@babel/traverse@7.29.7,,No OSV match on audit date; not a safety guarantee
web/pnpm-lock.yaml,@babel/helper-module-imports,7.29.7,Keep through owner,Retain while required by parent packages. Do not fork or edit a transitive package to hide its dependency.,@babel/helper-module-transforms@7.29.7,,No OSV match on audit date; not a safety guarantee
web/pnpm-lock.yaml,@babel/helper-module-transforms,7.29.7,Keep through owner,Retain while required by parent packages. Do not fork or edit a transitive package to hide its dependency.,@babel/core@7.29.7,,No OSV match on audit date; not a safety guarantee
web/pnpm-lock.yaml,@babel/helper-string-parser,7.29.7,Keep through owner,Retain while required by parent packages. Do not fork or edit a transitive package to hide its dependency.,@babel/types@7.29.7,,No OSV match on audit date; not a safety guarantee
web/pnpm-lock.yaml,@babel/helper-validator-identifier,7.29.7,Keep through owner,Retain while required by parent packages. Do not fork or edit a transitive package to hide its dependency.,@babel/code-frame@7.27.1; @babel/code-frame@7.29.7; @babel/helper-module-transforms@7.29.7; @babel/types@7.29.7,,No OSV match on audit date; not a safety guarantee
web/pnpm-lock.yaml,@babel/helper-validator-option,7.29.7,Keep through owner,Retain while required by parent packages. Do not fork or edit a transitive package to hide its dependency.,@babel/helper-compilation-targets@7.29.7,,No OSV match on audit date; not a safety guarantee
web/pnpm-lock.yaml,@babel/helpers,7.29.7,Keep through owner,Retain while required by parent packages. Do not fork or edit a transitive package to hide its dependency.,@babel/core@7.29.7,,No OSV match on audit date; not a safety guarantee
web/pnpm-lock.yaml,@babel/parser,7.29.7,Keep through owner,Retain while required by parent packages. Do not fork or edit a transitive package to hide its dependency.,@babel/core@7.29.7; @babel/generator@7.29.7; @babel/template@7.29.7; @babel/traverse@7.29.7; @tanstack/router-utils@1.162.2; babel-dead-code-elimination@1.0.12; eslint-plugin-react-hooks@7.1.1; magicast@0.5.3,,No OSV match on audit date; not a safety guarantee
web/pnpm-lock.yaml,@babel/template,7.29.7,Keep through owner,Retain while required by parent packages. Do not fork or edit a transitive package to hide its dependency.,@babel/core@7.29.7; @babel/helpers@7.29.7; @babel/traverse@7.29.7; @tanstack/router-plugin@1.168.18,,No OSV match on audit date; not a safety guarantee
web/pnpm-lock.yaml,@babel/traverse,7.29.7,Keep through owner,Retain while required by parent packages. Do not fork or edit a transitive package to hide its dependency.,@babel/core@7.29.7; @babel/helper-module-imports@7.29.7; @babel/helper-module-transforms@7.29.7; babel-dead-code-elimination@1.0.12,,No OSV match on audit date; not a safety guarantee
web/pnpm-lock.yaml,@babel/types,7.29.7,Keep through owner,Retain while required by parent packages. Do not fork or edit a transitive package to hide its dependency.,@babel/core@7.29.7; @babel/generator@7.29.7; @babel/helper-module-imports@7.29.7; @babel/helpers@7.29.7; @babel/parser@7.29.7; @babel/template@7.29.7; @babel/traverse@7.29.7; @tanstack/router-generator@1.167.17; @tanstack/router-plugin@1.168.18; @tanstack/router-utils@1.162.2; @tanstack/start-plugin-core@1.171.18; babel-dead-code-elimination@1.0.12; magicast@0.5.3,,No OSV match on audit date; not a safety guarantee
web/pnpm-lock.yaml,@braintree/sanitize-url,7.1.2,Keep through owner,Retain while required by parent packages. Do not fork or edit a transitive package to hide its dependency.,mermaid@12.0.0,,No OSV match on audit date; not a safety guarantee
web/pnpm-lock.yaml,@chevrotain/cst-dts-gen,11.1.2,Keep through owner,Retain while required by parent packages. Do not fork or edit a transitive package to hide its dependency.,chevrotain@11.1.2,,No OSV match on audit date; not a safety guarantee
web/pnpm-lock.yaml,@chevrotain/gast,11.1.2,Keep through owner,Retain while required by parent packages. Do not fork or edit a transitive package to hide its dependency.,@chevrotain/cst-dts-gen@11.1.2; chevrotain@11.1.2,,No OSV match on audit date; not a safety guarantee
web/pnpm-lock.yaml,@chevrotain/regexp-to-ast,11.1.2,Keep through owner,Retain while required by parent packages. Do not fork or edit a transitive package to hide its dependency.,chevrotain@11.1.2,,No OSV match on audit date; not a safety guarantee
web/pnpm-lock.yaml,@chevrotain/types,11.1.2,Keep through owner,Retain while required by parent packages. Do not fork or edit a transitive package to hide its dependency.,@chevrotain/cst-dts-gen@11.1.2; @chevrotain/gast@11.1.2; @mermaid-js/parser@2.0.0; chevrotain@11.1.2,,No OSV match on audit date; not a safety guarantee
web/pnpm-lock.yaml,@chevrotain/utils,11.1.2,Keep through owner,Retain while required by parent packages. Do not fork or edit a transitive package to hide its dependency.,chevrotain@11.1.2,,No OSV match on audit date; not a safety guarantee
web/pnpm-lock.yaml,@clerk/backend,3.8.0,Keep through owner,Retain while required by parent packages. Do not fork or edit a transitive package to hide its dependency.,@clerk/tanstack-react-start@1.4.5,,No OSV match on audit date; not a safety guarantee
web/pnpm-lock.yaml,@clerk/react,6.10.2,Keep through owner,Retain while required by parent packages. Do not fork or edit a transitive package to hide its dependency.,@clerk/tanstack-react-start@1.4.5,,No OSV match on audit date; not a safety guarantee
web/pnpm-lock.yaml,@clerk/shared,4.19.0,Keep through owner,Retain while required by parent packages. Do not fork or edit a transitive package to hide its dependency.,@clerk/backend@3.8.0; @clerk/react@6.10.2; @clerk/tanstack-react-start@1.4.5,,No OSV match on audit date; not a safety guarantee
web/pnpm-lock.yaml,@clerk/tanstack-react-start,1.4.5,Keep,Authentication/session integration with TanStack Start. Update to 1.5.16 together with framework compatibility checks. Keep Scope authorization rules in the domain; do not build an identity provider.,,,No OSV match on audit date; not a safety guarantee
web/pnpm-lock.yaml,@emnapi/core,1.10.0,Keep through owner,Retain while required by parent packages. Do not fork or edit a transitive package to hide its dependency.,@napi-rs/wasm-runtime@1.1.5; @oxc-parser/binding-wasm32-wasi@0.132.0; @oxc-parser/binding-wasm32-wasi@0.135.0; @rolldown/binding-wasm32-wasi@1.0.3,,No OSV match on audit date; not a safety guarantee
web/pnpm-lock.yaml,@emnapi/core,1.11.0,Keep through owner,Retain while required by parent packages. Do not fork or edit a transitive package to hide its dependency.,@napi-rs/wasm-runtime@1.1.5; @oxc-resolver/binding-wasm32-wasi@11.21.3; @rolldown/binding-wasm32-wasi@1.1.1,,No OSV match on audit date; not a safety guarantee
web/pnpm-lock.yaml,@emnapi/runtime,1.10.0,Keep through owner,Retain while required by parent packages. Do not fork or edit a transitive package to hide its dependency.,@napi-rs/wasm-runtime@1.1.5; @oxc-parser/binding-wasm32-wasi@0.132.0; @oxc-parser/binding-wasm32-wasi@0.135.0; @rolldown/binding-wasm32-wasi@1.0.3,,No OSV match on audit date; not a safety guarantee
web/pnpm-lock.yaml,@emnapi/runtime,1.11.0,Keep through owner,Retain while required by parent packages. Do not fork or edit a transitive package to hide its dependency.,@napi-rs/wasm-runtime@1.1.5; @oxc-resolver/binding-wasm32-wasi@11.21.3; @rolldown/binding-wasm32-wasi@1.1.1,,No OSV match on audit date; not a safety guarantee
web/pnpm-lock.yaml,@emnapi/wasi-threads,1.2.1,Keep through owner,Retain while required by parent packages. Do not fork or edit a transitive package to hide its dependency.,@emnapi/core@1.10.0,,No OSV match on audit date; not a safety guarantee
web/pnpm-lock.yaml,@emnapi/wasi-threads,1.2.2,Keep through owner,Retain while required by parent packages. Do not fork or edit a transitive package to hide its dependency.,@emnapi/core@1.11.0,,No OSV match on audit date; not a safety guarantee
web/pnpm-lock.yaml,@eslint-community/eslint-utils,4.9.1,Delete with owner replacement,Exclusive lockfile reachability under react-doctor. Actual replacement may introduce dependencies; this is a gross count.,eslint@10.5.0,,No OSV match on audit date; not a safety guarantee
web/pnpm-lock.yaml,@eslint-community/regexpp,4.12.2,Delete with owner replacement,Exclusive lockfile reachability under react-doctor. Actual replacement may introduce dependencies; this is a gross count.,eslint@10.5.0,,No OSV match on audit date; not a safety guarantee
web/pnpm-lock.yaml,@eslint/config-array,0.23.5,Delete with owner replacement,Exclusive lockfile reachability under react-doctor. Actual replacement may introduce dependencies; this is a gross count.,eslint@10.5.0,,No OSV match on audit date; not a safety guarantee
web/pnpm-lock.yaml,@eslint/config-helpers,0.6.0,Delete with owner replacement,Exclusive lockfile reachability under react-doctor. Actual replacement may introduce dependencies; this is a gross count.,eslint@10.5.0,,No OSV match on audit date; not a safety guarantee
web/pnpm-lock.yaml,@eslint/core,1.2.1,Delete with owner replacement,Exclusive lockfile reachability under react-doctor. Actual replacement may introduce dependencies; this is a gross count.,@eslint/config-helpers@0.6.0; @eslint/plugin-kit@0.7.2; eslint@10.5.0,,No OSV match on audit date; not a safety guarantee
web/pnpm-lock.yaml,@eslint/object-schema,3.0.5,Delete with owner replacement,Exclusive lockfile reachability under react-doctor. Actual replacement may introduce dependencies; this is a gross count.,@eslint/config-array@0.23.5,,No OSV match on audit date; not a safety guarantee
web/pnpm-lock.yaml,@eslint/plugin-kit,0.7.2,Delete with owner replacement,Exclusive lockfile reachability under react-doctor. Actual replacement may introduce dependencies; this is a gross count.,eslint@10.5.0,,No OSV match on audit date; not a safety guarantee
web/pnpm-lock.yaml,@floating-ui/core,1.7.5,Keep through owner,Retain while required by parent packages. Do not fork or edit a transitive package to hide its dependency.,@floating-ui/dom@1.7.6,,No OSV match on audit date; not a safety guarantee
web/pnpm-lock.yaml,@floating-ui/dom,1.7.6,Keep through owner,Retain while required by parent packages. Do not fork or edit a transitive package to hide its dependency.,@floating-ui/react-dom@2.1.8,,No OSV match on audit date; not a safety guarantee
web/pnpm-lock.yaml,@floating-ui/react-dom,2.1.8,Keep through owner,Retain while required by parent packages. Do not fork or edit a transitive package to hide its dependency.,@radix-ui/react-popper@1.3.1,,No OSV match on audit date; not a safety guarantee
web/pnpm-lock.yaml,@floating-ui/utils,0.2.11,Keep through owner,Retain while required by parent packages. Do not fork or edit a transitive package to hide its dependency.,@floating-ui/core@1.7.5; @floating-ui/dom@1.7.6,,No OSV match on audit date; not a safety guarantee
web/pnpm-lock.yaml,@fontsource-variable/ibm-plex-sans,5.3.0,Keep,"Self-hosted UI font. Current pin is current. Subset shipped weights/character sets if asset measurements justify it; copying font files changes packaging, not the external dependency.",,,No OSV match on audit date; not a safety guarantee
web/pnpm-lock.yaml,@fontsource/commit-mono,5.3.0,Keep,Self-hosted code font. Current pin is current. Keep license and asset provenance rather than hiding the dependency by vendoring the same files.,,,No OSV match on audit date; not a safety guarantee
web/pnpm-lock.yaml,@humanfs/core,0.19.2,Delete with owner replacement,Exclusive lockfile reachability under react-doctor. Actual replacement may introduce dependencies; this is a gross count.,@humanfs/node@0.16.8,,No OSV match on audit date; not a safety guarantee
web/pnpm-lock.yaml,@humanfs/node,0.16.8,Delete with owner replacement,Exclusive lockfile reachability under react-doctor. Actual replacement may introduce dependencies; this is a gross count.,eslint@10.5.0,,No OSV match on audit date; not a safety guarantee
web/pnpm-lock.yaml,@humanfs/types,0.15.0,Delete with owner replacement,Exclusive lockfile reachability under react-doctor. Actual replacement may introduce dependencies; this is a gross count.,@humanfs/core@0.19.2; @humanfs/node@0.16.8,,No OSV match on audit date; not a safety guarantee
web/pnpm-lock.yaml,@humanwhocodes/module-importer,1.0.1,Delete with owner replacement,Exclusive lockfile reachability under react-doctor. Actual replacement may introduce dependencies; this is a gross count.,eslint@10.5.0,,No OSV match on audit date; not a safety guarantee
web/pnpm-lock.yaml,@humanwhocodes/retry,0.4.3,Delete with owner replacement,Exclusive lockfile reachability under react-doctor. Actual replacement may introduce dependencies; this is a gross count.,@humanfs/node@0.16.8; eslint@10.5.0,,No OSV match on audit date; not a safety guarantee
web/pnpm-lock.yaml,@iarna/toml,2.2.5,Delete with owner replacement,Exclusive lockfile reachability under react-doctor. Actual replacement may introduce dependencies; this is a gross count.,agent-install@0.0.5,,No OSV match on audit date; not a safety guarantee
web/pnpm-lock.yaml,@iconify/types,2.0.0,Keep through owner,Retain while required by parent packages. Do not fork or edit a transitive package to hide its dependency.,@iconify/utils@3.1.7,,No OSV match on audit date; not a safety guarantee
web/pnpm-lock.yaml,@iconify/utils,3.1.7,Keep through owner,Retain while required by parent packages. Do not fork or edit a transitive package to hide its dependency.,mermaid@12.0.0,,No OSV match on audit date; not a safety guarantee
web/pnpm-lock.yaml,@jridgewell/gen-mapping,0.3.13,Keep through owner,Retain while required by parent packages. Do not fork or edit a transitive package to hide its dependency.,@babel/generator@7.29.7; @jridgewell/remapping@2.3.5,,No OSV match on audit date; not a safety guarantee
web/pnpm-lock.yaml,@jridgewell/remapping,2.3.5,Keep through owner,Retain while required by parent packages. Do not fork or edit a transitive package to hide its dependency.,@babel/core@7.29.7; @tailwindcss/node@4.3.1; unplugin@3.0.0,,No OSV match on audit date; not a safety guarantee
web/pnpm-lock.yaml,@jridgewell/resolve-uri,3.1.2,Keep through owner,Retain while required by parent packages. Do not fork or edit a transitive package to hide its dependency.,@jridgewell/trace-mapping@0.3.31,,No OSV match on audit date; not a safety guarantee
web/pnpm-lock.yaml,@jridgewell/sourcemap-codec,1.5.5,Keep through owner,Retain while required by parent packages. Do not fork or edit a transitive package to hide its dependency.,@jridgewell/gen-mapping@0.3.13; @jridgewell/trace-mapping@0.3.31; magic-string@0.30.21,,No OSV match on audit date; not a safety guarantee
web/pnpm-lock.yaml,@jridgewell/trace-mapping,0.3.31,Keep through owner,Retain while required by parent packages. Do not fork or edit a transitive package to hide its dependency.,@babel/generator@7.29.7; @jridgewell/gen-mapping@0.3.13; @jridgewell/remapping@2.3.5,,No OSV match on audit date; not a safety guarantee
web/pnpm-lock.yaml,@konsistent/convention,1.0.0-beta.1,Delete with owner replacement,Exclusive lockfile reachability under konsistent. Actual replacement may introduce dependencies; this is a gross count.,konsistent@1.0.0-beta.1,,No OSV match on audit date; not a safety guarantee
web/pnpm-lock.yaml,@mermaid-js/parser,2.0.0,Keep through owner,Retain while required by parent packages. Do not fork or edit a transitive package to hide its dependency.,mermaid@12.0.0,,No OSV match on audit date; not a safety guarantee
web/pnpm-lock.yaml,@napi-rs/wasm-runtime,1.1.5,Keep through owner,Retain while required by parent packages. Do not fork or edit a transitive package to hide its dependency.,@oxc-parser/binding-wasm32-wasi@0.132.0; @oxc-parser/binding-wasm32-wasi@0.135.0; @oxc-resolver/binding-wasm32-wasi@11.21.3; @rolldown/binding-wasm32-wasi@1.0.3; @rolldown/binding-wasm32-wasi@1.1.1,,No OSV match on audit date; not a safety guarantee
web/pnpm-lock.yaml,@nodelib/fs.scandir,2.1.5,Delete with owner replacement,Exclusive lockfile reachability under react-doctor. Actual replacement may introduce dependencies; this is a gross count.,@nodelib/fs.walk@1.2.8,,No OSV match on audit date; not a safety guarantee
web/pnpm-lock.yaml,@nodelib/fs.stat,2.0.5,Delete with owner replacement,Exclusive lockfile reachability under react-doctor. Actual replacement may introduce dependencies; this is a gross count.,@nodelib/fs.scandir@2.1.5; fast-glob@3.3.3,,No OSV match on audit date; not a safety guarantee
web/pnpm-lock.yaml,@nodelib/fs.walk,1.2.8,Delete with owner replacement,Exclusive lockfile reachability under react-doctor. Actual replacement may introduce dependencies; this is a gross count.,fast-glob@3.3.3,,No OSV match on audit date; not a safety guarantee
web/pnpm-lock.yaml,@oozcitak/dom,2.0.2,Keep through owner,Retain while required by parent packages. Do not fork or edit a transitive package to hide its dependency.,xmlbuilder2@4.0.3,,No OSV match on audit date; not a safety guarantee
web/pnpm-lock.yaml,@oozcitak/infra,2.0.2,Keep through owner,Retain while required by parent packages. Do not fork or edit a transitive package to hide its dependency.,@oozcitak/dom@2.0.2; @oozcitak/url@3.0.0; xmlbuilder2@4.0.3,,No OSV match on audit date; not a safety guarantee
web/pnpm-lock.yaml,@oozcitak/url,3.0.0,Keep through owner,Retain while required by parent packages. Do not fork or edit a transitive package to hide its dependency.,@oozcitak/dom@2.0.2,,No OSV match on audit date; not a safety guarantee
web/pnpm-lock.yaml,@oozcitak/util,10.0.0,Keep through owner,Retain while required by parent packages. Do not fork or edit a transitive package to hide its dependency.,@oozcitak/dom@2.0.2; @oozcitak/infra@2.0.2; @oozcitak/url@3.0.0; xmlbuilder2@4.0.3,,No OSV match on audit date; not a safety guarantee
web/pnpm-lock.yaml,@opentelemetry/api-logs,0.214.0,Delete with owner replacement,Exclusive lockfile reachability under react-doctor. Actual replacement may introduce dependencies; this is a gross count.,@opentelemetry/instrumentation@0.214.0,,No OSV match on audit date; not a safety guarantee
web/pnpm-lock.yaml,@opentelemetry/api,1.9.1,Delete with owner replacement,Exclusive lockfile reachability under react-doctor. Actual replacement may introduce dependencies; this is a gross count.,@opentelemetry/api-logs@0.214.0; @opentelemetry/core@2.8.0; @opentelemetry/instrumentation@0.214.0; @opentelemetry/resources@2.8.0; @opentelemetry/sdk-trace-base@2.8.0; @sentry/node-core@10.59.0; @sentry/node@10.59.0; @sentry/opentelemetry@10.59.0,,No OSV match on audit date; not a safety guarantee
web/pnpm-lock.yaml,@opentelemetry/core,2.8.0,Delete with owner replacement,Exclusive lockfile reachability under react-doctor. Actual replacement may introduce dependencies; this is a gross count.,@opentelemetry/resources@2.8.0; @opentelemetry/sdk-trace-base@2.8.0; @sentry/node-core@10.59.0; @sentry/node@10.59.0; @sentry/opentelemetry@10.59.0,,No OSV match on audit date; not a safety guarantee
web/pnpm-lock.yaml,@opentelemetry/instrumentation,0.214.0,Delete with owner replacement,Exclusive lockfile reachability under react-doctor. Actual replacement may introduce dependencies; this is a gross count.,@sentry/node-core@10.59.0; @sentry/node@10.59.0,,No OSV match on audit date; not a safety guarantee
web/pnpm-lock.yaml,@opentelemetry/resources,2.8.0,Delete with owner replacement,Exclusive lockfile reachability under react-doctor. Actual replacement may introduce dependencies; this is a gross count.,@opentelemetry/sdk-trace-base@2.8.0,,No OSV match on audit date; not a safety guarantee
web/pnpm-lock.yaml,@opentelemetry/sdk-trace-base,2.8.0,Delete with owner replacement,Exclusive lockfile reachability under react-doctor. Actual replacement may introduce dependencies; this is a gross count.,@sentry/node-core@10.59.0; @sentry/node@10.59.0; @sentry/opentelemetry@10.59.0,,No OSV match on audit date; not a safety guarantee
web/pnpm-lock.yaml,@opentelemetry/semantic-conventions,1.41.1,Delete with owner replacement,Exclusive lockfile reachability under react-doctor. Actual replacement may introduce dependencies; this is a gross count.,@opentelemetry/core@2.8.0; @opentelemetry/resources@2.8.0; @opentelemetry/sdk-trace-base@2.8.0; @sentry/node@10.59.0,,No OSV match on audit date; not a safety guarantee
web/pnpm-lock.yaml,@oxc-parser/binding-android-arm-eabi,0.132.0,Delete with owner replacement,Exclusive lockfile reachability under react-doctor. Actual replacement may introduce dependencies; this is a gross count.,oxc-parser@0.132.0,,No OSV match on audit date; not a safety guarantee
web/pnpm-lock.yaml,@oxc-parser/binding-android-arm-eabi,0.135.0,Delete with owner replacement,Exclusive lockfile reachability under react-doctor. Actual replacement may introduce dependencies; this is a gross count.,oxc-parser@0.135.0,,No OSV match on audit date; not a safety guarantee
web/pnpm-lock.yaml,@oxc-parser/binding-android-arm64,0.132.0,Delete with owner replacement,Exclusive lockfile reachability under react-doctor. Actual replacement may introduce dependencies; this is a gross count.,oxc-parser@0.132.0,,No OSV match on audit date; not a safety guarantee
web/pnpm-lock.yaml,@oxc-parser/binding-android-arm64,0.135.0,Delete with owner replacement,Exclusive lockfile reachability under react-doctor. Actual replacement may introduce dependencies; this is a gross count.,oxc-parser@0.135.0,,No OSV match on audit date; not a safety guarantee
web/pnpm-lock.yaml,@oxc-parser/binding-darwin-arm64,0.132.0,Delete with owner replacement,Exclusive lockfile reachability under react-doctor. Actual replacement may introduce dependencies; this is a gross count.,oxc-parser@0.132.0,,No OSV match on audit date; not a safety guarantee
web/pnpm-lock.yaml,@oxc-parser/binding-darwin-arm64,0.135.0,Delete with owner replacement,Exclusive lockfile reachability under react-doctor. Actual replacement may introduce dependencies; this is a gross count.,oxc-parser@0.135.0,,No OSV match on audit date; not a safety guarantee
web/pnpm-lock.yaml,@oxc-parser/binding-darwin-x64,0.132.0,Delete with owner replacement,Exclusive lockfile reachability under react-doctor. Actual replacement may introduce dependencies; this is a gross count.,oxc-parser@0.132.0,,No OSV match on audit date; not a safety guarantee
web/pnpm-lock.yaml,@oxc-parser/binding-darwin-x64,0.135.0,Delete with owner replacement,Exclusive lockfile reachability under react-doctor. Actual replacement may introduce dependencies; this is a gross count.,oxc-parser@0.135.0,,No OSV match on audit date; not a safety guarantee
web/pnpm-lock.yaml,@oxc-parser/binding-freebsd-x64,0.132.0,Delete with owner replacement,Exclusive lockfile reachability under react-doctor. Actual replacement may introduce dependencies; this is a gross count.,oxc-parser@0.132.0,,No OSV match on audit date; not a safety guarantee
web/pnpm-lock.yaml,@oxc-parser/binding-freebsd-x64,0.135.0,Delete with owner replacement,Exclusive lockfile reachability under react-doctor. Actual replacement may introduce dependencies; this is a gross count.,oxc-parser@0.135.0,,No OSV match on audit date; not a safety guarantee
web/pnpm-lock.yaml,@oxc-parser/binding-linux-arm-gnueabihf,0.132.0,Delete with owner replacement,Exclusive lockfile reachability under react-doctor. Actual replacement may introduce dependencies; this is a gross count.,oxc-parser@0.132.0,,No OSV match on audit date; not a safety guarantee
web/pnpm-lock.yaml,@oxc-parser/binding-linux-arm-gnueabihf,0.135.0,Delete with owner replacement,Exclusive lockfile reachability under react-doctor. Actual replacement may introduce dependencies; this is a gross count.,oxc-parser@0.135.0,,No OSV match on audit date; not a safety guarantee
web/pnpm-lock.yaml,@oxc-parser/binding-linux-arm-musleabihf,0.132.0,Delete with owner replacement,Exclusive lockfile reachability under react-doctor. Actual replacement may introduce dependencies; this is a gross count.,oxc-parser@0.132.0,,No OSV match on audit date; not a safety guarantee
web/pnpm-lock.yaml,@oxc-parser/binding-linux-arm-musleabihf,0.135.0,Delete with owner replacement,Exclusive lockfile reachability under react-doctor. Actual replacement may introduce dependencies; this is a gross count.,oxc-parser@0.135.0,,No OSV match on audit date; not a safety guarantee
web/pnpm-lock.yaml,@oxc-parser/binding-linux-arm64-gnu,0.132.0,Delete with owner replacement,Exclusive lockfile reachability under react-doctor. Actual replacement may introduce dependencies; this is a gross count.,oxc-parser@0.132.0,,No OSV match on audit date; not a safety guarantee
web/pnpm-lock.yaml,@oxc-parser/binding-linux-arm64-gnu,0.135.0,Delete with owner replacement,Exclusive lockfile reachability under react-doctor. Actual replacement may introduce dependencies; this is a gross count.,oxc-parser@0.135.0,,No OSV match on audit date; not a safety guarantee
web/pnpm-lock.yaml,@oxc-parser/binding-linux-arm64-musl,0.132.0,Delete with owner replacement,Exclusive lockfile reachability under react-doctor. Actual replacement may introduce dependencies; this is a gross count.,oxc-parser@0.132.0,,No OSV match on audit date; not a safety guarantee
web/pnpm-lock.yaml,@oxc-parser/binding-linux-arm64-musl,0.135.0,Delete with owner replacement,Exclusive lockfile reachability under react-doctor. Actual replacement may introduce dependencies; this is a gross count.,oxc-parser@0.135.0,,No OSV match on audit date; not a safety guarantee
web/pnpm-lock.yaml,@oxc-parser/binding-linux-ppc64-gnu,0.132.0,Delete with owner replacement,Exclusive lockfile reachability under react-doctor. Actual replacement may introduce dependencies; this is a gross count.,oxc-parser@0.132.0,,No OSV match on audit date; not a safety guarantee
web/pnpm-lock.yaml,@oxc-parser/binding-linux-ppc64-gnu,0.135.0,Delete with owner replacement,Exclusive lockfile reachability under react-doctor. Actual replacement may introduce dependencies; this is a gross count.,oxc-parser@0.135.0,,No OSV match on audit date; not a safety guarantee
web/pnpm-lock.yaml,@oxc-parser/binding-linux-riscv64-gnu,0.132.0,Delete with owner replacement,Exclusive lockfile reachability under react-doctor. Actual replacement may introduce dependencies; this is a gross count.,oxc-parser@0.132.0,,No OSV match on audit date; not a safety guarantee
web/pnpm-lock.yaml,@oxc-parser/binding-linux-riscv64-gnu,0.135.0,Delete with owner replacement,Exclusive lockfile reachability under react-doctor. Actual replacement may introduce dependencies; this is a gross count.,oxc-parser@0.135.0,,No OSV match on audit date; not a safety guarantee
web/pnpm-lock.yaml,@oxc-parser/binding-linux-riscv64-musl,0.132.0,Delete with owner replacement,Exclusive lockfile reachability under react-doctor. Actual replacement may introduce dependencies; this is a gross count.,oxc-parser@0.132.0,,No OSV match on audit date; not a safety guarantee
web/pnpm-lock.yaml,@oxc-parser/binding-linux-riscv64-musl,0.135.0,Delete with owner replacement,Exclusive lockfile reachability under react-doctor. Actual replacement may introduce dependencies; this is a gross count.,oxc-parser@0.135.0,,No OSV match on audit date; not a safety guarantee
web/pnpm-lock.yaml,@oxc-parser/binding-linux-s390x-gnu,0.132.0,Delete with owner replacement,Exclusive lockfile reachability under react-doctor. Actual replacement may introduce dependencies; this is a gross count.,oxc-parser@0.132.0,,No OSV match on audit date; not a safety guarantee
web/pnpm-lock.yaml,@oxc-parser/binding-linux-s390x-gnu,0.135.0,Delete with owner replacement,Exclusive lockfile reachability under react-doctor. Actual replacement may introduce dependencies; this is a gross count.,oxc-parser@0.135.0,,No OSV match on audit date; not a safety guarantee
web/pnpm-lock.yaml,@oxc-parser/binding-linux-x64-gnu,0.132.0,Delete with owner replacement,Exclusive lockfile reachability under react-doctor. Actual replacement may introduce dependencies; this is a gross count.,oxc-parser@0.132.0,,No OSV match on audit date; not a safety guarantee
web/pnpm-lock.yaml,@oxc-parser/binding-linux-x64-gnu,0.135.0,Delete with owner replacement,Exclusive lockfile reachability under react-doctor. Actual replacement may introduce dependencies; this is a gross count.,oxc-parser@0.135.0,,No OSV match on audit date; not a safety guarantee
web/pnpm-lock.yaml,@oxc-parser/binding-linux-x64-musl,0.132.0,Delete with owner replacement,Exclusive lockfile reachability under react-doctor. Actual replacement may introduce dependencies; this is a gross count.,oxc-parser@0.132.0,,No OSV match on audit date; not a safety guarantee
web/pnpm-lock.yaml,@oxc-parser/binding-linux-x64-musl,0.135.0,Delete with owner replacement,Exclusive lockfile reachability under react-doctor. Actual replacement may introduce dependencies; this is a gross count.,oxc-parser@0.135.0,,No OSV match on audit date; not a safety guarantee
web/pnpm-lock.yaml,@oxc-parser/binding-openharmony-arm64,0.132.0,Delete with owner replacement,Exclusive lockfile reachability under react-doctor. Actual replacement may introduce dependencies; this is a gross count.,oxc-parser@0.132.0,,No OSV match on audit date; not a safety guarantee
web/pnpm-lock.yaml,@oxc-parser/binding-openharmony-arm64,0.135.0,Delete with owner replacement,Exclusive lockfile reachability under react-doctor. Actual replacement may introduce dependencies; this is a gross count.,oxc-parser@0.135.0,,No OSV match on audit date; not a safety guarantee
web/pnpm-lock.yaml,@oxc-parser/binding-wasm32-wasi,0.132.0,Delete with owner replacement,Exclusive lockfile reachability under react-doctor. Actual replacement may introduce dependencies; this is a gross count.,oxc-parser@0.132.0,,No OSV match on audit date; not a safety guarantee
web/pnpm-lock.yaml,@oxc-parser/binding-wasm32-wasi,0.135.0,Delete with owner replacement,Exclusive lockfile reachability under react-doctor. Actual replacement may introduce dependencies; this is a gross count.,oxc-parser@0.135.0,,No OSV match on audit date; not a safety guarantee
web/pnpm-lock.yaml,@oxc-parser/binding-win32-arm64-msvc,0.132.0,Delete with owner replacement,Exclusive lockfile reachability under react-doctor. Actual replacement may introduce dependencies; this is a gross count.,oxc-parser@0.132.0,,No OSV match on audit date; not a safety guarantee
web/pnpm-lock.yaml,@oxc-parser/binding-win32-arm64-msvc,0.135.0,Delete with owner replacement,Exclusive lockfile reachability under react-doctor. Actual replacement may introduce dependencies; this is a gross count.,oxc-parser@0.135.0,,No OSV match on audit date; not a safety guarantee
web/pnpm-lock.yaml,@oxc-parser/binding-win32-ia32-msvc,0.132.0,Delete with owner replacement,Exclusive lockfile reachability under react-doctor. Actual replacement may introduce dependencies; this is a gross count.,oxc-parser@0.132.0,,No OSV match on audit date; not a safety guarantee
web/pnpm-lock.yaml,@oxc-parser/binding-win32-ia32-msvc,0.135.0,Delete with owner replacement,Exclusive lockfile reachability under react-doctor. Actual replacement may introduce dependencies; this is a gross count.,oxc-parser@0.135.0,,No OSV match on audit date; not a safety guarantee
web/pnpm-lock.yaml,@oxc-parser/binding-win32-x64-msvc,0.132.0,Delete with owner replacement,Exclusive lockfile reachability under react-doctor. Actual replacement may introduce dependencies; this is a gross count.,oxc-parser@0.132.0,,No OSV match on audit date; not a safety guarantee
web/pnpm-lock.yaml,@oxc-parser/binding-win32-x64-msvc,0.135.0,Delete with owner replacement,Exclusive lockfile reachability under react-doctor. Actual replacement may introduce dependencies; this is a gross count.,oxc-parser@0.135.0,,No OSV match on audit date; not a safety guarantee
web/pnpm-lock.yaml,@oxc-project/types,0.132.0,Delete with owner replacement,Exclusive lockfile reachability under react-doctor. Actual replacement may introduce dependencies; this is a gross count.,deslop-js@0.5.8; oxc-parser@0.132.0,,No OSV match on audit date; not a safety guarantee
web/pnpm-lock.yaml,@oxc-project/types,0.133.0,Keep through owner,Retain while required by parent packages. Do not fork or edit a transitive package to hide its dependency.,rolldown@1.0.3,,No OSV match on audit date; not a safety guarantee
web/pnpm-lock.yaml,@oxc-project/types,0.135.0,Keep through owner,Retain while required by parent packages. Do not fork or edit a transitive package to hide its dependency.,oxc-parser@0.135.0; rolldown@1.1.1,,No OSV match on audit date; not a safety guarantee
web/pnpm-lock.yaml,@oxc-resolver/binding-android-arm-eabi,11.21.3,Delete with owner replacement,Exclusive lockfile reachability under react-doctor. Actual replacement may introduce dependencies; this is a gross count.,oxc-resolver@11.21.3,,No OSV match on audit date; not a safety guarantee
web/pnpm-lock.yaml,@oxc-resolver/binding-android-arm64,11.21.3,Delete with owner replacement,Exclusive lockfile reachability under react-doctor. Actual replacement may introduce dependencies; this is a gross count.,oxc-resolver@11.21.3,,No OSV match on audit date; not a safety guarantee
web/pnpm-lock.yaml,@oxc-resolver/binding-darwin-arm64,11.21.3,Delete with owner replacement,Exclusive lockfile reachability under react-doctor. Actual replacement may introduce dependencies; this is a gross count.,oxc-resolver@11.21.3,,No OSV match on audit date; not a safety guarantee
web/pnpm-lock.yaml,@oxc-resolver/binding-darwin-x64,11.21.3,Delete with owner replacement,Exclusive lockfile reachability under react-doctor. Actual replacement may introduce dependencies; this is a gross count.,oxc-resolver@11.21.3,,No OSV match on audit date; not a safety guarantee
web/pnpm-lock.yaml,@oxc-resolver/binding-freebsd-x64,11.21.3,Delete with owner replacement,Exclusive lockfile reachability under react-doctor. Actual replacement may introduce dependencies; this is a gross count.,oxc-resolver@11.21.3,,No OSV match on audit date; not a safety guarantee
web/pnpm-lock.yaml,@oxc-resolver/binding-linux-arm-gnueabihf,11.21.3,Delete with owner replacement,Exclusive lockfile reachability under react-doctor. Actual replacement may introduce dependencies; this is a gross count.,oxc-resolver@11.21.3,,No OSV match on audit date; not a safety guarantee
web/pnpm-lock.yaml,@oxc-resolver/binding-linux-arm-musleabihf,11.21.3,Delete with owner replacement,Exclusive lockfile reachability under react-doctor. Actual replacement may introduce dependencies; this is a gross count.,oxc-resolver@11.21.3,,No OSV match on audit date; not a safety guarantee
web/pnpm-lock.yaml,@oxc-resolver/binding-linux-arm64-gnu,11.21.3,Delete with owner replacement,Exclusive lockfile reachability under react-doctor. Actual replacement may introduce dependencies; this is a gross count.,oxc-resolver@11.21.3,,No OSV match on audit date; not a safety guarantee
web/pnpm-lock.yaml,@oxc-resolver/binding-linux-arm64-musl,11.21.3,Delete with owner replacement,Exclusive lockfile reachability under react-doctor. Actual replacement may introduce dependencies; this is a gross count.,oxc-resolver@11.21.3,,No OSV match on audit date; not a safety guarantee
web/pnpm-lock.yaml,@oxc-resolver/binding-linux-ppc64-gnu,11.21.3,Delete with owner replacement,Exclusive lockfile reachability under react-doctor. Actual replacement may introduce dependencies; this is a gross count.,oxc-resolver@11.21.3,,No OSV match on audit date; not a safety guarantee
web/pnpm-lock.yaml,@oxc-resolver/binding-linux-riscv64-gnu,11.21.3,Delete with owner replacement,Exclusive lockfile reachability under react-doctor. Actual replacement may introduce dependencies; this is a gross count.,oxc-resolver@11.21.3,,No OSV match on audit date; not a safety guarantee
web/pnpm-lock.yaml,@oxc-resolver/binding-linux-riscv64-musl,11.21.3,Delete with owner replacement,Exclusive lockfile reachability under react-doctor. Actual replacement may introduce dependencies; this is a gross count.,oxc-resolver@11.21.3,,No OSV match on audit date; not a safety guarantee
web/pnpm-lock.yaml,@oxc-resolver/binding-linux-s390x-gnu,11.21.3,Delete with owner replacement,Exclusive lockfile reachability under react-doctor. Actual replacement may introduce dependencies; this is a gross count.,oxc-resolver@11.21.3,,No OSV match on audit date; not a safety guarantee
web/pnpm-lock.yaml,@oxc-resolver/binding-linux-x64-gnu,11.21.3,Delete with owner replacement,Exclusive lockfile reachability under react-doctor. Actual replacement may introduce dependencies; this is a gross count.,oxc-resolver@11.21.3,,No OSV match on audit date; not a safety guarantee
web/pnpm-lock.yaml,@oxc-resolver/binding-linux-x64-musl,11.21.3,Delete with owner replacement,Exclusive lockfile reachability under react-doctor. Actual replacement may introduce dependencies; this is a gross count.,oxc-resolver@11.21.3,,No OSV match on audit date; not a safety guarantee
web/pnpm-lock.yaml,@oxc-resolver/binding-openharmony-arm64,11.21.3,Delete with owner replacement,Exclusive lockfile reachability under react-doctor. Actual replacement may introduce dependencies; this is a gross count.,oxc-resolver@11.21.3,,No OSV match on audit date; not a safety guarantee
web/pnpm-lock.yaml,@oxc-resolver/binding-wasm32-wasi,11.21.3,Delete with owner replacement,Exclusive lockfile reachability under react-doctor. Actual replacement may introduce dependencies; this is a gross count.,oxc-resolver@11.21.3,,No OSV match on audit date; not a safety guarantee
web/pnpm-lock.yaml,@oxc-resolver/binding-win32-arm64-msvc,11.21.3,Delete with owner replacement,Exclusive lockfile reachability under react-doctor. Actual replacement may introduce dependencies; this is a gross count.,oxc-resolver@11.21.3,,No OSV match on audit date; not a safety guarantee
web/pnpm-lock.yaml,@oxc-resolver/binding-win32-x64-msvc,11.21.3,Delete with owner replacement,Exclusive lockfile reachability under react-doctor. Actual replacement may introduce dependencies; this is a gross count.,oxc-resolver@11.21.3,,No OSV match on audit date; not a safety guarantee
web/pnpm-lock.yaml,@oxlint/binding-android-arm-eabi,1.66.0,Delete with owner replacement,Exclusive lockfile reachability under react-doctor. Actual replacement may introduce dependencies; this is a gross count.,oxlint@1.66.0,,No OSV match on audit date; not a safety guarantee
web/pnpm-lock.yaml,@oxlint/binding-android-arm64,1.66.0,Delete with owner replacement,Exclusive lockfile reachability under react-doctor. Actual replacement may introduce dependencies; this is a gross count.,oxlint@1.66.0,,No OSV match on audit date; not a safety guarantee
web/pnpm-lock.yaml,@oxlint/binding-darwin-arm64,1.66.0,Delete with owner replacement,Exclusive lockfile reachability under react-doctor. Actual replacement may introduce dependencies; this is a gross count.,oxlint@1.66.0,,No OSV match on audit date; not a safety guarantee
web/pnpm-lock.yaml,@oxlint/binding-darwin-x64,1.66.0,Delete with owner replacement,Exclusive lockfile reachability under react-doctor. Actual replacement may introduce dependencies; this is a gross count.,oxlint@1.66.0,,No OSV match on audit date; not a safety guarantee
web/pnpm-lock.yaml,@oxlint/binding-freebsd-x64,1.66.0,Delete with owner replacement,Exclusive lockfile reachability under react-doctor. Actual replacement may introduce dependencies; this is a gross count.,oxlint@1.66.0,,No OSV match on audit date; not a safety guarantee
web/pnpm-lock.yaml,@oxlint/binding-linux-arm-gnueabihf,1.66.0,Delete with owner replacement,Exclusive lockfile reachability under react-doctor. Actual replacement may introduce dependencies; this is a gross count.,oxlint@1.66.0,,No OSV match on audit date; not a safety guarantee
web/pnpm-lock.yaml,@oxlint/binding-linux-arm-musleabihf,1.66.0,Delete with owner replacement,Exclusive lockfile reachability under react-doctor. Actual replacement may introduce dependencies; this is a gross count.,oxlint@1.66.0,,No OSV match on audit date; not a safety guarantee
web/pnpm-lock.yaml,@oxlint/binding-linux-arm64-gnu,1.66.0,Delete with owner replacement,Exclusive lockfile reachability under react-doctor. Actual replacement may introduce dependencies; this is a gross count.,oxlint@1.66.0,,No OSV match on audit date; not a safety guarantee
web/pnpm-lock.yaml,@oxlint/binding-linux-arm64-musl,1.66.0,Delete with owner replacement,Exclusive lockfile reachability under react-doctor. Actual replacement may introduce dependencies; this is a gross count.,oxlint@1.66.0,,No OSV match on audit date; not a safety guarantee
web/pnpm-lock.yaml,@oxlint/binding-linux-ppc64-gnu,1.66.0,Delete with owner replacement,Exclusive lockfile reachability under react-doctor. Actual replacement may introduce dependencies; this is a gross count.,oxlint@1.66.0,,No OSV match on audit date; not a safety guarantee
web/pnpm-lock.yaml,@oxlint/binding-linux-riscv64-gnu,1.66.0,Delete with owner replacement,Exclusive lockfile reachability under react-doctor. Actual replacement may introduce dependencies; this is a gross count.,oxlint@1.66.0,,No OSV match on audit date; not a safety guarantee
web/pnpm-lock.yaml,@oxlint/binding-linux-riscv64-musl,1.66.0,Delete with owner replacement,Exclusive lockfile reachability under react-doctor. Actual replacement may introduce dependencies; this is a gross count.,oxlint@1.66.0,,No OSV match on audit date; not a safety guarantee
web/pnpm-lock.yaml,@oxlint/binding-linux-s390x-gnu,1.66.0,Delete with owner replacement,Exclusive lockfile reachability under react-doctor. Actual replacement may introduce dependencies; this is a gross count.,oxlint@1.66.0,,No OSV match on audit date; not a safety guarantee
web/pnpm-lock.yaml,@oxlint/binding-linux-x64-gnu,1.66.0,Delete with owner replacement,Exclusive lockfile reachability under react-doctor. Actual replacement may introduce dependencies; this is a gross count.,oxlint@1.66.0,,No OSV match on audit date; not a safety guarantee
web/pnpm-lock.yaml,@oxlint/binding-linux-x64-musl,1.66.0,Delete with owner replacement,Exclusive lockfile reachability under react-doctor. Actual replacement may introduce dependencies; this is a gross count.,oxlint@1.66.0,,No OSV match on audit date; not a safety guarantee
web/pnpm-lock.yaml,@oxlint/binding-openharmony-arm64,1.66.0,Delete with owner replacement,Exclusive lockfile reachability under react-doctor. Actual replacement may introduce dependencies; this is a gross count.,oxlint@1.66.0,,No OSV match on audit date; not a safety guarantee
web/pnpm-lock.yaml,@oxlint/binding-win32-arm64-msvc,1.66.0,Delete with owner replacement,Exclusive lockfile reachability under react-doctor. Actual replacement may introduce dependencies; this is a gross count.,oxlint@1.66.0,,No OSV match on audit date; not a safety guarantee
web/pnpm-lock.yaml,@oxlint/binding-win32-ia32-msvc,1.66.0,Delete with owner replacement,Exclusive lockfile reachability under react-doctor. Actual replacement may introduce dependencies; this is a gross count.,oxlint@1.66.0,,No OSV match on audit date; not a safety guarantee
web/pnpm-lock.yaml,@oxlint/binding-win32-x64-msvc,1.66.0,Delete with owner replacement,Exclusive lockfile reachability under react-doctor. Actual replacement may introduce dependencies; this is a gross count.,oxlint@1.66.0,,No OSV match on audit date; not a safety guarantee
web/pnpm-lock.yaml,@pierre/diffs,1.2.11,Keep,"Core code/diff rendering, highlighting and worker integration. Evaluate 1.4.3 with existing worker-bundle and visual checks. Do not reimplement the main review renderer.",,,No OSV match on audit date; not a safety guarantee
web/pnpm-lock.yaml,@pierre/theme,1.0.3,Keep through owner,Retain while required by parent packages. Do not fork or edit a transitive package to hide its dependency.,@pierre/diffs@1.2.11; @pierre/theming@0.0.1,,No OSV match on audit date; not a safety guarantee
web/pnpm-lock.yaml,@pierre/theming,0.0.1,Keep through owner,Retain while required by parent packages. Do not fork or edit a transitive package to hide its dependency.,@pierre/diffs@1.2.11,,No OSV match on audit date; not a safety guarantee
web/pnpm-lock.yaml,@posthog/browser-common,0.5.0,Delete with owner replacement,Exclusive lockfile reachability under posthog-js. Actual replacement may introduce dependencies; this is a gross count.,posthog-js@1.417.1,,No OSV match on audit date; not a safety guarantee
web/pnpm-lock.yaml,@posthog/core,1.48.1,Delete with owner replacement,Exclusive lockfile reachability under posthog-js. Actual replacement may introduce dependencies; this is a gross count.,@posthog/browser-common@0.5.0; posthog-js@1.417.1,,No OSV match on audit date; not a safety guarantee
web/pnpm-lock.yaml,@posthog/types,1.404.1,Delete with owner replacement,Exclusive lockfile reachability under posthog-js. Actual replacement may introduce dependencies; this is a gross count.,@posthog/browser-common@0.5.0; @posthog/core@1.48.1; posthog-js@1.417.1,,No OSV match on audit date; not a safety guarantee
web/pnpm-lock.yaml,@radix-ui/primitive,1.1.4,Keep through owner,Retain while required by parent packages. Do not fork or edit a transitive package to hide its dependency.,@radix-ui/react-alert-dialog@1.1.17; @radix-ui/react-dialog@1.1.17; @radix-ui/react-dismissable-layer@1.1.13; @radix-ui/react-roving-focus@1.1.13; @radix-ui/react-switch@1.3.1; @radix-ui/react-toggle-group@1.1.13; @radix-ui/react-toggle@1.1.12; @radix-ui/react-tooltip@1.2.10,,No OSV match on audit date; not a safety guarantee
web/pnpm-lock.yaml,@radix-ui/react-alert-dialog,1.1.17,Keep,"Destructive action dialogs need focus trapping, restoration and keyboard behavior. Update with the other Radix packages.",,,No OSV match on audit date; not a safety guarantee
web/pnpm-lock.yaml,@radix-ui/react-arrow,1.1.10,Keep through owner,Retain while required by parent packages. Do not fork or edit a transitive package to hide its dependency.,@radix-ui/react-popper@1.3.1,,No OSV match on audit date; not a safety guarantee
web/pnpm-lock.yaml,@radix-ui/react-collection,1.1.10,Keep through owner,Retain while required by parent packages. Do not fork or edit a transitive package to hide its dependency.,@radix-ui/react-roving-focus@1.1.13,,No OSV match on audit date; not a safety guarantee
web/pnpm-lock.yaml,@radix-ui/react-compose-refs,1.1.3,Keep through owner,Retain while required by parent packages. Do not fork or edit a transitive package to hide its dependency.,@radix-ui/react-alert-dialog@1.1.17; @radix-ui/react-collection@1.1.10; @radix-ui/react-dialog@1.1.17; @radix-ui/react-dismissable-layer@1.1.13; @radix-ui/react-focus-scope@1.1.10; @radix-ui/react-popper@1.3.1; @radix-ui/react-roving-focus@1.1.13; @radix-ui/react-slot@1.3.0; @radix-ui/react-switch@1.3.1; @radix-ui/react-tooltip@1.2.10,,No OSV match on audit date; not a safety guarantee
web/pnpm-lock.yaml,@radix-ui/react-context,1.1.4,Keep through owner,Retain while required by parent packages. Do not fork or edit a transitive package to hide its dependency.,@radix-ui/react-alert-dialog@1.1.17; @radix-ui/react-collection@1.1.10; @radix-ui/react-dialog@1.1.17; @radix-ui/react-popper@1.3.1; @radix-ui/react-roving-focus@1.1.13; @radix-ui/react-switch@1.3.1; @radix-ui/react-toggle-group@1.1.13; @radix-ui/react-tooltip@1.2.10,,No OSV match on audit date; not a safety guarantee
web/pnpm-lock.yaml,@radix-ui/react-dialog,1.1.17,Keep,"Drawers, invitations and attachment previews use it. A native dialog migration is a UI project, not a free dependency deletion.",@radix-ui/react-alert-dialog@1.1.17,,No OSV match on audit date; not a safety guarantee
web/pnpm-lock.yaml,@radix-ui/react-direction,1.1.2,Keep through owner,Retain while required by parent packages. Do not fork or edit a transitive package to hide its dependency.,@radix-ui/react-roving-focus@1.1.13; @radix-ui/react-toggle-group@1.1.13,,No OSV match on audit date; not a safety guarantee
web/pnpm-lock.yaml,@radix-ui/react-dismissable-layer,1.1.13,Keep through owner,Retain while required by parent packages. Do not fork or edit a transitive package to hide its dependency.,@radix-ui/react-dialog@1.1.17; @radix-ui/react-tooltip@1.2.10,,No OSV match on audit date; not a safety guarantee
web/pnpm-lock.yaml,@radix-ui/react-focus-guards,1.1.4,Keep through owner,Retain while required by parent packages. Do not fork or edit a transitive package to hide its dependency.,@radix-ui/react-dialog@1.1.17,,No OSV match on audit date; not a safety guarantee
web/pnpm-lock.yaml,@radix-ui/react-focus-scope,1.1.10,Keep through owner,Retain while required by parent packages. Do not fork or edit a transitive package to hide its dependency.,@radix-ui/react-dialog@1.1.17,,No OSV match on audit date; not a safety guarantee
web/pnpm-lock.yaml,@radix-ui/react-id,1.1.2,Keep through owner,Retain while required by parent packages. Do not fork or edit a transitive package to hide its dependency.,@radix-ui/react-dialog@1.1.17; @radix-ui/react-roving-focus@1.1.13; @radix-ui/react-tooltip@1.2.10,,No OSV match on audit date; not a safety guarantee
web/pnpm-lock.yaml,@radix-ui/react-popper,1.3.1,Keep through owner,Retain while required by parent packages. Do not fork or edit a transitive package to hide its dependency.,@radix-ui/react-tooltip@1.2.10,,No OSV match on audit date; not a safety guarantee
web/pnpm-lock.yaml,@radix-ui/react-portal,1.1.12,Keep through owner,Retain while required by parent packages. Do not fork or edit a transitive package to hide its dependency.,@radix-ui/react-dialog@1.1.17; @radix-ui/react-tooltip@1.2.10,,No OSV match on audit date; not a safety guarantee
web/pnpm-lock.yaml,@radix-ui/react-presence,1.1.6,Keep through owner,Retain while required by parent packages. Do not fork or edit a transitive package to hide its dependency.,@radix-ui/react-dialog@1.1.17; @radix-ui/react-tooltip@1.2.10,,No OSV match on audit date; not a safety guarantee
web/pnpm-lock.yaml,@radix-ui/react-primitive,2.1.6,Keep through owner,Retain while required by parent packages. Do not fork or edit a transitive package to hide its dependency.,@radix-ui/react-alert-dialog@1.1.17; @radix-ui/react-arrow@1.1.10; @radix-ui/react-collection@1.1.10; @radix-ui/react-dialog@1.1.17; @radix-ui/react-dismissable-layer@1.1.13; @radix-ui/react-focus-scope@1.1.10; @radix-ui/react-popper@1.3.1; @radix-ui/react-portal@1.1.12; @radix-ui/react-roving-focus@1.1.13; @radix-ui/react-switch@1.3.1; @radix-ui/react-toggle-group@1.1.13; @radix-ui/react-toggle@1.1.12; @radix-ui/react-tooltip@1.2.10; @radix-ui/react-visually-hidden@1.2.6,,No OSV match on audit date; not a safety guarantee
web/pnpm-lock.yaml,@radix-ui/react-roving-focus,1.1.13,Keep through owner,Retain while required by parent packages. Do not fork or edit a transitive package to hide its dependency.,@radix-ui/react-toggle-group@1.1.13,,No OSV match on audit date; not a safety guarantee
web/pnpm-lock.yaml,@radix-ui/react-slot,1.3.0,Keep,Button asChild composition merges handlers/refs. Tiny and shared with other Radix primitives. Removing it alone does not remove the underlying graph.,@radix-ui/react-collection@1.1.10; @radix-ui/react-dialog@1.1.17; @radix-ui/react-primitive@2.1.6; @radix-ui/react-tooltip@1.2.10,,No OSV match on audit date; not a safety guarantee
web/pnpm-lock.yaml,@radix-ui/react-switch,1.3.1,Keep,"Repository permission controls. Native checkbox is a possible later UI simplification, but current keyboard/form behavior is useful and only two exclusive lock entries are at stake.",,,No OSV match on audit date; not a safety guarantee
web/pnpm-lock.yaml,@radix-ui/react-toggle-group,1.1.13,Keep,History and preview/source segmented choices use keyboard and selection semantics. Update with Radix; do not silently change them to unrelated buttons.,,,No OSV match on audit date; not a safety guarantee
web/pnpm-lock.yaml,@radix-ui/react-toggle,1.1.12,Keep through owner,Retain while required by parent packages. Do not fork or edit a transitive package to hide its dependency.,@radix-ui/react-toggle-group@1.1.13,,No OSV match on audit date; not a safety guarantee
web/pnpm-lock.yaml,@radix-ui/react-tooltip,1.2.10,Keep,Copy controls use accessible hover/focus tooltips. Keep with Radix and verify focus/escape behavior after updates.,,,No OSV match on audit date; not a safety guarantee
web/pnpm-lock.yaml,@radix-ui/react-use-callback-ref,1.1.2,Keep through owner,Retain while required by parent packages. Do not fork or edit a transitive package to hide its dependency.,@radix-ui/react-dismissable-layer@1.1.13; @radix-ui/react-focus-scope@1.1.10; @radix-ui/react-popper@1.3.1; @radix-ui/react-roving-focus@1.1.13; @radix-ui/react-use-escape-keydown@1.1.2,,No OSV match on audit date; not a safety guarantee
web/pnpm-lock.yaml,@radix-ui/react-use-controllable-state,1.2.3,Keep through owner,Retain while required by parent packages. Do not fork or edit a transitive package to hide its dependency.,@radix-ui/react-dialog@1.1.17; @radix-ui/react-roving-focus@1.1.13; @radix-ui/react-switch@1.3.1; @radix-ui/react-toggle-group@1.1.13; @radix-ui/react-toggle@1.1.12; @radix-ui/react-tooltip@1.2.10,,No OSV match on audit date; not a safety guarantee
web/pnpm-lock.yaml,@radix-ui/react-use-effect-event,0.0.3,Keep through owner,Retain while required by parent packages. Do not fork or edit a transitive package to hide its dependency.,@radix-ui/react-use-controllable-state@1.2.3,,No OSV match on audit date; not a safety guarantee
web/pnpm-lock.yaml,@radix-ui/react-use-escape-keydown,1.1.2,Keep through owner,Retain while required by parent packages. Do not fork or edit a transitive package to hide its dependency.,@radix-ui/react-dismissable-layer@1.1.13,,No OSV match on audit date; not a safety guarantee
web/pnpm-lock.yaml,@radix-ui/react-use-layout-effect,1.1.2,Keep through owner,Retain while required by parent packages. Do not fork or edit a transitive package to hide its dependency.,@radix-ui/react-id@1.1.2; @radix-ui/react-popper@1.3.1; @radix-ui/react-portal@1.1.12; @radix-ui/react-presence@1.1.6; @radix-ui/react-use-controllable-state@1.2.3; @radix-ui/react-use-effect-event@0.0.3; @radix-ui/react-use-size@1.1.2,,No OSV match on audit date; not a safety guarantee
web/pnpm-lock.yaml,@radix-ui/react-use-previous,1.1.2,Keep through owner,Retain while required by parent packages. Do not fork or edit a transitive package to hide its dependency.,@radix-ui/react-switch@1.3.1,,No OSV match on audit date; not a safety guarantee
web/pnpm-lock.yaml,@radix-ui/react-use-rect,1.1.2,Keep through owner,Retain while required by parent packages. Do not fork or edit a transitive package to hide its dependency.,@radix-ui/react-popper@1.3.1,,No OSV match on audit date; not a safety guarantee
web/pnpm-lock.yaml,@radix-ui/react-use-size,1.1.2,Keep through owner,Retain while required by parent packages. Do not fork or edit a transitive package to hide its dependency.,@radix-ui/react-popper@1.3.1; @radix-ui/react-switch@1.3.1,,No OSV match on audit date; not a safety guarantee
web/pnpm-lock.yaml,@radix-ui/react-visually-hidden,1.2.6,Keep through owner,Retain while required by parent packages. Do not fork or edit a transitive package to hide its dependency.,@radix-ui/react-tooltip@1.2.10,,No OSV match on audit date; not a safety guarantee
web/pnpm-lock.yaml,@radix-ui/rect,1.1.2,Keep through owner,Retain while required by parent packages. Do not fork or edit a transitive package to hide its dependency.,@radix-ui/react-popper@1.3.1; @radix-ui/react-use-rect@1.1.2,,No OSV match on audit date; not a safety guarantee
web/pnpm-lock.yaml,@rolldown/binding-android-arm64,1.0.3,Keep through owner,Retain while required by parent packages. Do not fork or edit a transitive package to hide its dependency.,rolldown@1.0.3,,No OSV match on audit date; not a safety guarantee
web/pnpm-lock.yaml,@rolldown/binding-android-arm64,1.1.1,Keep through owner,Retain while required by parent packages. Do not fork or edit a transitive package to hide its dependency.,rolldown@1.1.1,,No OSV match on audit date; not a safety guarantee
web/pnpm-lock.yaml,@rolldown/binding-darwin-arm64,1.0.3,Keep through owner,Retain while required by parent packages. Do not fork or edit a transitive package to hide its dependency.,rolldown@1.0.3,,No OSV match on audit date; not a safety guarantee
web/pnpm-lock.yaml,@rolldown/binding-darwin-arm64,1.1.1,Keep through owner,Retain while required by parent packages. Do not fork or edit a transitive package to hide its dependency.,rolldown@1.1.1,,No OSV match on audit date; not a safety guarantee
web/pnpm-lock.yaml,@rolldown/binding-darwin-x64,1.0.3,Keep through owner,Retain while required by parent packages. Do not fork or edit a transitive package to hide its dependency.,rolldown@1.0.3,,No OSV match on audit date; not a safety guarantee
web/pnpm-lock.yaml,@rolldown/binding-darwin-x64,1.1.1,Keep through owner,Retain while required by parent packages. Do not fork or edit a transitive package to hide its dependency.,rolldown@1.1.1,,No OSV match on audit date; not a safety guarantee
web/pnpm-lock.yaml,@rolldown/binding-freebsd-x64,1.0.3,Keep through owner,Retain while required by parent packages. Do not fork or edit a transitive package to hide its dependency.,rolldown@1.0.3,,No OSV match on audit date; not a safety guarantee
web/pnpm-lock.yaml,@rolldown/binding-freebsd-x64,1.1.1,Keep through owner,Retain while required by parent packages. Do not fork or edit a transitive package to hide its dependency.,rolldown@1.1.1,,No OSV match on audit date; not a safety guarantee
web/pnpm-lock.yaml,@rolldown/binding-linux-arm-gnueabihf,1.0.3,Keep through owner,Retain while required by parent packages. Do not fork or edit a transitive package to hide its dependency.,rolldown@1.0.3,,No OSV match on audit date; not a safety guarantee
web/pnpm-lock.yaml,@rolldown/binding-linux-arm-gnueabihf,1.1.1,Keep through owner,Retain while required by parent packages. Do not fork or edit a transitive package to hide its dependency.,rolldown@1.1.1,,No OSV match on audit date; not a safety guarantee
web/pnpm-lock.yaml,@rolldown/binding-linux-arm64-gnu,1.0.3,Keep through owner,Retain while required by parent packages. Do not fork or edit a transitive package to hide its dependency.,rolldown@1.0.3,,No OSV match on audit date; not a safety guarantee
web/pnpm-lock.yaml,@rolldown/binding-linux-arm64-gnu,1.1.1,Keep through owner,Retain while required by parent packages. Do not fork or edit a transitive package to hide its dependency.,rolldown@1.1.1,,No OSV match on audit date; not a safety guarantee
web/pnpm-lock.yaml,@rolldown/binding-linux-arm64-musl,1.0.3,Keep through owner,Retain while required by parent packages. Do not fork or edit a transitive package to hide its dependency.,rolldown@1.0.3,,No OSV match on audit date; not a safety guarantee
web/pnpm-lock.yaml,@rolldown/binding-linux-arm64-musl,1.1.1,Keep through owner,Retain while required by parent packages. Do not fork or edit a transitive package to hide its dependency.,rolldown@1.1.1,,No OSV match on audit date; not a safety guarantee
web/pnpm-lock.yaml,@rolldown/binding-linux-ppc64-gnu,1.0.3,Keep through owner,Retain while required by parent packages. Do not fork or edit a transitive package to hide its dependency.,rolldown@1.0.3,,No OSV match on audit date; not a safety guarantee
web/pnpm-lock.yaml,@rolldown/binding-linux-ppc64-gnu,1.1.1,Keep through owner,Retain while required by parent packages. Do not fork or edit a transitive package to hide its dependency.,rolldown@1.1.1,,No OSV match on audit date; not a safety guarantee
web/pnpm-lock.yaml,@rolldown/binding-linux-s390x-gnu,1.0.3,Keep through owner,Retain while required by parent packages. Do not fork or edit a transitive package to hide its dependency.,rolldown@1.0.3,,No OSV match on audit date; not a safety guarantee
web/pnpm-lock.yaml,@rolldown/binding-linux-s390x-gnu,1.1.1,Keep through owner,Retain while required by parent packages. Do not fork or edit a transitive package to hide its dependency.,rolldown@1.1.1,,No OSV match on audit date; not a safety guarantee
web/pnpm-lock.yaml,@rolldown/binding-linux-x64-gnu,1.0.3,Keep through owner,Retain while required by parent packages. Do not fork or edit a transitive package to hide its dependency.,rolldown@1.0.3,,No OSV match on audit date; not a safety guarantee
web/pnpm-lock.yaml,@rolldown/binding-linux-x64-gnu,1.1.1,Keep through owner,Retain while required by parent packages. Do not fork or edit a transitive package to hide its dependency.,rolldown@1.1.1,,No OSV match on audit date; not a safety guarantee
web/pnpm-lock.yaml,@rolldown/binding-linux-x64-musl,1.0.3,Keep through owner,Retain while required by parent packages. Do not fork or edit a transitive package to hide its dependency.,rolldown@1.0.3,,No OSV match on audit date; not a safety guarantee
web/pnpm-lock.yaml,@rolldown/binding-linux-x64-musl,1.1.1,Keep through owner,Retain while required by parent packages. Do not fork or edit a transitive package to hide its dependency.,rolldown@1.1.1,,No OSV match on audit date; not a safety guarantee
web/pnpm-lock.yaml,@rolldown/binding-openharmony-arm64,1.0.3,Keep through owner,Retain while required by parent packages. Do not fork or edit a transitive package to hide its dependency.,rolldown@1.0.3,,No OSV match on audit date; not a safety guarantee
web/pnpm-lock.yaml,@rolldown/binding-openharmony-arm64,1.1.1,Keep through owner,Retain while required by parent packages. Do not fork or edit a transitive package to hide its dependency.,rolldown@1.1.1,,No OSV match on audit date; not a safety guarantee
web/pnpm-lock.yaml,@rolldown/binding-wasm32-wasi,1.0.3,Keep through owner,Retain while required by parent packages. Do not fork or edit a transitive package to hide its dependency.,rolldown@1.0.3,,No OSV match on audit date; not a safety guarantee
web/pnpm-lock.yaml,@rolldown/binding-wasm32-wasi,1.1.1,Keep through owner,Retain while required by parent packages. Do not fork or edit a transitive package to hide its dependency.,rolldown@1.1.1,,No OSV match on audit date; not a safety guarantee
web/pnpm-lock.yaml,@rolldown/binding-win32-arm64-msvc,1.0.3,Keep through owner,Retain while required by parent packages. Do not fork or edit a transitive package to hide its dependency.,rolldown@1.0.3,,No OSV match on audit date; not a safety guarantee
web/pnpm-lock.yaml,@rolldown/binding-win32-arm64-msvc,1.1.1,Keep through owner,Retain while required by parent packages. Do not fork or edit a transitive package to hide its dependency.,rolldown@1.1.1,,No OSV match on audit date; not a safety guarantee
web/pnpm-lock.yaml,@rolldown/binding-win32-x64-msvc,1.0.3,Keep through owner,Retain while required by parent packages. Do not fork or edit a transitive package to hide its dependency.,rolldown@1.0.3,,No OSV match on audit date; not a safety guarantee
web/pnpm-lock.yaml,@rolldown/binding-win32-x64-msvc,1.1.1,Keep through owner,Retain while required by parent packages. Do not fork or edit a transitive package to hide its dependency.,rolldown@1.1.1,,No OSV match on audit date; not a safety guarantee
web/pnpm-lock.yaml,@rolldown/pluginutils,1.0.1,Keep through owner,Retain while required by parent packages. Do not fork or edit a transitive package to hide its dependency.,@vitejs/plugin-react@6.0.2; rolldown@1.0.3; rolldown@1.1.1,,No OSV match on audit date; not a safety guarantee
web/pnpm-lock.yaml,@sentry/conventions,0.12.0,Delete with owner replacement,Exclusive lockfile reachability under react-doctor. Actual replacement may introduce dependencies; this is a gross count.,@sentry/node-core@10.59.0; @sentry/opentelemetry@10.59.0; @sentry/server-utils@10.59.0,,No OSV match on audit date; not a safety guarantee
web/pnpm-lock.yaml,@sentry/core,10.59.0,Delete with owner replacement,Exclusive lockfile reachability under react-doctor. Actual replacement may introduce dependencies; this is a gross count.,@sentry/node-core@10.59.0; @sentry/node@10.59.0; @sentry/opentelemetry@10.59.0; @sentry/server-utils@10.59.0,,No OSV match on audit date; not a safety guarantee
web/pnpm-lock.yaml,@sentry/node-core,10.59.0,Delete with owner replacement,Exclusive lockfile reachability under react-doctor. Actual replacement may introduce dependencies; this is a gross count.,@sentry/node@10.59.0,,No OSV match on audit date; not a safety guarantee
web/pnpm-lock.yaml,@sentry/node,10.59.0,Delete with owner replacement,Exclusive lockfile reachability under react-doctor. Actual replacement may introduce dependencies; this is a gross count.,react-doctor@0.5.8,,No OSV match on audit date; not a safety guarantee
web/pnpm-lock.yaml,@sentry/opentelemetry,10.59.0,Delete with owner replacement,Exclusive lockfile reachability under react-doctor. Actual replacement may introduce dependencies; this is a gross count.,@sentry/node-core@10.59.0; @sentry/node@10.59.0,,No OSV match on audit date; not a safety guarantee
web/pnpm-lock.yaml,@sentry/server-utils,10.59.0,Delete with owner replacement,Exclusive lockfile reachability under react-doctor. Actual replacement may introduce dependencies; this is a gross count.,@sentry/node@10.59.0,,No OSV match on audit date; not a safety guarantee
web/pnpm-lock.yaml,@shikijs/core,4.2.0,Keep through owner,Retain while required by parent packages. Do not fork or edit a transitive package to hide its dependency.,@shikijs/transformers@4.2.0; shiki@4.2.0,,No OSV match on audit date; not a safety guarantee
web/pnpm-lock.yaml,@shikijs/engine-javascript,4.2.0,Keep through owner,Retain while required by parent packages. Do not fork or edit a transitive package to hide its dependency.,shiki@4.2.0,,No OSV match on audit date; not a safety guarantee
web/pnpm-lock.yaml,@shikijs/engine-oniguruma,4.2.0,Keep through owner,Retain while required by parent packages. Do not fork or edit a transitive package to hide its dependency.,shiki@4.2.0,,No OSV match on audit date; not a safety guarantee
web/pnpm-lock.yaml,@shikijs/langs,4.2.0,Keep through owner,Retain while required by parent packages. Do not fork or edit a transitive package to hide its dependency.,shiki@4.2.0,,No OSV match on audit date; not a safety guarantee
web/pnpm-lock.yaml,@shikijs/primitive,4.2.0,Keep through owner,Retain while required by parent packages. Do not fork or edit a transitive package to hide its dependency.,@shikijs/core@4.2.0,,No OSV match on audit date; not a safety guarantee
web/pnpm-lock.yaml,@shikijs/themes,4.2.0,Keep through owner,Retain while required by parent packages. Do not fork or edit a transitive package to hide its dependency.,@pierre/theming@0.0.1; shiki@4.2.0,,No OSV match on audit date; not a safety guarantee
web/pnpm-lock.yaml,@shikijs/transformers,4.2.0,Keep through owner,Retain while required by parent packages. Do not fork or edit a transitive package to hide its dependency.,@pierre/diffs@1.2.11,,No OSV match on audit date; not a safety guarantee
web/pnpm-lock.yaml,@shikijs/types,4.2.0,Keep through owner,Retain while required by parent packages. Do not fork or edit a transitive package to hide its dependency.,@shikijs/core@4.2.0; @shikijs/engine-javascript@4.2.0; @shikijs/engine-oniguruma@4.2.0; @shikijs/langs@4.2.0; @shikijs/primitive@4.2.0; @shikijs/themes@4.2.0; @shikijs/transformers@4.2.0; shiki@4.2.0,,No OSV match on audit date; not a safety guarantee
web/pnpm-lock.yaml,@shikijs/vscode-textmate,10.0.2,Keep through owner,Retain while required by parent packages. Do not fork or edit a transitive package to hide its dependency.,@shikijs/core@4.2.0; @shikijs/engine-javascript@4.2.0; @shikijs/engine-oniguruma@4.2.0; @shikijs/primitive@4.2.0; @shikijs/types@4.2.0; shiki@4.2.0,,No OSV match on audit date; not a safety guarantee
web/pnpm-lock.yaml,@stablelib/base64,1.0.1,Keep through owner,Retain while required by parent packages. Do not fork or edit a transitive package to hide its dependency.,standardwebhooks@1.0.0,,No OSV match on audit date; not a safety guarantee
web/pnpm-lock.yaml,@tailwindcss/node,4.3.1,Keep through owner,Retain while required by parent packages. Do not fork or edit a transitive package to hide its dependency.,@tailwindcss/vite@4.3.1,,No OSV match on audit date; not a safety guarantee
web/pnpm-lock.yaml,@tailwindcss/oxide-android-arm64,4.3.1,Keep through owner,Retain while required by parent packages. Do not fork or edit a transitive package to hide its dependency.,@tailwindcss/oxide@4.3.1,,No OSV match on audit date; not a safety guarantee
web/pnpm-lock.yaml,@tailwindcss/oxide-darwin-arm64,4.3.1,Keep through owner,Retain while required by parent packages. Do not fork or edit a transitive package to hide its dependency.,@tailwindcss/oxide@4.3.1,,No OSV match on audit date; not a safety guarantee
web/pnpm-lock.yaml,@tailwindcss/oxide-darwin-x64,4.3.1,Keep through owner,Retain while required by parent packages. Do not fork or edit a transitive package to hide its dependency.,@tailwindcss/oxide@4.3.1,,No OSV match on audit date; not a safety guarantee
web/pnpm-lock.yaml,@tailwindcss/oxide-freebsd-x64,4.3.1,Keep through owner,Retain while required by parent packages. Do not fork or edit a transitive package to hide its dependency.,@tailwindcss/oxide@4.3.1,,No OSV match on audit date; not a safety guarantee
web/pnpm-lock.yaml,@tailwindcss/oxide-linux-arm-gnueabihf,4.3.1,Keep through owner,Retain while required by parent packages. Do not fork or edit a transitive package to hide its dependency.,@tailwindcss/oxide@4.3.1,,No OSV match on audit date; not a safety guarantee
web/pnpm-lock.yaml,@tailwindcss/oxide-linux-arm64-gnu,4.3.1,Keep through owner,Retain while required by parent packages. Do not fork or edit a transitive package to hide its dependency.,@tailwindcss/oxide@4.3.1,,No OSV match on audit date; not a safety guarantee
web/pnpm-lock.yaml,@tailwindcss/oxide-linux-arm64-musl,4.3.1,Keep through owner,Retain while required by parent packages. Do not fork or edit a transitive package to hide its dependency.,@tailwindcss/oxide@4.3.1,,No OSV match on audit date; not a safety guarantee
web/pnpm-lock.yaml,@tailwindcss/oxide-linux-x64-gnu,4.3.1,Keep through owner,Retain while required by parent packages. Do not fork or edit a transitive package to hide its dependency.,@tailwindcss/oxide@4.3.1,,No OSV match on audit date; not a safety guarantee
web/pnpm-lock.yaml,@tailwindcss/oxide-linux-x64-musl,4.3.1,Keep through owner,Retain while required by parent packages. Do not fork or edit a transitive package to hide its dependency.,@tailwindcss/oxide@4.3.1,,No OSV match on audit date; not a safety guarantee
web/pnpm-lock.yaml,@tailwindcss/oxide-wasm32-wasi,4.3.1,Keep through owner,Retain while required by parent packages. Do not fork or edit a transitive package to hide its dependency.,@tailwindcss/oxide@4.3.1,,No OSV match on audit date; not a safety guarantee
web/pnpm-lock.yaml,@tailwindcss/oxide-win32-arm64-msvc,4.3.1,Keep through owner,Retain while required by parent packages. Do not fork or edit a transitive package to hide its dependency.,@tailwindcss/oxide@4.3.1,,No OSV match on audit date; not a safety guarantee
web/pnpm-lock.yaml,@tailwindcss/oxide-win32-x64-msvc,4.3.1,Keep through owner,Retain while required by parent packages. Do not fork or edit a transitive package to hide its dependency.,@tailwindcss/oxide@4.3.1,,No OSV match on audit date; not a safety guarantee
web/pnpm-lock.yaml,@tailwindcss/oxide,4.3.1,Keep through owner,Retain while required by parent packages. Do not fork or edit a transitive package to hide its dependency.,@tailwindcss/vite@4.3.1,,No OSV match on audit date; not a safety guarantee
web/pnpm-lock.yaml,@tailwindcss/vite,4.3.1,Keep,Required build integration. Move declaration to devDependencies with tailwindcss; that reclassification alone removes no lock entries. Upgrade both to 4.3.3.,,,No OSV match on audit date; not a safety guarantee
web/pnpm-lock.yaml,@tanstack/history,1.162.0,Keep through owner,Retain while required by parent packages. Do not fork or edit a transitive package to hide its dependency.,@tanstack/react-router@1.170.16; @tanstack/router-core@1.171.13; @tanstack/start-server-core@1.169.15,,No OSV match on audit date; not a safety guarantee
web/pnpm-lock.yaml,@tanstack/query-core,5.101.0,Keep through owner,Retain while required by parent packages. Do not fork or edit a transitive package to hide its dependency.,@clerk/shared@4.19.0,,No OSV match on audit date; not a safety guarantee
web/pnpm-lock.yaml,@tanstack/react-router,1.170.16,Keep,"Route definitions, navigation and generated routing. Update to 1.170.39 with Start and Clerk as a tested set.",@clerk/tanstack-react-start@1.4.5; @tanstack/react-start-client@1.168.14; @tanstack/react-start-rsc@0.1.25; @tanstack/react-start-server@1.167.20; @tanstack/react-start@1.168.26; @tanstack/router-plugin@1.168.18,,No OSV match on audit date; not a safety guarantee
web/pnpm-lock.yaml,@tanstack/react-start-client,1.168.14,Keep through owner,Retain while required by parent packages. Do not fork or edit a transitive package to hide its dependency.,@tanstack/react-start@1.168.26,,No OSV match on audit date; not a safety guarantee
web/pnpm-lock.yaml,@tanstack/react-start-rsc,0.1.25,Keep through owner,Retain while required by parent packages. Do not fork or edit a transitive package to hide its dependency.,@tanstack/react-start@1.168.26,,No OSV match on audit date; not a safety guarantee
web/pnpm-lock.yaml,@tanstack/react-start-server,1.167.20,Keep through owner,Retain while required by parent packages. Do not fork or edit a transitive package to hide its dependency.,@tanstack/react-start@1.168.26,,No OSV match on audit date; not a safety guarantee
web/pnpm-lock.yaml,@tanstack/react-start,1.168.26,Keep,SSR and server functions are embedded in the app. Update to 1.168.58 with Nitro/Clerk tests. No framework rewrite solely to shrink package count.,@clerk/tanstack-react-start@1.4.5,,No OSV match on audit date; not a safety guarantee
web/pnpm-lock.yaml,@tanstack/react-store,0.9.3,Keep through owner,Retain while required by parent packages. Do not fork or edit a transitive package to hide its dependency.,@tanstack/react-router@1.170.16,,No OSV match on audit date; not a safety guarantee
web/pnpm-lock.yaml,@tanstack/router-core,1.171.13,Keep through owner,Retain while required by parent packages. Do not fork or edit a transitive package to hide its dependency.,@tanstack/react-router@1.170.16; @tanstack/react-start-client@1.168.14; @tanstack/react-start-rsc@0.1.25; @tanstack/react-start-server@1.167.20; @tanstack/router-generator@1.167.17; @tanstack/router-plugin@1.168.18; @tanstack/start-client-core@1.170.12; @tanstack/start-plugin-core@1.171.18; @tanstack/start-server-core@1.169.15; @tanstack/start-storage-context@1.167.15,,No OSV match on audit date; not a safety guarantee
web/pnpm-lock.yaml,@tanstack/router-generator,1.167.17,Keep through owner,Retain while required by parent packages. Do not fork or edit a transitive package to hide its dependency.,@tanstack/router-plugin@1.168.18; @tanstack/start-plugin-core@1.171.18,,No OSV match on audit date; not a safety guarantee
web/pnpm-lock.yaml,@tanstack/router-plugin,1.168.18,Keep through owner,Retain while required by parent packages. Do not fork or edit a transitive package to hide its dependency.,@tanstack/start-plugin-core@1.171.18,,No OSV match on audit date; not a safety guarantee
web/pnpm-lock.yaml,@tanstack/router-utils,1.162.2,Keep through owner,Retain while required by parent packages. Do not fork or edit a transitive package to hide its dependency.,@tanstack/react-start-rsc@0.1.25; @tanstack/react-start@1.168.26; @tanstack/router-generator@1.167.17; @tanstack/router-plugin@1.168.18; @tanstack/start-plugin-core@1.171.18,,No OSV match on audit date; not a safety guarantee
web/pnpm-lock.yaml,@tanstack/start-client-core,1.170.12,Keep through owner,Retain while required by parent packages. Do not fork or edit a transitive package to hide its dependency.,@tanstack/react-start-client@1.168.14; @tanstack/react-start-rsc@0.1.25; @tanstack/react-start@1.168.26; @tanstack/start-server-core@1.169.15,,No OSV match on audit date; not a safety guarantee
web/pnpm-lock.yaml,@tanstack/start-fn-stubs,1.162.0,Keep through owner,Retain while required by parent packages. Do not fork or edit a transitive package to hide its dependency.,@tanstack/react-start-rsc@0.1.25; @tanstack/start-client-core@1.170.12,,No OSV match on audit date; not a safety guarantee
web/pnpm-lock.yaml,@tanstack/start-plugin-core,1.171.18,Keep through owner,Retain while required by parent packages. Do not fork or edit a transitive package to hide its dependency.,@tanstack/react-start-rsc@0.1.25; @tanstack/react-start@1.168.26,,No OSV match on audit date; not a safety guarantee
web/pnpm-lock.yaml,@tanstack/start-server-core,1.169.15,Keep through owner,Retain while required by parent packages. Do not fork or edit a transitive package to hide its dependency.,@tanstack/react-start-rsc@0.1.25; @tanstack/react-start-server@1.167.20; @tanstack/react-start@1.168.26; @tanstack/start-plugin-core@1.171.18,,No OSV match on audit date; not a safety guarantee
web/pnpm-lock.yaml,@tanstack/start-storage-context,1.167.15,Keep through owner,Retain while required by parent packages. Do not fork or edit a transitive package to hide its dependency.,@tanstack/react-start-rsc@0.1.25; @tanstack/start-client-core@1.170.12; @tanstack/start-server-core@1.169.15,,No OSV match on audit date; not a safety guarantee
web/pnpm-lock.yaml,@tanstack/store,0.9.3,Keep through owner,Retain while required by parent packages. Do not fork or edit a transitive package to hide its dependency.,@tanstack/react-store@0.9.3,,No OSV match on audit date; not a safety guarantee
web/pnpm-lock.yaml,@tanstack/virtual-file-routes,1.162.0,Keep through owner,Retain while required by parent packages. Do not fork or edit a transitive package to hide its dependency.,@tanstack/router-generator@1.167.17,,No OSV match on audit date; not a safety guarantee
web/pnpm-lock.yaml,@tybys/wasm-util,0.10.2,Keep through owner,Retain while required by parent packages. Do not fork or edit a transitive package to hide its dependency.,@napi-rs/wasm-runtime@1.1.5,,No OSV match on audit date; not a safety guarantee
web/pnpm-lock.yaml,@types/d3-array,3.2.2,Keep through owner,Retain while required by parent packages. Do not fork or edit a transitive package to hide its dependency.,@types/d3-contour@3.0.6; @types/d3@7.4.3,,No OSV match on audit date; not a safety guarantee
web/pnpm-lock.yaml,@types/d3-axis,3.0.6,Keep through owner,Retain while required by parent packages. Do not fork or edit a transitive package to hide its dependency.,@types/d3@7.4.3,,No OSV match on audit date; not a safety guarantee
web/pnpm-lock.yaml,@types/d3-brush,3.0.6,Keep through owner,Retain while required by parent packages. Do not fork or edit a transitive package to hide its dependency.,@types/d3@7.4.3,,No OSV match on audit date; not a safety guarantee
web/pnpm-lock.yaml,@types/d3-chord,3.0.6,Keep through owner,Retain while required by parent packages. Do not fork or edit a transitive package to hide its dependency.,@types/d3@7.4.3,,No OSV match on audit date; not a safety guarantee
web/pnpm-lock.yaml,@types/d3-color,3.1.3,Keep through owner,Retain while required by parent packages. Do not fork or edit a transitive package to hide its dependency.,@types/d3-interpolate@3.0.4; @types/d3@7.4.3,,No OSV match on audit date; not a safety guarantee
web/pnpm-lock.yaml,@types/d3-contour,3.0.6,Keep through owner,Retain while required by parent packages. Do not fork or edit a transitive package to hide its dependency.,@types/d3@7.4.3,,No OSV match on audit date; not a safety guarantee
web/pnpm-lock.yaml,@types/d3-delaunay,6.0.4,Keep through owner,Retain while required by parent packages. Do not fork or edit a transitive package to hide its dependency.,@types/d3@7.4.3,,No OSV match on audit date; not a safety guarantee
web/pnpm-lock.yaml,@types/d3-dispatch,3.0.7,Keep through owner,Retain while required by parent packages. Do not fork or edit a transitive package to hide its dependency.,@types/d3@7.4.3,,No OSV match on audit date; not a safety guarantee
web/pnpm-lock.yaml,@types/d3-drag,3.0.7,Keep through owner,Retain while required by parent packages. Do not fork or edit a transitive package to hide its dependency.,@types/d3@7.4.3,,No OSV match on audit date; not a safety guarantee
web/pnpm-lock.yaml,@types/d3-dsv,3.0.7,Keep through owner,Retain while required by parent packages. Do not fork or edit a transitive package to hide its dependency.,@types/d3-fetch@3.0.7; @types/d3@7.4.3,,No OSV match on audit date; not a safety guarantee
web/pnpm-lock.yaml,@types/d3-ease,3.0.2,Keep through owner,Retain while required by parent packages. Do not fork or edit a transitive package to hide its dependency.,@types/d3@7.4.3,,No OSV match on audit date; not a safety guarantee
web/pnpm-lock.yaml,@types/d3-fetch,3.0.7,Keep through owner,Retain while required by parent packages. Do not fork or edit a transitive package to hide its dependency.,@types/d3@7.4.3,,No OSV match on audit date; not a safety guarantee
web/pnpm-lock.yaml,@types/d3-force,3.0.10,Keep through owner,Retain while required by parent packages. Do not fork or edit a transitive package to hide its dependency.,@types/d3@7.4.3,,No OSV match on audit date; not a safety guarantee
web/pnpm-lock.yaml,@types/d3-format,3.0.4,Keep through owner,Retain while required by parent packages. Do not fork or edit a transitive package to hide its dependency.,@types/d3@7.4.3,,No OSV match on audit date; not a safety guarantee
web/pnpm-lock.yaml,@types/d3-geo,3.1.1,Keep through owner,Retain while required by parent packages. Do not fork or edit a transitive package to hide its dependency.,@types/d3@7.4.3,,No OSV match on audit date; not a safety guarantee
web/pnpm-lock.yaml,@types/d3-hierarchy,3.1.7,Keep through owner,Retain while required by parent packages. Do not fork or edit a transitive package to hide its dependency.,@types/d3@7.4.3,,No OSV match on audit date; not a safety guarantee
web/pnpm-lock.yaml,@types/d3-interpolate,3.0.4,Keep through owner,Retain while required by parent packages. Do not fork or edit a transitive package to hide its dependency.,@types/d3-zoom@3.0.8; @types/d3@7.4.3,,No OSV match on audit date; not a safety guarantee
web/pnpm-lock.yaml,@types/d3-path,3.1.1,Keep through owner,Retain while required by parent packages. Do not fork or edit a transitive package to hide its dependency.,@types/d3-shape@3.2.0; @types/d3@7.4.3,,No OSV match on audit date; not a safety guarantee
web/pnpm-lock.yaml,@types/d3-polygon,3.0.2,Keep through owner,Retain while required by parent packages. Do not fork or edit a transitive package to hide its dependency.,@types/d3@7.4.3,,No OSV match on audit date; not a safety guarantee
web/pnpm-lock.yaml,@types/d3-quadtree,3.0.6,Keep through owner,Retain while required by parent packages. Do not fork or edit a transitive package to hide its dependency.,@types/d3@7.4.3,,No OSV match on audit date; not a safety guarantee
web/pnpm-lock.yaml,@types/d3-random,3.0.4,Keep through owner,Retain while required by parent packages. Do not fork or edit a transitive package to hide its dependency.,@types/d3@7.4.3,,No OSV match on audit date; not a safety guarantee
web/pnpm-lock.yaml,@types/d3-scale-chromatic,3.1.0,Keep through owner,Retain while required by parent packages. Do not fork or edit a transitive package to hide its dependency.,@types/d3@7.4.3,,No OSV match on audit date; not a safety guarantee
web/pnpm-lock.yaml,@types/d3-scale,4.0.9,Keep through owner,Retain while required by parent packages. Do not fork or edit a transitive package to hide its dependency.,@types/d3@7.4.3,,No OSV match on audit date; not a safety guarantee
web/pnpm-lock.yaml,@types/d3-selection,3.0.12,Keep through owner,Retain while required by parent packages. Do not fork or edit a transitive package to hide its dependency.,@types/d3-axis@3.0.6; @types/d3-brush@3.0.6; @types/d3-drag@3.0.7; @types/d3-transition@3.0.9; @types/d3-zoom@3.0.8; @types/d3@7.4.3,,No OSV match on audit date; not a safety guarantee
web/pnpm-lock.yaml,@types/d3-shape,3.2.0,Keep through owner,Retain while required by parent packages. Do not fork or edit a transitive package to hide its dependency.,@types/d3@7.4.3,,No OSV match on audit date; not a safety guarantee
web/pnpm-lock.yaml,@types/d3-time-format,4.0.3,Keep through owner,Retain while required by parent packages. Do not fork or edit a transitive package to hide its dependency.,@types/d3@7.4.3,,No OSV match on audit date; not a safety guarantee
web/pnpm-lock.yaml,@types/d3-time,3.0.4,Keep through owner,Retain while required by parent packages. Do not fork or edit a transitive package to hide its dependency.,@types/d3-scale@4.0.9; @types/d3@7.4.3,,No OSV match on audit date; not a safety guarantee
web/pnpm-lock.yaml,@types/d3-timer,3.0.2,Keep through owner,Retain while required by parent packages. Do not fork or edit a transitive package to hide its dependency.,@types/d3@7.4.3,,No OSV match on audit date; not a safety guarantee
web/pnpm-lock.yaml,@types/d3-transition,3.0.9,Keep through owner,Retain while required by parent packages. Do not fork or edit a transitive package to hide its dependency.,@types/d3@7.4.3,,No OSV match on audit date; not a safety guarantee
web/pnpm-lock.yaml,@types/d3-zoom,3.0.8,Keep through owner,Retain while required by parent packages. Do not fork or edit a transitive package to hide its dependency.,@types/d3@7.4.3,,No OSV match on audit date; not a safety guarantee
web/pnpm-lock.yaml,@types/d3,7.4.3,Keep through owner,Retain while required by parent packages. Do not fork or edit a transitive package to hide its dependency.,mermaid@12.0.0,,No OSV match on audit date; not a safety guarantee
web/pnpm-lock.yaml,@types/debug,4.1.13,Keep through owner,Retain while required by parent packages. Do not fork or edit a transitive package to hide its dependency.,micromark@4.0.2,,No OSV match on audit date; not a safety guarantee
web/pnpm-lock.yaml,@types/esrecurse,4.3.1,Delete with owner replacement,Exclusive lockfile reachability under react-doctor. Actual replacement may introduce dependencies; this is a gross count.,eslint-scope@9.1.2,,No OSV match on audit date; not a safety guarantee
web/pnpm-lock.yaml,@types/estree-jsx,1.0.5,Keep through owner,Retain while required by parent packages. Do not fork or edit a transitive package to hide its dependency.,mdast-util-mdx-expression@2.0.1; mdast-util-mdx-jsx@3.2.0; mdast-util-mdxjs-esm@2.0.1,,No OSV match on audit date; not a safety guarantee
web/pnpm-lock.yaml,@types/estree,1.0.9,Keep through owner,Retain while required by parent packages. Do not fork or edit a transitive package to hide its dependency.,@apm-js-collab/code-transformer@0.15.0; @types/estree-jsx@1.0.5; eslint-scope@9.1.2; eslint@10.5.0; hast-util-to-jsx-runtime@2.3.6,,No OSV match on audit date; not a safety guarantee
web/pnpm-lock.yaml,@types/geojson,7946.0.16,Keep through owner,Retain while required by parent packages. Do not fork or edit a transitive package to hide its dependency.,@types/d3-contour@3.0.6; @types/d3-geo@3.1.1,,No OSV match on audit date; not a safety guarantee
web/pnpm-lock.yaml,@types/hast,3.0.4,Keep through owner,Retain while required by parent packages. Do not fork or edit a transitive package to hide its dependency.,@shikijs/core@4.2.0; @shikijs/primitive@4.2.0; @shikijs/types@4.2.0; hast-util-heading-rank@3.0.0; hast-util-to-html@9.0.5; hast-util-to-jsx-runtime@2.3.6; hast-util-to-string@3.0.1; hast-util-whitespace@3.0.0; mdast-util-mdx-expression@2.0.1; mdast-util-mdx-jsx@3.2.0; mdast-util-mdxjs-esm@2.0.1; mdast-util-to-hast@13.2.1; react-markdown@10.1.0; rehype-slug@6.0.0; remark-rehype@11.1.2; shiki@4.2.0,,No OSV match on audit date; not a safety guarantee
web/pnpm-lock.yaml,@types/json-schema,7.0.15,Delete with owner replacement,Exclusive lockfile reachability under react-doctor. Actual replacement may introduce dependencies; this is a gross count.,@eslint/core@1.2.1,,No OSV match on audit date; not a safety guarantee
web/pnpm-lock.yaml,@types/mdast,4.0.4,Keep through owner,Retain while required by parent packages. Do not fork or edit a transitive package to hide its dependency.,mdast-util-find-and-replace@3.0.2; mdast-util-from-markdown@2.0.3; mdast-util-gfm-autolink-literal@2.0.1; mdast-util-gfm-footnote@2.1.0; mdast-util-gfm-strikethrough@2.0.0; mdast-util-gfm-table@2.0.0; mdast-util-gfm-task-list-item@2.0.0; mdast-util-mdx-expression@2.0.1; mdast-util-mdx-jsx@3.2.0; mdast-util-mdxjs-esm@2.0.1; mdast-util-phrasing@4.1.0; mdast-util-to-hast@13.2.1; mdast-util-to-markdown@2.1.2; mdast-util-to-string@4.0.0; react-markdown@10.1.0; remark-gfm@4.0.1; remark-parse@11.0.0; remark-rehype@11.1.2; remark-stringify@11.0.0,,No OSV match on audit date; not a safety guarantee
web/pnpm-lock.yaml,@types/ms,2.1.0,Keep through owner,Retain while required by parent packages. Do not fork or edit a transitive package to hide its dependency.,@types/debug@4.1.13,,No OSV match on audit date; not a safety guarantee
web/pnpm-lock.yaml,@types/node,22.19.21,Keep,Align to maintained 24.x because Node runtime is 24. Current 22.x mismatches the runtime. Do not take registry latest 26.x blindly. Revisit the undici-types trust-policy exception afterward.,vite@8.0.16,,No OSV match on audit date; not a safety guarantee
web/pnpm-lock.yaml,@types/react-dom,19.2.3,Keep,Update with React DOM 19.3 and matching React types.,@radix-ui/react-alert-dialog@1.1.17; @radix-ui/react-arrow@1.1.10; @radix-ui/react-collection@1.1.10; @radix-ui/react-dialog@1.1.17; @radix-ui/react-dismissable-layer@1.1.13; @radix-ui/react-focus-scope@1.1.10; @radix-ui/react-popper@1.3.1; @radix-ui/react-portal@1.1.12; @radix-ui/react-presence@1.1.6; @radix-ui/react-primitive@2.1.6; @radix-ui/react-roving-focus@1.1.13; @radix-ui/react-switch@1.3.1; @radix-ui/react-toggle-group@1.1.13; @radix-ui/react-toggle@1.1.12; @radix-ui/react-tooltip@1.2.10; @radix-ui/react-visually-hidden@1.2.6,,No OSV match on audit date; not a safety guarantee
web/pnpm-lock.yaml,@types/react,19.2.17,Keep,Update with React 19.3. Static type declarations are build-time dependencies.,@radix-ui/react-alert-dialog@1.1.17; @radix-ui/react-arrow@1.1.10; @radix-ui/react-collection@1.1.10; @radix-ui/react-compose-refs@1.1.3; @radix-ui/react-context@1.1.4; @radix-ui/react-dialog@1.1.17; @radix-ui/react-direction@1.1.2; @radix-ui/react-dismissable-layer@1.1.13; @radix-ui/react-focus-guards@1.1.4; @radix-ui/react-focus-scope@1.1.10; @radix-ui/react-id@1.1.2; @radix-ui/react-popper@1.3.1; @radix-ui/react-portal@1.1.12; @radix-ui/react-presence@1.1.6; @radix-ui/react-primitive@2.1.6; @radix-ui/react-roving-focus@1.1.13; @radix-ui/react-slot@1.3.0; @radix-ui/react-switch@1.3.1; @radix-ui/react-toggle-group@1.1.13; @radix-ui/react-toggle@1.1.12; @radix-ui/react-tooltip@1.2.10; @radix-ui/react-use-callback-ref@1.1.2; @radix-ui/react-use-controllable-state@1.2.3; @radix-ui/react-use-effect-event@0.0.3; @radix-ui/react-use-escape-keydown@1.1.2; @radix-ui/react-use-layout-effect@1.1.2; @radix-ui/react-use-previous@1.1.2; @radix-ui/react-use-rect@1.1.2; @radix-ui/react-use-size@1.1.2; @radix-ui/react-visually-hidden@1.2.6; @types/react-dom@19.2.3; react-markdown@10.1.0; react-remove-scroll-bar@2.3.8; react-remove-scroll@2.7.2; react-style-singleton@2.2.3; use-callback-ref@1.3.3; use-sidecar@1.1.3,,No OSV match on audit date; not a safety guarantee
web/pnpm-lock.yaml,@types/trusted-types,2.0.7,Keep through owner,Retain while required by parent packages. Do not fork or edit a transitive package to hide its dependency.,dompurify@3.4.13; dompurify@3.4.14,,No OSV match on audit date; not a safety guarantee
web/pnpm-lock.yaml,@types/unist,2.0.11,Keep through owner,Retain while required by parent packages. Do not fork or edit a transitive package to hide its dependency.,parse-entities@4.0.2,,No OSV match on audit date; not a safety guarantee
web/pnpm-lock.yaml,@types/unist,3.0.3,Keep through owner,Retain while required by parent packages. Do not fork or edit a transitive package to hide its dependency.,@types/hast@3.0.4; @types/mdast@4.0.4; hast-util-to-html@9.0.5; hast-util-to-jsx-runtime@2.3.6; mdast-util-from-markdown@2.0.3; mdast-util-mdx-jsx@3.2.0; mdast-util-to-markdown@2.1.2; unified@11.0.5; unist-util-is@6.0.1; unist-util-position@5.0.0; unist-util-stringify-position@4.0.0; unist-util-visit-parents@6.0.2; unist-util-visit@5.1.0; vfile-message@4.0.3; vfile@6.0.3,,No OSV match on audit date; not a safety guarantee
web/pnpm-lock.yaml,@typescript-eslint/types,8.61.1,Delete with owner replacement,Exclusive lockfile reachability under react-doctor. Actual replacement may introduce dependencies; this is a gross count.,oxlint-plugin-react-doctor@0.5.8,,No OSV match on audit date; not a safety guarantee
web/pnpm-lock.yaml,@ungap/structured-clone,1.3.1,Keep through owner,Retain while required by parent packages. Do not fork or edit a transitive package to hide its dependency.,mdast-util-to-hast@13.2.1,,No OSV match on audit date; not a safety guarantee
web/pnpm-lock.yaml,@upsetjs/venn.js,2.0.0,Keep through owner,Retain while required by parent packages. Do not fork or edit a transitive package to hide its dependency.,mermaid@12.0.0,,No OSV match on audit date; not a safety guarantee
web/pnpm-lock.yaml,@vitejs/plugin-react,6.0.2,Keep,JSX development/build integration and refresh. Update to 6.1.1 with Vite and framework compatibility tests.,,,No OSV match on audit date; not a safety guarantee
web/pnpm-lock.yaml,acorn-import-attributes,1.9.5,Delete with owner replacement,Exclusive lockfile reachability under react-doctor. Actual replacement may introduce dependencies; this is a gross count.,import-in-the-middle@3.1.0,,No OSV match on audit date; not a safety guarantee
web/pnpm-lock.yaml,acorn-jsx,5.3.2,Delete with owner replacement,Exclusive lockfile reachability under react-doctor. Actual replacement may introduce dependencies; this is a gross count.,espree@11.2.0,,No OSV match on audit date; not a safety guarantee
web/pnpm-lock.yaml,acorn,8.17.0,Delete with owner replacement,Exclusive lockfile reachability under react-doctor. Actual replacement may introduce dependencies; this is a gross count.,acorn-import-attributes@1.9.5; acorn-jsx@5.3.2; espree@11.2.0; import-in-the-middle@3.1.0,,No OSV match on audit date; not a safety guarantee
web/pnpm-lock.yaml,agent-install,0.0.5,Delete with owner replacement,Exclusive lockfile reachability under react-doctor. Actual replacement may introduce dependencies; this is a gross count.,react-doctor@0.5.8,,No OSV match on audit date; not a safety guarantee
web/pnpm-lock.yaml,ajv-formats,3.0.1,Delete with owner replacement,Exclusive lockfile reachability under react-doctor. Actual replacement may introduce dependencies; this is a gross count.,conf@15.1.0,,No OSV match on audit date; not a safety guarantee
web/pnpm-lock.yaml,ajv,6.15.0,Keep,Compiles runtime API validators from exported JSON Schema. Current direct version is current; update affected fast-uri through its allowed range. Do not handwrite validators for every response.,eslint@10.5.0,,No OSV match on audit date; not a safety guarantee
web/pnpm-lock.yaml,ajv,8.20.0,Keep,Compiles runtime API validators from exported JSON Schema. Current direct version is current; update affected fast-uri through its allowed range. Do not handwrite validators for every response.,ajv-formats@3.0.1; conf@15.1.0,,No OSV match on audit date; not a safety guarantee
web/pnpm-lock.yaml,ansis,4.3.1,Keep through owner,Retain while required by parent packages. Do not fork or edit a transitive package to hide its dependency.,@tanstack/router-utils@1.162.2,,No OSV match on audit date; not a safety guarantee
web/pnpm-lock.yaml,argparse,2.0.1,Keep through owner,Retain while required by parent packages. Do not fork or edit a transitive package to hide its dependency.,js-yaml@4.2.0,,No OSV match on audit date; not a safety guarantee
web/pnpm-lock.yaml,aria-hidden,1.2.6,Keep through owner,Retain while required by parent packages. Do not fork or edit a transitive package to hide its dependency.,@radix-ui/react-dialog@1.1.17,,No OSV match on audit date; not a safety guarantee
web/pnpm-lock.yaml,astring,1.9.0,Delete with owner replacement,Exclusive lockfile reachability under react-doctor. Actual replacement may introduce dependencies; this is a gross count.,@apm-js-collab/code-transformer@0.15.0,,No OSV match on audit date; not a safety guarantee
web/pnpm-lock.yaml,atomically,2.1.1,Delete with owner replacement,Exclusive lockfile reachability under react-doctor. Actual replacement may introduce dependencies; this is a gross count.,conf@15.1.0,,No OSV match on audit date; not a safety guarantee
web/pnpm-lock.yaml,babel-dead-code-elimination,1.0.12,Keep through owner,Retain while required by parent packages. Do not fork or edit a transitive package to hide its dependency.,@tanstack/router-utils@1.162.2,,No OSV match on audit date; not a safety guarantee
web/pnpm-lock.yaml,bail,2.0.2,Keep through owner,Retain while required by parent packages. Do not fork or edit a transitive package to hide its dependency.,unified@11.0.5,,No OSV match on audit date; not a safety guarantee
web/pnpm-lock.yaml,balanced-match,4.0.4,Delete with owner replacement,Exclusive lockfile reachability under react-doctor. Actual replacement may introduce dependencies; this is a gross count.,brace-expansion@5.0.6,,No OSV match on audit date; not a safety guarantee
web/pnpm-lock.yaml,baseline-browser-mapping,2.10.37,Keep through owner,Retain while required by parent packages. Do not fork or edit a transitive package to hide its dependency.,browserslist@4.28.2,GHSA-w5vr-8v7q-w6rv,Review affected use and update parent/lock
web/pnpm-lock.yaml,brace-expansion,5.0.6,Delete with owner replacement,Exclusive lockfile reachability under react-doctor. Actual replacement may introduce dependencies; this is a gross count.,minimatch@10.2.5,GHSA-3jxr-9vmj-r5cp; GHSA-mh99-v99m-4gvg; GHSA-rgw5-rvv9-x895,Review affected use and update parent/lock
web/pnpm-lock.yaml,braces,3.0.3,Delete with owner replacement,Exclusive lockfile reachability under react-doctor. Actual replacement may introduce dependencies; this is a gross count.,micromatch@4.0.8,,No OSV match on audit date; not a safety guarantee
web/pnpm-lock.yaml,browserslist,4.28.2,Keep through owner,Retain while required by parent packages. Do not fork or edit a transitive package to hide its dependency.,@babel/helper-compilation-targets@7.29.7; update-browserslist-db@1.2.3,GHSA-73wf-gq98-2v4g; GHSA-c83g-rgw3-j3cx,Review affected use and update parent/lock
web/pnpm-lock.yaml,caniuse-lite,1.0.30001799,Keep through owner,Retain while required by parent packages. Do not fork or edit a transitive package to hide its dependency.,browserslist@4.28.2,,No OSV match on audit date; not a safety guarantee
web/pnpm-lock.yaml,ccount,2.0.1,Keep through owner,Retain while required by parent packages. Do not fork or edit a transitive package to hide its dependency.,hast-util-to-html@9.0.5; mdast-util-gfm-autolink-literal@2.0.1; mdast-util-mdx-jsx@3.2.0,,No OSV match on audit date; not a safety guarantee
web/pnpm-lock.yaml,character-entities-html4,2.1.0,Keep through owner,Retain while required by parent packages. Do not fork or edit a transitive package to hide its dependency.,stringify-entities@4.0.4,,No OSV match on audit date; not a safety guarantee
web/pnpm-lock.yaml,character-entities-legacy,3.0.0,Keep through owner,Retain while required by parent packages. Do not fork or edit a transitive package to hide its dependency.,parse-entities@4.0.2; stringify-entities@4.0.4,,No OSV match on audit date; not a safety guarantee
web/pnpm-lock.yaml,character-entities,2.0.2,Keep through owner,Retain while required by parent packages. Do not fork or edit a transitive package to hide its dependency.,decode-named-character-reference@1.3.0,,No OSV match on audit date; not a safety guarantee
web/pnpm-lock.yaml,character-reference-invalid,2.0.1,Keep through owner,Retain while required by parent packages. Do not fork or edit a transitive package to hide its dependency.,parse-entities@4.0.2,,No OSV match on audit date; not a safety guarantee
web/pnpm-lock.yaml,chevrotain,11.1.2,Keep through owner,Retain while required by parent packages. Do not fork or edit a transitive package to hide its dependency.,mermaid@12.0.0,,No OSV match on audit date; not a safety guarantee
web/pnpm-lock.yaml,chokidar,5.0.0,Keep through owner,Retain while required by parent packages. Do not fork or edit a transitive package to hide its dependency.,@tanstack/router-plugin@1.168.18; unstorage@2.0.0-alpha.7,,No OSV match on audit date; not a safety guarantee
web/pnpm-lock.yaml,citty,0.2.2,Delete with owner replacement,Exclusive lockfile reachability under konsistent. Actual replacement may introduce dependencies; this is a gross count.,@konsistent/convention@1.0.0-beta.1; konsistent@1.0.0-beta.1,,No OSV match on audit date; not a safety guarantee
web/pnpm-lock.yaml,cjs-module-lexer,2.2.0,Delete with owner replacement,Exclusive lockfile reachability under react-doctor. Actual replacement may introduce dependencies; this is a gross count.,import-in-the-middle@3.1.0,,No OSV match on audit date; not a safety guarantee
web/pnpm-lock.yaml,class-variance-authority,0.7.1,Rewrite,Only a few local style variant definitions need it. Replace those with typed class maps/functions using existing clsx. Saves one exclusive package; preserve the generated classes and variant types.,,,No OSV match on audit date; not a safety guarantee
web/pnpm-lock.yaml,clsx,2.1.1,Keep,"Small, shared class-list utility. Reimplementing it yields little and other libraries still use it.",class-variance-authority@0.7.1,,No OSV match on audit date; not a safety guarantee
web/pnpm-lock.yaml,comma-separated-tokens,2.0.3,Keep through owner,Retain while required by parent packages. Do not fork or edit a transitive package to hide its dependency.,hast-util-to-html@9.0.5; hast-util-to-jsx-runtime@2.3.6,,No OSV match on audit date; not a safety guarantee
web/pnpm-lock.yaml,commander,14.0.3,Delete with owner replacement,Exclusive lockfile reachability under react-doctor. Actual replacement may introduce dependencies; this is a gross count.,agent-install@0.0.5,,No OSV match on audit date; not a safety guarantee
web/pnpm-lock.yaml,commander,7.2.0,Keep through owner,Retain while required by parent packages. Do not fork or edit a transitive package to hide its dependency.,d3-dsv@3.0.1,,No OSV match on audit date; not a safety guarantee
web/pnpm-lock.yaml,commander,8.3.0,Keep through owner,Retain while required by parent packages. Do not fork or edit a transitive package to hide its dependency.,katex@0.16.47,,No OSV match on audit date; not a safety guarantee
web/pnpm-lock.yaml,conf,15.1.0,Delete with owner replacement,Exclusive lockfile reachability under react-doctor. Actual replacement may introduce dependencies; this is a gross count.,react-doctor@0.5.8,,No OSV match on audit date; not a safety guarantee
web/pnpm-lock.yaml,confbox,0.2.4,Delete with owner replacement,Exclusive lockfile reachability under react-doctor. Actual replacement may introduce dependencies; this is a gross count.,react-doctor@0.5.8,,No OSV match on audit date; not a safety guarantee
web/pnpm-lock.yaml,consola,3.4.2,Keep through owner,Retain while required by parent packages. Do not fork or edit a transitive package to hide its dependency.,nitro@3.0.260311-beta,,No OSV match on audit date; not a safety guarantee
web/pnpm-lock.yaml,convert-source-map,2.0.0,Keep through owner,Retain while required by parent packages. Do not fork or edit a transitive package to hide its dependency.,@babel/core@7.29.7,,No OSV match on audit date; not a safety guarantee
web/pnpm-lock.yaml,cookie-es,3.1.1,Keep through owner,Retain while required by parent packages. Do not fork or edit a transitive package to hide its dependency.,@tanstack/router-core@1.171.13,,No OSV match on audit date; not a safety guarantee
web/pnpm-lock.yaml,core-js,3.50.0,Delete with owner replacement,Exclusive lockfile reachability under posthog-js. Actual replacement may introduce dependencies; this is a gross count.,posthog-js@1.417.1,,No OSV match on audit date; not a safety guarantee
web/pnpm-lock.yaml,cose-base,1.0.3,Keep through owner,Retain while required by parent packages. Do not fork or edit a transitive package to hide its dependency.,cytoscape-cose-bilkent@4.1.0,,No OSV match on audit date; not a safety guarantee
web/pnpm-lock.yaml,cose-base,2.2.0,Keep through owner,Retain while required by parent packages. Do not fork or edit a transitive package to hide its dependency.,cytoscape-fcose@2.2.0,,No OSV match on audit date; not a safety guarantee
web/pnpm-lock.yaml,cross-spawn,7.0.6,Delete with owner replacement,Exclusive lockfile reachability under react-doctor. Actual replacement may introduce dependencies; this is a gross count.,eslint@10.5.0,,No OSV match on audit date; not a safety guarantee
web/pnpm-lock.yaml,crossws,0.4.6,Keep through owner,Retain while required by parent packages. Do not fork or edit a transitive package to hide its dependency.,env-runner@0.1.14; h3@2.0.1-rc.20; h3@2.0.1-rc.22; nitro@3.0.260311-beta,,No OSV match on audit date; not a safety guarantee
web/pnpm-lock.yaml,csstype,3.2.3,Keep through owner,Retain while required by parent packages. Do not fork or edit a transitive package to hide its dependency.,@types/react@19.2.17,,No OSV match on audit date; not a safety guarantee
web/pnpm-lock.yaml,cytoscape-cose-bilkent,4.1.0,Keep through owner,Retain while required by parent packages. Do not fork or edit a transitive package to hide its dependency.,mermaid@12.0.0,,No OSV match on audit date; not a safety guarantee
web/pnpm-lock.yaml,cytoscape-fcose,2.2.0,Keep through owner,Retain while required by parent packages. Do not fork or edit a transitive package to hide its dependency.,mermaid@12.0.0,,No OSV match on audit date; not a safety guarantee
web/pnpm-lock.yaml,cytoscape,3.34.3,Keep through owner,Retain while required by parent packages. Do not fork or edit a transitive package to hide its dependency.,cytoscape-cose-bilkent@4.1.0; cytoscape-fcose@2.2.0; mermaid@12.0.0,,No OSV match on audit date; not a safety guarantee
web/pnpm-lock.yaml,d3-array,2.12.1,Keep through owner,Retain while required by parent packages. Do not fork or edit a transitive package to hide its dependency.,d3-sankey@0.12.3,,No OSV match on audit date; not a safety guarantee
web/pnpm-lock.yaml,d3-array,3.2.4,Keep through owner,Retain while required by parent packages. Do not fork or edit a transitive package to hide its dependency.,d3-contour@4.0.2; d3-geo@3.1.1; d3-scale@4.0.2; d3-time@3.1.0; d3@7.9.0,,No OSV match on audit date; not a safety guarantee
web/pnpm-lock.yaml,d3-axis,3.0.0,Keep through owner,Retain while required by parent packages. Do not fork or edit a transitive package to hide its dependency.,d3@7.9.0,,No OSV match on audit date; not a safety guarantee
web/pnpm-lock.yaml,d3-brush,3.0.0,Keep through owner,Retain while required by parent packages. Do not fork or edit a transitive package to hide its dependency.,d3@7.9.0,,No OSV match on audit date; not a safety guarantee
web/pnpm-lock.yaml,d3-chord,3.0.1,Keep through owner,Retain while required by parent packages. Do not fork or edit a transitive package to hide its dependency.,d3@7.9.0,,No OSV match on audit date; not a safety guarantee
web/pnpm-lock.yaml,d3-color,3.1.0,Keep through owner,Retain while required by parent packages. Do not fork or edit a transitive package to hide its dependency.,d3-interpolate@3.0.1; d3-scale-chromatic@3.1.0; d3-transition@3.0.1; d3@7.9.0,,No OSV match on audit date; not a safety guarantee
web/pnpm-lock.yaml,d3-contour,4.0.2,Keep through owner,Retain while required by parent packages. Do not fork or edit a transitive package to hide its dependency.,d3@7.9.0,,No OSV match on audit date; not a safety guarantee
web/pnpm-lock.yaml,d3-delaunay,6.0.4,Keep through owner,Retain while required by parent packages. Do not fork or edit a transitive package to hide its dependency.,d3@7.9.0,,No OSV match on audit date; not a safety guarantee
web/pnpm-lock.yaml,d3-dispatch,3.0.1,Keep through owner,Retain while required by parent packages. Do not fork or edit a transitive package to hide its dependency.,d3-brush@3.0.0; d3-drag@3.0.0; d3-force@3.0.0; d3-transition@3.0.1; d3-zoom@3.0.0; d3@7.9.0,,No OSV match on audit date; not a safety guarantee
web/pnpm-lock.yaml,d3-drag,3.0.0,Keep through owner,Retain while required by parent packages. Do not fork or edit a transitive package to hide its dependency.,d3-brush@3.0.0; d3-zoom@3.0.0; d3@7.9.0,,No OSV match on audit date; not a safety guarantee
web/pnpm-lock.yaml,d3-dsv,3.0.1,Keep through owner,Retain while required by parent packages. Do not fork or edit a transitive package to hide its dependency.,d3-fetch@3.0.1; d3@7.9.0,,No OSV match on audit date; not a safety guarantee
web/pnpm-lock.yaml,d3-ease,3.0.1,Keep through owner,Retain while required by parent packages. Do not fork or edit a transitive package to hide its dependency.,d3-transition@3.0.1; d3@7.9.0,,No OSV match on audit date; not a safety guarantee
web/pnpm-lock.yaml,d3-fetch,3.0.1,Keep through owner,Retain while required by parent packages. Do not fork or edit a transitive package to hide its dependency.,d3@7.9.0,,No OSV match on audit date; not a safety guarantee
web/pnpm-lock.yaml,d3-force,3.0.0,Keep through owner,Retain while required by parent packages. Do not fork or edit a transitive package to hide its dependency.,d3@7.9.0,,No OSV match on audit date; not a safety guarantee
web/pnpm-lock.yaml,d3-format,3.1.2,Keep through owner,Retain while required by parent packages. Do not fork or edit a transitive package to hide its dependency.,d3-scale@4.0.2; d3@7.9.0,,No OSV match on audit date; not a safety guarantee
web/pnpm-lock.yaml,d3-geo,3.1.1,Keep through owner,Retain while required by parent packages. Do not fork or edit a transitive package to hide its dependency.,d3@7.9.0,,No OSV match on audit date; not a safety guarantee
web/pnpm-lock.yaml,d3-hierarchy,3.1.2,Keep through owner,Retain while required by parent packages. Do not fork or edit a transitive package to hide its dependency.,d3@7.9.0,,No OSV match on audit date; not a safety guarantee
web/pnpm-lock.yaml,d3-interpolate,3.0.1,Keep through owner,Retain while required by parent packages. Do not fork or edit a transitive package to hide its dependency.,d3-brush@3.0.0; d3-scale-chromatic@3.1.0; d3-scale@4.0.2; d3-transition@3.0.1; d3-zoom@3.0.0; d3@7.9.0,,No OSV match on audit date; not a safety guarantee
web/pnpm-lock.yaml,d3-path,1.0.9,Keep through owner,Retain while required by parent packages. Do not fork or edit a transitive package to hide its dependency.,d3-shape@1.3.7,,No OSV match on audit date; not a safety guarantee
web/pnpm-lock.yaml,d3-path,3.1.0,Keep through owner,Retain while required by parent packages. Do not fork or edit a transitive package to hide its dependency.,d3-chord@3.0.1; d3-shape@3.2.0; d3@7.9.0,,No OSV match on audit date; not a safety guarantee
web/pnpm-lock.yaml,d3-polygon,3.0.1,Keep through owner,Retain while required by parent packages. Do not fork or edit a transitive package to hide its dependency.,d3@7.9.0,,No OSV match on audit date; not a safety guarantee
web/pnpm-lock.yaml,d3-quadtree,3.0.1,Keep through owner,Retain while required by parent packages. Do not fork or edit a transitive package to hide its dependency.,d3-force@3.0.0; d3@7.9.0,,No OSV match on audit date; not a safety guarantee
web/pnpm-lock.yaml,d3-random,3.0.1,Keep through owner,Retain while required by parent packages. Do not fork or edit a transitive package to hide its dependency.,d3@7.9.0,,No OSV match on audit date; not a safety guarantee
web/pnpm-lock.yaml,d3-sankey,0.12.3,Keep through owner,Retain while required by parent packages. Do not fork or edit a transitive package to hide its dependency.,mermaid@12.0.0,,No OSV match on audit date; not a safety guarantee
web/pnpm-lock.yaml,d3-scale-chromatic,3.1.0,Keep through owner,Retain while required by parent packages. Do not fork or edit a transitive package to hide its dependency.,d3@7.9.0,,No OSV match on audit date; not a safety guarantee
web/pnpm-lock.yaml,d3-scale,4.0.2,Keep through owner,Retain while required by parent packages. Do not fork or edit a transitive package to hide its dependency.,d3@7.9.0,,No OSV match on audit date; not a safety guarantee
web/pnpm-lock.yaml,d3-selection,3.0.0,Keep through owner,Retain while required by parent packages. Do not fork or edit a transitive package to hide its dependency.,@upsetjs/venn.js@2.0.0; d3-brush@3.0.0; d3-drag@3.0.0; d3-transition@3.0.1; d3-zoom@3.0.0; d3@7.9.0,,No OSV match on audit date; not a safety guarantee
web/pnpm-lock.yaml,d3-shape,1.3.7,Keep through owner,Retain while required by parent packages. Do not fork or edit a transitive package to hide its dependency.,d3-sankey@0.12.3,,No OSV match on audit date; not a safety guarantee
web/pnpm-lock.yaml,d3-shape,3.2.0,Keep through owner,Retain while required by parent packages. Do not fork or edit a transitive package to hide its dependency.,d3@7.9.0,,No OSV match on audit date; not a safety guarantee
web/pnpm-lock.yaml,d3-time-format,4.1.0,Keep through owner,Retain while required by parent packages. Do not fork or edit a transitive package to hide its dependency.,d3-scale@4.0.2; d3@7.9.0,,No OSV match on audit date; not a safety guarantee
web/pnpm-lock.yaml,d3-time,3.1.0,Keep through owner,Retain while required by parent packages. Do not fork or edit a transitive package to hide its dependency.,d3-scale@4.0.2; d3-time-format@4.1.0; d3@7.9.0,,No OSV match on audit date; not a safety guarantee
web/pnpm-lock.yaml,d3-timer,3.0.1,Keep through owner,Retain while required by parent packages. Do not fork or edit a transitive package to hide its dependency.,d3-force@3.0.0; d3-transition@3.0.1; d3@7.9.0,,No OSV match on audit date; not a safety guarantee
web/pnpm-lock.yaml,d3-transition,3.0.1,Keep through owner,Retain while required by parent packages. Do not fork or edit a transitive package to hide its dependency.,@upsetjs/venn.js@2.0.0; d3-brush@3.0.0; d3-zoom@3.0.0; d3@7.9.0,,No OSV match on audit date; not a safety guarantee
web/pnpm-lock.yaml,d3-zoom,3.0.0,Keep through owner,Retain while required by parent packages. Do not fork or edit a transitive package to hide its dependency.,d3@7.9.0,,No OSV match on audit date; not a safety guarantee
web/pnpm-lock.yaml,d3,7.9.0,Keep through owner,Retain while required by parent packages. Do not fork or edit a transitive package to hide its dependency.,dagre-d3-es@7.0.14; mermaid@12.0.0,,No OSV match on audit date; not a safety guarantee
web/pnpm-lock.yaml,dagre-d3-es,7.0.14,Keep through owner,Retain while required by parent packages. Do not fork or edit a transitive package to hide its dependency.,mermaid@12.0.0,,No OSV match on audit date; not a safety guarantee
web/pnpm-lock.yaml,dayjs,1.11.23,Keep through owner,Retain while required by parent packages. Do not fork or edit a transitive package to hide its dependency.,mermaid@12.0.0,,No OSV match on audit date; not a safety guarantee
web/pnpm-lock.yaml,db0,0.3.4,Keep through owner,Retain while required by parent packages. Do not fork or edit a transitive package to hide its dependency.,nitro@3.0.260311-beta; unstorage@2.0.0-alpha.7,,No OSV match on audit date; not a safety guarantee
web/pnpm-lock.yaml,debounce-fn,6.0.0,Delete with owner replacement,Exclusive lockfile reachability under react-doctor. Actual replacement may introduce dependencies; this is a gross count.,conf@15.1.0,,No OSV match on audit date; not a safety guarantee
web/pnpm-lock.yaml,debug,4.4.3,Keep through owner,Retain while required by parent packages. Do not fork or edit a transitive package to hide its dependency.,@apm-js-collab/tracing-hooks@0.10.0; @babel/core@7.29.7; @babel/traverse@7.29.7; @eslint/config-array@0.23.5; eslint@10.5.0; micromark@4.0.2; require-in-the-middle@8.0.1,,No OSV match on audit date; not a safety guarantee
web/pnpm-lock.yaml,decode-named-character-reference,1.3.0,Keep through owner,Retain while required by parent packages. Do not fork or edit a transitive package to hide its dependency.,mdast-util-from-markdown@2.0.3; micromark-core-commonmark@2.0.3; micromark-util-decode-string@2.0.1; micromark@4.0.2; parse-entities@4.0.2,,No OSV match on audit date; not a safety guarantee
web/pnpm-lock.yaml,deep-is,0.1.4,Delete with owner replacement,Exclusive lockfile reachability under react-doctor. Actual replacement may introduce dependencies; this is a gross count.,optionator@0.9.4,,No OSV match on audit date; not a safety guarantee
web/pnpm-lock.yaml,delaunator,5.1.0,Keep through owner,Retain while required by parent packages. Do not fork or edit a transitive package to hide its dependency.,d3-delaunay@6.0.4,,No OSV match on audit date; not a safety guarantee
web/pnpm-lock.yaml,dequal,2.0.3,Keep through owner,Retain while required by parent packages. Do not fork or edit a transitive package to hide its dependency.,@clerk/shared@4.19.0; devlop@1.1.0,,No OSV match on audit date; not a safety guarantee
web/pnpm-lock.yaml,deslop-js,0.5.8,Delete with owner replacement,Exclusive lockfile reachability under react-doctor. Actual replacement may introduce dependencies; this is a gross count.,react-doctor@0.5.8,,No OSV match on audit date; not a safety guarantee
web/pnpm-lock.yaml,detect-libc,2.1.2,Keep through owner,Retain while required by parent packages. Do not fork or edit a transitive package to hide its dependency.,lightningcss@1.32.0,,No OSV match on audit date; not a safety guarantee
web/pnpm-lock.yaml,detect-node-es,1.1.0,Keep through owner,Retain while required by parent packages. Do not fork or edit a transitive package to hide its dependency.,use-sidecar@1.1.3,,No OSV match on audit date; not a safety guarantee
web/pnpm-lock.yaml,devlop,1.1.0,Keep through owner,Retain while required by parent packages. Do not fork or edit a transitive package to hide its dependency.,hast-util-to-jsx-runtime@2.3.6; mdast-util-from-markdown@2.0.3; mdast-util-gfm-autolink-literal@2.0.1; mdast-util-gfm-footnote@2.1.0; mdast-util-gfm-table@2.0.0; mdast-util-gfm-task-list-item@2.0.0; mdast-util-mdx-expression@2.0.1; mdast-util-mdx-jsx@3.2.0; mdast-util-mdxjs-esm@2.0.1; mdast-util-to-hast@13.2.1; micromark-core-commonmark@2.0.3; micromark-extension-gfm-footnote@2.1.0; micromark-extension-gfm-strikethrough@2.1.0; micromark-extension-gfm-table@2.1.1; micromark-extension-gfm-task-list-item@2.1.0; micromark-factory-label@2.0.1; micromark-util-subtokenize@2.1.0; micromark@4.0.2; react-markdown@10.1.0; unified@11.0.5,,No OSV match on audit date; not a safety guarantee
web/pnpm-lock.yaml,diff,8.0.3,Keep through owner,Retain while required by parent packages. Do not fork or edit a transitive package to hide its dependency.,@pierre/diffs@1.2.11,,No OSV match on audit date; not a safety guarantee
web/pnpm-lock.yaml,diff,8.0.4,Keep through owner,Retain while required by parent packages. Do not fork or edit a transitive package to hide its dependency.,@tanstack/router-utils@1.162.2,,No OSV match on audit date; not a safety guarantee
web/pnpm-lock.yaml,dompurify,3.4.13,Keep,Sanitizes SVG/HTML in diff and Mermaid rendering. Upgrade direct and nested eligible copies to 3.4.15 for XML clobbering hardening. Do not write a sanitizer.,posthog-js@1.417.1,,No OSV match on audit date; not a safety guarantee
web/pnpm-lock.yaml,dompurify,3.4.14,Keep,Sanitizes SVG/HTML in diff and Mermaid rendering. Upgrade direct and nested eligible copies to 3.4.15 for XML clobbering hardening. Do not write a sanitizer.,mermaid@12.0.0,,No OSV match on audit date; not a safety guarantee
web/pnpm-lock.yaml,dot-prop,10.1.0,Delete with owner replacement,Exclusive lockfile reachability under react-doctor. Actual replacement may introduce dependencies; this is a gross count.,conf@15.1.0,,No OSV match on audit date; not a safety guarantee
web/pnpm-lock.yaml,electron-to-chromium,1.5.375,Keep through owner,Retain while required by parent packages. Do not fork or edit a transitive package to hide its dependency.,browserslist@4.28.2,,No OSV match on audit date; not a safety guarantee
web/pnpm-lock.yaml,elkjs,0.9.3,Keep through owner,Retain while required by parent packages. Do not fork or edit a transitive package to hide its dependency.,mermaid@12.0.0,,No OSV match on audit date; not a safety guarantee
web/pnpm-lock.yaml,enhanced-resolve,5.21.6,Keep through owner,Retain while required by parent packages. Do not fork or edit a transitive package to hide its dependency.,@tailwindcss/node@4.3.1,,No OSV match on audit date; not a safety guarantee
web/pnpm-lock.yaml,env-paths,3.0.0,Delete with owner replacement,Exclusive lockfile reachability under react-doctor. Actual replacement may introduce dependencies; this is a gross count.,conf@15.1.0,,No OSV match on audit date; not a safety guarantee
web/pnpm-lock.yaml,env-runner,0.1.14,Keep through owner,Retain while required by parent packages. Do not fork or edit a transitive package to hide its dependency.,nitro@3.0.260311-beta,,No OSV match on audit date; not a safety guarantee
web/pnpm-lock.yaml,es-module-lexer,2.1.0,Delete with owner replacement,Exclusive lockfile reachability under react-doctor. Actual replacement may introduce dependencies; this is a gross count.,@apm-js-collab/code-transformer-bundler-plugins@0.5.0,,No OSV match on audit date; not a safety guarantee
web/pnpm-lock.yaml,es-toolkit,1.52.0,Keep through owner,Retain while required by parent packages. Do not fork or edit a transitive package to hide its dependency.,mermaid@12.0.0,,No OSV match on audit date; not a safety guarantee
web/pnpm-lock.yaml,escalade,3.2.0,Keep through owner,Retain while required by parent packages. Do not fork or edit a transitive package to hide its dependency.,update-browserslist-db@1.2.3,,No OSV match on audit date; not a safety guarantee
web/pnpm-lock.yaml,escape-string-regexp,4.0.0,Delete with owner replacement,Exclusive lockfile reachability under react-doctor. Actual replacement may introduce dependencies; this is a gross count.,eslint@10.5.0,,No OSV match on audit date; not a safety guarantee
web/pnpm-lock.yaml,escape-string-regexp,5.0.0,Keep through owner,Retain while required by parent packages. Do not fork or edit a transitive package to hide its dependency.,mdast-util-find-and-replace@3.0.2,,No OSV match on audit date; not a safety guarantee
web/pnpm-lock.yaml,eslint-plugin-react-hooks,7.1.1,Delete with owner replacement,Exclusive lockfile reachability under react-doctor. Actual replacement may introduce dependencies; this is a gross count.,react-doctor@0.5.8,,No OSV match on audit date; not a safety guarantee
web/pnpm-lock.yaml,eslint-scope,9.1.2,Delete with owner replacement,Exclusive lockfile reachability under react-doctor. Actual replacement may introduce dependencies; this is a gross count.,eslint@10.5.0; oxlint-plugin-react-doctor@0.5.8,,No OSV match on audit date; not a safety guarantee
web/pnpm-lock.yaml,eslint-visitor-keys,3.4.3,Delete with owner replacement,Exclusive lockfile reachability under react-doctor. Actual replacement may introduce dependencies; this is a gross count.,@eslint-community/eslint-utils@4.9.1,,No OSV match on audit date; not a safety guarantee
web/pnpm-lock.yaml,eslint-visitor-keys,5.0.1,Delete with owner replacement,Exclusive lockfile reachability under react-doctor. Actual replacement may introduce dependencies; this is a gross count.,eslint@10.5.0; espree@11.2.0; oxlint-plugin-react-doctor@0.5.8,,No OSV match on audit date; not a safety guarantee
web/pnpm-lock.yaml,eslint,10.5.0,Delete with owner replacement,Exclusive lockfile reachability under react-doctor. Actual replacement may introduce dependencies; this is a gross count.,@eslint-community/eslint-utils@4.9.1; eslint-plugin-react-hooks@7.1.1,,No OSV match on audit date; not a safety guarantee
web/pnpm-lock.yaml,espree,11.2.0,Delete with owner replacement,Exclusive lockfile reachability under react-doctor. Actual replacement may introduce dependencies; this is a gross count.,eslint@10.5.0,,No OSV match on audit date; not a safety guarantee
web/pnpm-lock.yaml,esquery,1.7.0,Delete with owner replacement,Exclusive lockfile reachability under react-doctor. Actual replacement may introduce dependencies; this is a gross count.,@apm-js-collab/code-transformer@0.15.0; eslint@10.5.0,,No OSV match on audit date; not a safety guarantee
web/pnpm-lock.yaml,esrecurse,4.3.0,Delete with owner replacement,Exclusive lockfile reachability under react-doctor. Actual replacement may introduce dependencies; this is a gross count.,eslint-scope@9.1.2,,No OSV match on audit date; not a safety guarantee
web/pnpm-lock.yaml,estraverse,5.3.0,Delete with owner replacement,Exclusive lockfile reachability under react-doctor. Actual replacement may introduce dependencies; this is a gross count.,eslint-scope@9.1.2; esquery@1.7.0; esrecurse@4.3.0,,No OSV match on audit date; not a safety guarantee
web/pnpm-lock.yaml,estree-util-is-identifier-name,3.0.0,Keep through owner,Retain while required by parent packages. Do not fork or edit a transitive package to hide its dependency.,hast-util-to-jsx-runtime@2.3.6,,No OSV match on audit date; not a safety guarantee
web/pnpm-lock.yaml,esutils,2.0.3,Delete with owner replacement,Exclusive lockfile reachability under react-doctor. Actual replacement may introduce dependencies; this is a gross count.,eslint@10.5.0,,No OSV match on audit date; not a safety guarantee
web/pnpm-lock.yaml,exsolve,1.0.8,Keep through owner,Retain while required by parent packages. Do not fork or edit a transitive package to hide its dependency.,@tanstack/start-plugin-core@1.171.18; env-runner@0.1.14,,No OSV match on audit date; not a safety guarantee
web/pnpm-lock.yaml,extend,3.0.2,Keep through owner,Retain while required by parent packages. Do not fork or edit a transitive package to hide its dependency.,unified@11.0.5,,No OSV match on audit date; not a safety guarantee
web/pnpm-lock.yaml,fast-deep-equal,3.1.3,Keep through owner,Retain while required by parent packages. Do not fork or edit a transitive package to hide its dependency.,ajv@6.15.0; ajv@8.20.0; eslint@10.5.0,,No OSV match on audit date; not a safety guarantee
web/pnpm-lock.yaml,fast-glob,3.3.3,Delete with owner replacement,Exclusive lockfile reachability under react-doctor. Actual replacement may introduce dependencies; this is a gross count.,deslop-js@0.5.8,,No OSV match on audit date; not a safety guarantee
web/pnpm-lock.yaml,fast-json-stable-stringify,2.1.0,Delete with owner replacement,Exclusive lockfile reachability under react-doctor. Actual replacement may introduce dependencies; this is a gross count.,ajv@6.15.0,,No OSV match on audit date; not a safety guarantee
web/pnpm-lock.yaml,fast-levenshtein,2.0.6,Delete with owner replacement,Exclusive lockfile reachability under react-doctor. Actual replacement may introduce dependencies; this is a gross count.,optionator@0.9.4,,No OSV match on audit date; not a safety guarantee
web/pnpm-lock.yaml,fast-sha256,1.3.0,Keep through owner,Retain while required by parent packages. Do not fork or edit a transitive package to hide its dependency.,standardwebhooks@1.0.0,,No OSV match on audit date; not a safety guarantee
web/pnpm-lock.yaml,fast-uri,3.1.2,Keep through owner,Retain while required by parent packages. Do not fork or edit a transitive package to hide its dependency.,ajv@8.20.0,GHSA-4c8g-83qw-93j6; GHSA-7p8r-x3mc-p8w7; GHSA-f65p-4m7j-42xc; GHSA-fph4-wmhf-6fwf; GHSA-jqff-g426-hqxp; GHSA-v2hh-gcrm-f6hx,Review affected use and update parent/lock
web/pnpm-lock.yaml,fastq,1.20.1,Delete with owner replacement,Exclusive lockfile reachability under react-doctor. Actual replacement may introduce dependencies; this is a gross count.,@nodelib/fs.walk@1.2.8,,No OSV match on audit date; not a safety guarantee
web/pnpm-lock.yaml,fdir,6.5.0,Keep through owner,Retain while required by parent packages. Do not fork or edit a transitive package to hide its dependency.,tinyglobby@0.2.17,,No OSV match on audit date; not a safety guarantee
web/pnpm-lock.yaml,fetchdts,0.1.7,Keep through owner,Retain while required by parent packages. Do not fork or edit a transitive package to hide its dependency.,@tanstack/start-server-core@1.169.15,,No OSV match on audit date; not a safety guarantee
web/pnpm-lock.yaml,fflate,0.4.9,Delete with owner replacement,Exclusive lockfile reachability under posthog-js. Actual replacement may introduce dependencies; this is a gross count.,posthog-js@1.417.1,,No OSV match on audit date; not a safety guarantee
web/pnpm-lock.yaml,file-entry-cache,8.0.0,Delete with owner replacement,Exclusive lockfile reachability under react-doctor. Actual replacement may introduce dependencies; this is a gross count.,eslint@10.5.0,,No OSV match on audit date; not a safety guarantee
web/pnpm-lock.yaml,fill-range,7.1.1,Delete with owner replacement,Exclusive lockfile reachability under react-doctor. Actual replacement may introduce dependencies; this is a gross count.,braces@3.0.3,,No OSV match on audit date; not a safety guarantee
web/pnpm-lock.yaml,find-up,5.0.0,Delete with owner replacement,Exclusive lockfile reachability under react-doctor. Actual replacement may introduce dependencies; this is a gross count.,eslint@10.5.0,,No OSV match on audit date; not a safety guarantee
web/pnpm-lock.yaml,flat-cache,4.0.1,Delete with owner replacement,Exclusive lockfile reachability under react-doctor. Actual replacement may introduce dependencies; this is a gross count.,file-entry-cache@8.0.0,,No OSV match on audit date; not a safety guarantee
web/pnpm-lock.yaml,flatted,3.4.2,Delete with owner replacement,Exclusive lockfile reachability under react-doctor. Actual replacement may introduce dependencies; this is a gross count.,flat-cache@4.0.1,,No OSV match on audit date; not a safety guarantee
web/pnpm-lock.yaml,framer-motion,12.42.2,Delete with owner replacement,Exclusive lockfile reachability under motion. Actual replacement may introduce dependencies; this is a gross count.,motion@12.42.2,,No OSV match on audit date; not a safety guarantee
web/pnpm-lock.yaml,fsevents,2.3.2,Keep through owner,Retain while required by parent packages. Do not fork or edit a transitive package to hide its dependency.,playwright@1.61.1,,No OSV match on audit date; not a safety guarantee
web/pnpm-lock.yaml,fsevents,2.3.3,Keep through owner,Retain while required by parent packages. Do not fork or edit a transitive package to hide its dependency.,vite@8.0.16,,No OSV match on audit date; not a safety guarantee
web/pnpm-lock.yaml,gensync,1.0.0-beta.2,Keep through owner,Retain while required by parent packages. Do not fork or edit a transitive package to hide its dependency.,@babel/core@7.29.7,,No OSV match on audit date; not a safety guarantee
web/pnpm-lock.yaml,get-nonce,1.0.1,Keep through owner,Retain while required by parent packages. Do not fork or edit a transitive package to hide its dependency.,react-style-singleton@2.2.3,,No OSV match on audit date; not a safety guarantee
web/pnpm-lock.yaml,github-slugger,2.0.0,Keep,Repository Markdown heading/fragment behavior. Shared with rehype-slug and handles punctuation/Unicode conventions. Keep both fragment generation and headings aligned.,rehype-slug@6.0.0,,No OSV match on audit date; not a safety guarantee
web/pnpm-lock.yaml,glob-parent,5.1.2,Delete with owner replacement,Exclusive lockfile reachability under react-doctor. Actual replacement may introduce dependencies; this is a gross count.,fast-glob@3.3.3,,No OSV match on audit date; not a safety guarantee
web/pnpm-lock.yaml,glob-parent,6.0.2,Delete with owner replacement,Exclusive lockfile reachability under react-doctor. Actual replacement may introduce dependencies; this is a gross count.,eslint@10.5.0,,No OSV match on audit date; not a safety guarantee
web/pnpm-lock.yaml,glob-to-regexp,0.4.1,Keep through owner,Retain while required by parent packages. Do not fork or edit a transitive package to hide its dependency.,@clerk/shared@4.19.0,,No OSV match on audit date; not a safety guarantee
web/pnpm-lock.yaml,graceful-fs,4.2.11,Keep through owner,Retain while required by parent packages. Do not fork or edit a transitive package to hide its dependency.,enhanced-resolve@5.21.6,,No OSV match on audit date; not a safety guarantee
web/pnpm-lock.yaml,h3,2.0.1-rc.20,Keep through owner,Retain while required by parent packages. Do not fork or edit a transitive package to hide its dependency.,@tanstack/start-server-core@1.169.15,,No OSV match on audit date; not a safety guarantee
web/pnpm-lock.yaml,h3,2.0.1-rc.22,Keep through owner,Retain while required by parent packages. Do not fork or edit a transitive package to hide its dependency.,nitro@3.0.260311-beta,,No OSV match on audit date; not a safety guarantee
web/pnpm-lock.yaml,hachure-fill,0.5.2,Keep through owner,Retain while required by parent packages. Do not fork or edit a transitive package to hide its dependency.,roughjs@4.6.6,,No OSV match on audit date; not a safety guarantee
web/pnpm-lock.yaml,hast-util-heading-rank,3.0.0,Keep through owner,Retain while required by parent packages. Do not fork or edit a transitive package to hide its dependency.,rehype-slug@6.0.0,,No OSV match on audit date; not a safety guarantee
web/pnpm-lock.yaml,hast-util-to-html,9.0.5,Keep through owner,Retain while required by parent packages. Do not fork or edit a transitive package to hide its dependency.,@pierre/diffs@1.2.11; @shikijs/core@4.2.0,,No OSV match on audit date; not a safety guarantee
web/pnpm-lock.yaml,hast-util-to-jsx-runtime,2.3.6,Keep through owner,Retain while required by parent packages. Do not fork or edit a transitive package to hide its dependency.,react-markdown@10.1.0,,No OSV match on audit date; not a safety guarantee
web/pnpm-lock.yaml,hast-util-to-string,3.0.1,Keep through owner,Retain while required by parent packages. Do not fork or edit a transitive package to hide its dependency.,rehype-slug@6.0.0,,No OSV match on audit date; not a safety guarantee
web/pnpm-lock.yaml,hast-util-whitespace,3.0.0,Keep through owner,Retain while required by parent packages. Do not fork or edit a transitive package to hide its dependency.,hast-util-to-html@9.0.5; hast-util-to-jsx-runtime@2.3.6,,No OSV match on audit date; not a safety guarantee
web/pnpm-lock.yaml,hermes-estree,0.25.1,Delete with owner replacement,Exclusive lockfile reachability under react-doctor. Actual replacement may introduce dependencies; this is a gross count.,hermes-parser@0.25.1,,No OSV match on audit date; not a safety guarantee
web/pnpm-lock.yaml,hermes-parser,0.25.1,Delete with owner replacement,Exclusive lockfile reachability under react-doctor. Actual replacement may introduce dependencies; this is a gross count.,eslint-plugin-react-hooks@7.1.1,,No OSV match on audit date; not a safety guarantee
web/pnpm-lock.yaml,hookable,6.1.1,Keep through owner,Retain while required by parent packages. Do not fork or edit a transitive package to hide its dependency.,nitro@3.0.260311-beta,,No OSV match on audit date; not a safety guarantee
web/pnpm-lock.yaml,html-url-attributes,3.0.1,Keep through owner,Retain while required by parent packages. Do not fork or edit a transitive package to hide its dependency.,react-markdown@10.1.0,,No OSV match on audit date; not a safety guarantee
web/pnpm-lock.yaml,html-void-elements,3.0.0,Keep through owner,Retain while required by parent packages. Do not fork or edit a transitive package to hide its dependency.,hast-util-to-html@9.0.5,,No OSV match on audit date; not a safety guarantee
web/pnpm-lock.yaml,httpxy,0.5.3,Keep through owner,Retain while required by parent packages. Do not fork or edit a transitive package to hide its dependency.,env-runner@0.1.14,,No OSV match on audit date; not a safety guarantee
web/pnpm-lock.yaml,iconv-lite,0.6.3,Keep through owner,Retain while required by parent packages. Do not fork or edit a transitive package to hide its dependency.,d3-dsv@3.0.1,,No OSV match on audit date; not a safety guarantee
web/pnpm-lock.yaml,ignore,5.3.2,Delete with owner replacement,Exclusive lockfile reachability under react-doctor. Actual replacement may introduce dependencies; this is a gross count.,eslint@10.5.0,,No OSV match on audit date; not a safety guarantee
web/pnpm-lock.yaml,import-in-the-middle,3.1.0,Delete with owner replacement,Exclusive lockfile reachability under react-doctor. Actual replacement may introduce dependencies; this is a gross count.,@opentelemetry/instrumentation@0.214.0; @sentry/node-core@10.59.0; @sentry/node@10.59.0,,No OSV match on audit date; not a safety guarantee
web/pnpm-lock.yaml,import-meta-resolve,4.2.0,Keep through owner,Retain while required by parent packages. Do not fork or edit a transitive package to hide its dependency.,@iconify/utils@3.1.7,,No OSV match on audit date; not a safety guarantee
web/pnpm-lock.yaml,imurmurhash,0.1.4,Delete with owner replacement,Exclusive lockfile reachability under react-doctor. Actual replacement may introduce dependencies; this is a gross count.,eslint@10.5.0,,No OSV match on audit date; not a safety guarantee
web/pnpm-lock.yaml,inline-style-parser,0.2.7,Keep through owner,Retain while required by parent packages. Do not fork or edit a transitive package to hide its dependency.,style-to-object@1.0.14,,No OSV match on audit date; not a safety guarantee
web/pnpm-lock.yaml,internmap,1.0.1,Keep through owner,Retain while required by parent packages. Do not fork or edit a transitive package to hide its dependency.,d3-array@2.12.1,,No OSV match on audit date; not a safety guarantee
web/pnpm-lock.yaml,internmap,2.0.3,Keep through owner,Retain while required by parent packages. Do not fork or edit a transitive package to hide its dependency.,d3-array@3.2.4,,No OSV match on audit date; not a safety guarantee
web/pnpm-lock.yaml,is-alphabetical,2.0.1,Keep through owner,Retain while required by parent packages. Do not fork or edit a transitive package to hide its dependency.,is-alphanumerical@2.0.1,,No OSV match on audit date; not a safety guarantee
web/pnpm-lock.yaml,is-alphanumerical,2.0.1,Keep through owner,Retain while required by parent packages. Do not fork or edit a transitive package to hide its dependency.,parse-entities@4.0.2,,No OSV match on audit date; not a safety guarantee
web/pnpm-lock.yaml,is-decimal,2.0.1,Keep through owner,Retain while required by parent packages. Do not fork or edit a transitive package to hide its dependency.,is-alphanumerical@2.0.1; parse-entities@4.0.2,,No OSV match on audit date; not a safety guarantee
web/pnpm-lock.yaml,is-extglob,2.1.1,Delete with owner replacement,Exclusive lockfile reachability under react-doctor. Actual replacement may introduce dependencies; this is a gross count.,is-glob@4.0.3,,No OSV match on audit date; not a safety guarantee
web/pnpm-lock.yaml,is-glob,4.0.3,Delete with owner replacement,Exclusive lockfile reachability under react-doctor. Actual replacement may introduce dependencies; this is a gross count.,eslint@10.5.0; glob-parent@5.1.2; glob-parent@6.0.2,,No OSV match on audit date; not a safety guarantee
web/pnpm-lock.yaml,is-hexadecimal,2.0.1,Keep through owner,Retain while required by parent packages. Do not fork or edit a transitive package to hide its dependency.,parse-entities@4.0.2,,No OSV match on audit date; not a safety guarantee
web/pnpm-lock.yaml,is-number,7.0.0,Delete with owner replacement,Exclusive lockfile reachability under react-doctor. Actual replacement may introduce dependencies; this is a gross count.,to-regex-range@5.0.1,,No OSV match on audit date; not a safety guarantee
web/pnpm-lock.yaml,is-plain-obj,4.1.0,Keep through owner,Retain while required by parent packages. Do not fork or edit a transitive package to hide its dependency.,unified@11.0.5,,No OSV match on audit date; not a safety guarantee
web/pnpm-lock.yaml,isbot,5.1.43,Keep through owner,Retain while required by parent packages. Do not fork or edit a transitive package to hide its dependency.,@tanstack/react-router@1.170.16,,No OSV match on audit date; not a safety guarantee
web/pnpm-lock.yaml,isexe,2.0.0,Delete with owner replacement,Exclusive lockfile reachability under react-doctor. Actual replacement may introduce dependencies; this is a gross count.,which@2.0.2,,No OSV match on audit date; not a safety guarantee
web/pnpm-lock.yaml,jiti,2.7.0,Keep through owner,Retain while required by parent packages. Do not fork or edit a transitive package to hide its dependency.,@konsistent/convention@1.0.0-beta.1; @tailwindcss/node@4.3.1; @tanstack/router-generator@1.167.17; eslint@10.5.0; nitro@3.0.260311-beta; react-doctor@0.5.8; vite@8.0.16,,No OSV match on audit date; not a safety guarantee
web/pnpm-lock.yaml,js-cookie,3.0.7,Keep through owner,Retain while required by parent packages. Do not fork or edit a transitive package to hide its dependency.,@clerk/shared@4.19.0,,No OSV match on audit date; not a safety guarantee
web/pnpm-lock.yaml,js-tokens,4.0.0,Keep through owner,Retain while required by parent packages. Do not fork or edit a transitive package to hide its dependency.,@babel/code-frame@7.27.1; @babel/code-frame@7.29.7,,No OSV match on audit date; not a safety guarantee
web/pnpm-lock.yaml,js-yaml,4.2.0,Keep through owner,Retain while required by parent packages. Do not fork or edit a transitive package to hide its dependency.,xmlbuilder2@4.0.3,GHSA-2883-xcg3-v3hh; GHSA-52cp-r559-cp3m; GHSA-5p4m-2wfm-xmqj,Review affected use and update parent/lock
web/pnpm-lock.yaml,jsesc,3.1.0,Keep through owner,Retain while required by parent packages. Do not fork or edit a transitive package to hide its dependency.,@babel/generator@7.29.7,,No OSV match on audit date; not a safety guarantee
web/pnpm-lock.yaml,json-buffer,3.0.1,Delete with owner replacement,Exclusive lockfile reachability under react-doctor. Actual replacement may introduce dependencies; this is a gross count.,keyv@4.5.4,,No OSV match on audit date; not a safety guarantee
web/pnpm-lock.yaml,json-schema-traverse,0.4.1,Delete with owner replacement,Exclusive lockfile reachability under react-doctor. Actual replacement may introduce dependencies; this is a gross count.,ajv@6.15.0,,No OSV match on audit date; not a safety guarantee
web/pnpm-lock.yaml,json-schema-traverse,1.0.0,Keep through owner,Retain while required by parent packages. Do not fork or edit a transitive package to hide its dependency.,ajv@8.20.0,,No OSV match on audit date; not a safety guarantee
web/pnpm-lock.yaml,json-schema-typed,8.0.2,Delete with owner replacement,Exclusive lockfile reachability under react-doctor. Actual replacement may introduce dependencies; this is a gross count.,conf@15.1.0,,No OSV match on audit date; not a safety guarantee
web/pnpm-lock.yaml,json-stable-stringify-without-jsonify,1.0.1,Delete with owner replacement,Exclusive lockfile reachability under react-doctor. Actual replacement may introduce dependencies; this is a gross count.,eslint@10.5.0,,No OSV match on audit date; not a safety guarantee
web/pnpm-lock.yaml,json5,2.2.3,Keep through owner,Retain while required by parent packages. Do not fork or edit a transitive package to hide its dependency.,@babel/core@7.29.7,,No OSV match on audit date; not a safety guarantee
web/pnpm-lock.yaml,jsonc-parser,3.3.1,Delete with owner replacement,Exclusive lockfile reachability under react-doctor. Actual replacement may introduce dependencies; this is a gross count.,agent-install@0.0.5,,No OSV match on audit date; not a safety guarantee
web/pnpm-lock.yaml,katex,0.16.47,Keep through owner,Retain while required by parent packages. Do not fork or edit a transitive package to hide its dependency.,mermaid@12.0.0,,No OSV match on audit date; not a safety guarantee
web/pnpm-lock.yaml,keyv,4.5.4,Delete with owner replacement,Exclusive lockfile reachability under react-doctor. Actual replacement may introduce dependencies; this is a gross count.,flat-cache@4.0.1,,No OSV match on audit date; not a safety guarantee
web/pnpm-lock.yaml,khroma,2.1.0,Keep through owner,Retain while required by parent packages. Do not fork or edit a transitive package to hide its dependency.,mermaid@12.0.0,,No OSV match on audit date; not a safety guarantee
web/pnpm-lock.yaml,kleur,3.0.3,Delete with owner replacement,Exclusive lockfile reachability under react-doctor. Actual replacement may introduce dependencies; this is a gross count.,prompts@2.4.2,,No OSV match on audit date; not a safety guarantee
web/pnpm-lock.yaml,konsistent,1.0.0-beta.1,Rewrite,"Only two configured export/naming conventions are used. Add those checks to existing TypeScript-based architecture scripts, then remove this CLI and its five exclusive snapshots, including a separate TypeScript 5.9.3.",,,No OSV match on audit date; not a safety guarantee
web/pnpm-lock.yaml,layout-base,1.0.2,Keep through owner,Retain while required by parent packages. Do not fork or edit a transitive package to hide its dependency.,cose-base@1.0.3,,No OSV match on audit date; not a safety guarantee
web/pnpm-lock.yaml,layout-base,2.0.1,Keep through owner,Retain while required by parent packages. Do not fork or edit a transitive package to hide its dependency.,cose-base@2.2.0,,No OSV match on audit date; not a safety guarantee
web/pnpm-lock.yaml,levn,0.4.1,Delete with owner replacement,Exclusive lockfile reachability under react-doctor. Actual replacement may introduce dependencies; this is a gross count.,@eslint/plugin-kit@0.7.2; optionator@0.9.4,,No OSV match on audit date; not a safety guarantee
web/pnpm-lock.yaml,lightningcss-android-arm64,1.32.0,Keep through owner,Retain while required by parent packages. Do not fork or edit a transitive package to hide its dependency.,lightningcss@1.32.0,,No OSV match on audit date; not a safety guarantee
web/pnpm-lock.yaml,lightningcss-darwin-arm64,1.32.0,Keep through owner,Retain while required by parent packages. Do not fork or edit a transitive package to hide its dependency.,lightningcss@1.32.0,,No OSV match on audit date; not a safety guarantee
web/pnpm-lock.yaml,lightningcss-darwin-x64,1.32.0,Keep through owner,Retain while required by parent packages. Do not fork or edit a transitive package to hide its dependency.,lightningcss@1.32.0,,No OSV match on audit date; not a safety guarantee
web/pnpm-lock.yaml,lightningcss-freebsd-x64,1.32.0,Keep through owner,Retain while required by parent packages. Do not fork or edit a transitive package to hide its dependency.,lightningcss@1.32.0,,No OSV match on audit date; not a safety guarantee
web/pnpm-lock.yaml,lightningcss-linux-arm-gnueabihf,1.32.0,Keep through owner,Retain while required by parent packages. Do not fork or edit a transitive package to hide its dependency.,lightningcss@1.32.0,,No OSV match on audit date; not a safety guarantee
web/pnpm-lock.yaml,lightningcss-linux-arm64-gnu,1.32.0,Keep through owner,Retain while required by parent packages. Do not fork or edit a transitive package to hide its dependency.,lightningcss@1.32.0,,No OSV match on audit date; not a safety guarantee
web/pnpm-lock.yaml,lightningcss-linux-arm64-musl,1.32.0,Keep through owner,Retain while required by parent packages. Do not fork or edit a transitive package to hide its dependency.,lightningcss@1.32.0,,No OSV match on audit date; not a safety guarantee
web/pnpm-lock.yaml,lightningcss-linux-x64-gnu,1.32.0,Keep through owner,Retain while required by parent packages. Do not fork or edit a transitive package to hide its dependency.,lightningcss@1.32.0,,No OSV match on audit date; not a safety guarantee
web/pnpm-lock.yaml,lightningcss-linux-x64-musl,1.32.0,Keep through owner,Retain while required by parent packages. Do not fork or edit a transitive package to hide its dependency.,lightningcss@1.32.0,,No OSV match on audit date; not a safety guarantee
web/pnpm-lock.yaml,lightningcss-win32-arm64-msvc,1.32.0,Keep through owner,Retain while required by parent packages. Do not fork or edit a transitive package to hide its dependency.,lightningcss@1.32.0,,No OSV match on audit date; not a safety guarantee
web/pnpm-lock.yaml,lightningcss-win32-x64-msvc,1.32.0,Keep through owner,Retain while required by parent packages. Do not fork or edit a transitive package to hide its dependency.,lightningcss@1.32.0,,No OSV match on audit date; not a safety guarantee
web/pnpm-lock.yaml,lightningcss,1.32.0,Keep through owner,Retain while required by parent packages. Do not fork or edit a transitive package to hide its dependency.,@tailwindcss/node@4.3.1; @tanstack/start-plugin-core@1.171.18; vite@8.0.16,,No OSV match on audit date; not a safety guarantee
web/pnpm-lock.yaml,locate-path,6.0.0,Delete with owner replacement,Exclusive lockfile reachability under react-doctor. Actual replacement may introduce dependencies; this is a gross count.,find-up@5.0.0,,No OSV match on audit date; not a safety guarantee
web/pnpm-lock.yaml,lodash-es,4.17.23,Keep through owner,Retain while required by parent packages. Do not fork or edit a transitive package to hide its dependency.,@chevrotain/cst-dts-gen@11.1.2; @chevrotain/gast@11.1.2; chevrotain@11.1.2,GHSA-f23m-r3pf-42rh; GHSA-r5fr-rjxr-66jc,Review affected use and update parent/lock
web/pnpm-lock.yaml,lodash-es,4.18.1,Keep through owner,Retain while required by parent packages. Do not fork or edit a transitive package to hide its dependency.,dagre-d3-es@7.0.14,,No OSV match on audit date; not a safety guarantee
web/pnpm-lock.yaml,longest-streak,3.1.0,Keep through owner,Retain while required by parent packages. Do not fork or edit a transitive package to hide its dependency.,mdast-util-to-markdown@2.1.2,,No OSV match on audit date; not a safety guarantee
web/pnpm-lock.yaml,lru-cache,5.1.1,Keep through owner,Retain while required by parent packages. Do not fork or edit a transitive package to hide its dependency.,@babel/helper-compilation-targets@7.29.7,,No OSV match on audit date; not a safety guarantee
web/pnpm-lock.yaml,lru_map,0.4.1,Keep through owner,Retain while required by parent packages. Do not fork or edit a transitive package to hide its dependency.,@pierre/diffs@1.2.11,,No OSV match on audit date; not a safety guarantee
web/pnpm-lock.yaml,lucide-react,0.562.0,Keep,Consistent icon set with many consumers. Evaluate 1.47.0 separately for export/name changes; a major update is lower priority than fixes. Vendoring every SVG still leaves upstream ownership.,,,No OSV match on audit date; not a safety guarantee
web/pnpm-lock.yaml,magic-string,0.30.21,Keep through owner,Retain while required by parent packages. Do not fork or edit a transitive package to hide its dependency.,@apm-js-collab/code-transformer-bundler-plugins@0.5.0; @sentry/server-utils@10.59.0; @tailwindcss/node@4.3.1; @tanstack/router-generator@1.167.17,,No OSV match on audit date; not a safety guarantee
web/pnpm-lock.yaml,magicast,0.5.3,Delete with owner replacement,Exclusive lockfile reachability under react-doctor. Actual replacement may introduce dependencies; this is a gross count.,react-doctor@0.5.8,,No OSV match on audit date; not a safety guarantee
web/pnpm-lock.yaml,markdown-table,3.0.4,Keep through owner,Retain while required by parent packages. Do not fork or edit a transitive package to hide its dependency.,mdast-util-gfm-table@2.0.0,,No OSV match on audit date; not a safety guarantee
web/pnpm-lock.yaml,marked,16.4.2,Keep through owner,Retain while required by parent packages. Do not fork or edit a transitive package to hide its dependency.,mermaid@12.0.0,,No OSV match on audit date; not a safety guarantee
web/pnpm-lock.yaml,mdast-util-find-and-replace,3.0.2,Keep through owner,Retain while required by parent packages. Do not fork or edit a transitive package to hide its dependency.,mdast-util-gfm-autolink-literal@2.0.1,,No OSV match on audit date; not a safety guarantee
web/pnpm-lock.yaml,mdast-util-from-markdown,2.0.3,Keep,"Attachment extraction needs parsed Markdown syntax, not regex. It is already part of the react-markdown ecosystem, so deletion saves little.",mdast-util-gfm-footnote@2.1.0; mdast-util-gfm-strikethrough@2.0.0; mdast-util-gfm-table@2.0.0; mdast-util-gfm-task-list-item@2.0.0; mdast-util-gfm@3.1.0; mdast-util-mdx-expression@2.0.1; mdast-util-mdx-jsx@3.2.0; mdast-util-mdxjs-esm@2.0.1; remark-parse@11.0.0,,No OSV match on audit date; not a safety guarantee
web/pnpm-lock.yaml,mdast-util-gfm-autolink-literal,2.0.1,Keep through owner,Retain while required by parent packages. Do not fork or edit a transitive package to hide its dependency.,mdast-util-gfm@3.1.0,,No OSV match on audit date; not a safety guarantee
web/pnpm-lock.yaml,mdast-util-gfm-footnote,2.1.0,Keep through owner,Retain while required by parent packages. Do not fork or edit a transitive package to hide its dependency.,mdast-util-gfm@3.1.0,,No OSV match on audit date; not a safety guarantee
web/pnpm-lock.yaml,mdast-util-gfm-strikethrough,2.0.0,Keep through owner,Retain while required by parent packages. Do not fork or edit a transitive package to hide its dependency.,mdast-util-gfm@3.1.0,,No OSV match on audit date; not a safety guarantee
web/pnpm-lock.yaml,mdast-util-gfm-table,2.0.0,Keep through owner,Retain while required by parent packages. Do not fork or edit a transitive package to hide its dependency.,mdast-util-gfm@3.1.0,,No OSV match on audit date; not a safety guarantee
web/pnpm-lock.yaml,mdast-util-gfm-task-list-item,2.0.0,Keep through owner,Retain while required by parent packages. Do not fork or edit a transitive package to hide its dependency.,mdast-util-gfm@3.1.0,,No OSV match on audit date; not a safety guarantee
web/pnpm-lock.yaml,mdast-util-gfm,3.1.0,Keep through owner,Retain while required by parent packages. Do not fork or edit a transitive package to hide its dependency.,remark-gfm@4.0.1,,No OSV match on audit date; not a safety guarantee
web/pnpm-lock.yaml,mdast-util-mdx-expression,2.0.1,Keep through owner,Retain while required by parent packages. Do not fork or edit a transitive package to hide its dependency.,hast-util-to-jsx-runtime@2.3.6,,No OSV match on audit date; not a safety guarantee
web/pnpm-lock.yaml,mdast-util-mdx-jsx,3.2.0,Keep through owner,Retain while required by parent packages. Do not fork or edit a transitive package to hide its dependency.,hast-util-to-jsx-runtime@2.3.6,,No OSV match on audit date; not a safety guarantee
web/pnpm-lock.yaml,mdast-util-mdxjs-esm,2.0.1,Keep through owner,Retain while required by parent packages. Do not fork or edit a transitive package to hide its dependency.,hast-util-to-jsx-runtime@2.3.6,,No OSV match on audit date; not a safety guarantee
web/pnpm-lock.yaml,mdast-util-phrasing,4.1.0,Keep through owner,Retain while required by parent packages. Do not fork or edit a transitive package to hide its dependency.,mdast-util-to-markdown@2.1.2,,No OSV match on audit date; not a safety guarantee
web/pnpm-lock.yaml,mdast-util-to-hast,13.2.1,Keep through owner,Retain while required by parent packages. Do not fork or edit a transitive package to hide its dependency.,hast-util-to-html@9.0.5; react-markdown@10.1.0; remark-rehype@11.1.2,,No OSV match on audit date; not a safety guarantee
web/pnpm-lock.yaml,mdast-util-to-markdown,2.1.2,Keep through owner,Retain while required by parent packages. Do not fork or edit a transitive package to hide its dependency.,mdast-util-gfm-footnote@2.1.0; mdast-util-gfm-strikethrough@2.0.0; mdast-util-gfm-table@2.0.0; mdast-util-gfm-task-list-item@2.0.0; mdast-util-gfm@3.1.0; mdast-util-mdx-expression@2.0.1; mdast-util-mdx-jsx@3.2.0; mdast-util-mdxjs-esm@2.0.1; remark-stringify@11.0.0,,No OSV match on audit date; not a safety guarantee
web/pnpm-lock.yaml,mdast-util-to-string,4.0.0,Keep through owner,Retain while required by parent packages. Do not fork or edit a transitive package to hide its dependency.,mdast-util-from-markdown@2.0.3; mdast-util-to-markdown@2.1.2,,No OSV match on audit date; not a safety guarantee
web/pnpm-lock.yaml,merge2,1.4.1,Delete with owner replacement,Exclusive lockfile reachability under react-doctor. Actual replacement may introduce dependencies; this is a gross count.,fast-glob@3.3.3,,No OSV match on audit date; not a safety guarantee
web/pnpm-lock.yaml,meriyah,6.1.4,Delete with owner replacement,Exclusive lockfile reachability under react-doctor. Actual replacement may introduce dependencies; this is a gross count.,@apm-js-collab/code-transformer@0.15.0,,No OSV match on audit date; not a safety guarantee
web/pnpm-lock.yaml,mermaid,12.0.0,Keep,"Keep while rendered diagrams remain a product feature. Already lazy loaded and cached. If diagrams are dispensable, delete the feature and show code blocks; 116 exclusive lock snapshots can go. Do not write a diagram language/layout engine.",,,No OSV match on audit date; not a safety guarantee
web/pnpm-lock.yaml,micromark-core-commonmark,2.0.3,Keep through owner,Retain while required by parent packages. Do not fork or edit a transitive package to hide its dependency.,micromark-extension-gfm-footnote@2.1.0; micromark@4.0.2,,No OSV match on audit date; not a safety guarantee
web/pnpm-lock.yaml,micromark-extension-gfm-autolink-literal,2.1.0,Keep through owner,Retain while required by parent packages. Do not fork or edit a transitive package to hide its dependency.,micromark-extension-gfm@3.0.0,,No OSV match on audit date; not a safety guarantee
web/pnpm-lock.yaml,micromark-extension-gfm-footnote,2.1.0,Keep through owner,Retain while required by parent packages. Do not fork or edit a transitive package to hide its dependency.,micromark-extension-gfm@3.0.0,,No OSV match on audit date; not a safety guarantee
web/pnpm-lock.yaml,micromark-extension-gfm-strikethrough,2.1.0,Keep through owner,Retain while required by parent packages. Do not fork or edit a transitive package to hide its dependency.,micromark-extension-gfm@3.0.0,,No OSV match on audit date; not a safety guarantee
web/pnpm-lock.yaml,micromark-extension-gfm-table,2.1.1,Keep through owner,Retain while required by parent packages. Do not fork or edit a transitive package to hide its dependency.,micromark-extension-gfm@3.0.0,,No OSV match on audit date; not a safety guarantee
web/pnpm-lock.yaml,micromark-extension-gfm-tagfilter,2.0.0,Keep through owner,Retain while required by parent packages. Do not fork or edit a transitive package to hide its dependency.,micromark-extension-gfm@3.0.0,,No OSV match on audit date; not a safety guarantee
web/pnpm-lock.yaml,micromark-extension-gfm-task-list-item,2.1.0,Keep through owner,Retain while required by parent packages. Do not fork or edit a transitive package to hide its dependency.,micromark-extension-gfm@3.0.0,,No OSV match on audit date; not a safety guarantee
web/pnpm-lock.yaml,micromark-extension-gfm,3.0.0,Keep through owner,Retain while required by parent packages. Do not fork or edit a transitive package to hide its dependency.,remark-gfm@4.0.1,,No OSV match on audit date; not a safety guarantee
web/pnpm-lock.yaml,micromark-factory-destination,2.0.1,Keep through owner,Retain while required by parent packages. Do not fork or edit a transitive package to hide its dependency.,micromark-core-commonmark@2.0.3,,No OSV match on audit date; not a safety guarantee
web/pnpm-lock.yaml,micromark-factory-label,2.0.1,Keep through owner,Retain while required by parent packages. Do not fork or edit a transitive package to hide its dependency.,micromark-core-commonmark@2.0.3,,No OSV match on audit date; not a safety guarantee
web/pnpm-lock.yaml,micromark-factory-space,2.0.1,Keep through owner,Retain while required by parent packages. Do not fork or edit a transitive package to hide its dependency.,micromark-core-commonmark@2.0.3; micromark-extension-gfm-footnote@2.1.0; micromark-extension-gfm-table@2.1.1; micromark-extension-gfm-task-list-item@2.1.0; micromark-factory-title@2.0.1; micromark-factory-whitespace@2.0.1; micromark@4.0.2,,No OSV match on audit date; not a safety guarantee
web/pnpm-lock.yaml,micromark-factory-title,2.0.1,Keep through owner,Retain while required by parent packages. Do not fork or edit a transitive package to hide its dependency.,micromark-core-commonmark@2.0.3,,No OSV match on audit date; not a safety guarantee
web/pnpm-lock.yaml,micromark-factory-whitespace,2.0.1,Keep through owner,Retain while required by parent packages. Do not fork or edit a transitive package to hide its dependency.,micromark-core-commonmark@2.0.3,,No OSV match on audit date; not a safety guarantee
web/pnpm-lock.yaml,micromark-util-character,2.1.1,Keep through owner,Retain while required by parent packages. Do not fork or edit a transitive package to hide its dependency.,mdast-util-gfm-autolink-literal@2.0.1; micromark-core-commonmark@2.0.3; micromark-extension-gfm-autolink-literal@2.1.0; micromark-extension-gfm-footnote@2.1.0; micromark-extension-gfm-table@2.1.1; micromark-extension-gfm-task-list-item@2.1.0; micromark-factory-destination@2.0.1; micromark-factory-label@2.0.1; micromark-factory-space@2.0.1; micromark-factory-title@2.0.1; micromark-factory-whitespace@2.0.1; micromark-util-classify-character@2.0.1; micromark-util-decode-string@2.0.1; micromark-util-sanitize-uri@2.0.1; micromark@4.0.2,,No OSV match on audit date; not a safety guarantee
web/pnpm-lock.yaml,micromark-util-chunked,2.0.1,Keep through owner,Retain while required by parent packages. Do not fork or edit a transitive package to hide its dependency.,micromark-core-commonmark@2.0.3; micromark-extension-gfm-strikethrough@2.1.0; micromark-util-combine-extensions@2.0.1; micromark-util-subtokenize@2.1.0; micromark@4.0.2,,No OSV match on audit date; not a safety guarantee
web/pnpm-lock.yaml,micromark-util-classify-character,2.0.1,Keep through owner,Retain while required by parent packages. Do not fork or edit a transitive package to hide its dependency.,mdast-util-to-markdown@2.1.2; micromark-core-commonmark@2.0.3; micromark-extension-gfm-strikethrough@2.1.0,,No OSV match on audit date; not a safety guarantee
web/pnpm-lock.yaml,micromark-util-combine-extensions,2.0.1,Keep through owner,Retain while required by parent packages. Do not fork or edit a transitive package to hide its dependency.,micromark-extension-gfm@3.0.0; micromark@4.0.2,,No OSV match on audit date; not a safety guarantee
web/pnpm-lock.yaml,micromark-util-decode-numeric-character-reference,2.0.2,Keep through owner,Retain while required by parent packages. Do not fork or edit a transitive package to hide its dependency.,mdast-util-from-markdown@2.0.3; micromark-util-decode-string@2.0.1; micromark@4.0.2,,No OSV match on audit date; not a safety guarantee
web/pnpm-lock.yaml,micromark-util-decode-string,2.0.1,Keep through owner,Retain while required by parent packages. Do not fork or edit a transitive package to hide its dependency.,mdast-util-from-markdown@2.0.3; mdast-util-to-markdown@2.1.2,,No OSV match on audit date; not a safety guarantee
web/pnpm-lock.yaml,micromark-util-encode,2.0.1,Keep through owner,Retain while required by parent packages. Do not fork or edit a transitive package to hide its dependency.,micromark-util-sanitize-uri@2.0.1; micromark@4.0.2,,No OSV match on audit date; not a safety guarantee
web/pnpm-lock.yaml,micromark-util-html-tag-name,2.0.1,Keep through owner,Retain while required by parent packages. Do not fork or edit a transitive package to hide its dependency.,micromark-core-commonmark@2.0.3,,No OSV match on audit date; not a safety guarantee
web/pnpm-lock.yaml,micromark-util-normalize-identifier,2.0.1,Keep through owner,Retain while required by parent packages. Do not fork or edit a transitive package to hide its dependency.,mdast-util-from-markdown@2.0.3; mdast-util-gfm-footnote@2.1.0; micromark-core-commonmark@2.0.3; micromark-extension-gfm-footnote@2.1.0; micromark@4.0.2,,No OSV match on audit date; not a safety guarantee
web/pnpm-lock.yaml,micromark-util-resolve-all,2.0.1,Keep through owner,Retain while required by parent packages. Do not fork or edit a transitive package to hide its dependency.,micromark-core-commonmark@2.0.3; micromark-extension-gfm-strikethrough@2.1.0; micromark@4.0.2,,No OSV match on audit date; not a safety guarantee
web/pnpm-lock.yaml,micromark-util-sanitize-uri,2.0.1,Keep through owner,Retain while required by parent packages. Do not fork or edit a transitive package to hide its dependency.,mdast-util-to-hast@13.2.1; micromark-extension-gfm-autolink-literal@2.1.0; micromark-extension-gfm-footnote@2.1.0; micromark@4.0.2,,No OSV match on audit date; not a safety guarantee
web/pnpm-lock.yaml,micromark-util-subtokenize,2.1.0,Keep through owner,Retain while required by parent packages. Do not fork or edit a transitive package to hide its dependency.,micromark-core-commonmark@2.0.3; micromark@4.0.2,,No OSV match on audit date; not a safety guarantee
web/pnpm-lock.yaml,micromark-util-symbol,2.0.1,Keep through owner,Retain while required by parent packages. Do not fork or edit a transitive package to hide its dependency.,mdast-util-from-markdown@2.0.3; micromark-core-commonmark@2.0.3; micromark-extension-gfm-autolink-literal@2.1.0; micromark-extension-gfm-footnote@2.1.0; micromark-extension-gfm-strikethrough@2.1.0; micromark-extension-gfm-table@2.1.1; micromark-extension-gfm-task-list-item@2.1.0; micromark-factory-destination@2.0.1; micromark-factory-label@2.0.1; micromark-factory-title@2.0.1; micromark-factory-whitespace@2.0.1; micromark-util-character@2.1.1; micromark-util-chunked@2.0.1; micromark-util-classify-character@2.0.1; micromark-util-decode-numeric-character-reference@2.0.2; micromark-util-decode-string@2.0.1; micromark-util-normalize-identifier@2.0.1; micromark-util-sanitize-uri@2.0.1; micromark-util-subtokenize@2.1.0; micromark@4.0.2,,No OSV match on audit date; not a safety guarantee
web/pnpm-lock.yaml,micromark-util-types,2.0.2,Keep through owner,Retain while required by parent packages. Do not fork or edit a transitive package to hide its dependency.,mdast-util-from-markdown@2.0.3; micromark-core-commonmark@2.0.3; micromark-extension-gfm-autolink-literal@2.1.0; micromark-extension-gfm-footnote@2.1.0; micromark-extension-gfm-strikethrough@2.1.0; micromark-extension-gfm-table@2.1.1; micromark-extension-gfm-tagfilter@2.0.0; micromark-extension-gfm-task-list-item@2.1.0; micromark-extension-gfm@3.0.0; micromark-factory-destination@2.0.1; micromark-factory-label@2.0.1; micromark-factory-space@2.0.1; micromark-factory-title@2.0.1; micromark-factory-whitespace@2.0.1; micromark-util-character@2.1.1; micromark-util-classify-character@2.0.1; micromark-util-combine-extensions@2.0.1; micromark-util-resolve-all@2.0.1; micromark-util-subtokenize@2.1.0; micromark@4.0.2; remark-parse@11.0.0,,No OSV match on audit date; not a safety guarantee
web/pnpm-lock.yaml,micromark,4.0.2,Keep through owner,Retain while required by parent packages. Do not fork or edit a transitive package to hide its dependency.,mdast-util-from-markdown@2.0.3,,No OSV match on audit date; not a safety guarantee
web/pnpm-lock.yaml,micromatch,4.0.8,Delete with owner replacement,Exclusive lockfile reachability under react-doctor. Actual replacement may introduce dependencies; this is a gross count.,fast-glob@3.3.3,,No OSV match on audit date; not a safety guarantee
web/pnpm-lock.yaml,mimic-function,5.0.1,Delete with owner replacement,Exclusive lockfile reachability under react-doctor. Actual replacement may introduce dependencies; this is a gross count.,debounce-fn@6.0.0,,No OSV match on audit date; not a safety guarantee
web/pnpm-lock.yaml,minimatch,10.2.5,Delete with owner replacement,Exclusive lockfile reachability under react-doctor. Actual replacement may introduce dependencies; this is a gross count.,@eslint/config-array@0.23.5; deslop-js@0.5.8; eslint@10.5.0,,No OSV match on audit date; not a safety guarantee
web/pnpm-lock.yaml,module-details-from-path,1.0.4,Delete with owner replacement,Exclusive lockfile reachability under react-doctor. Actual replacement may introduce dependencies; this is a gross count.,@apm-js-collab/code-transformer-bundler-plugins@0.5.0; @apm-js-collab/tracing-hooks@0.10.0; import-in-the-middle@3.1.0; require-in-the-middle@8.0.1,,No OSV match on audit date; not a safety guarantee
web/pnpm-lock.yaml,motion-dom,12.42.2,Delete with owner replacement,Exclusive lockfile reachability under motion. Actual replacement may introduce dependencies; this is a gross count.,framer-motion@12.42.2,,No OSV match on audit date; not a safety guarantee
web/pnpm-lock.yaml,motion-utils,12.39.0,Delete with owner replacement,Exclusive lockfile reachability under motion. Actual replacement may introduce dependencies; this is a gross count.,framer-motion@12.42.2; motion-dom@12.42.2,,No OSV match on audit date; not a safety guarantee
web/pnpm-lock.yaml,motion,12.42.2,Rewrite,"One discussion collapse/expand animation uses it. Use CSS or Web Animations plus prefers-reduced-motion, preserving inert/focus and close-composer completion behavior. Removes four exclusive lock snapshots.",,,No OSV match on audit date; not a safety guarantee
web/pnpm-lock.yaml,ms,2.1.3,Keep through owner,Retain while required by parent packages. Do not fork or edit a transitive package to hide its dependency.,debug@4.4.3,,No OSV match on audit date; not a safety guarantee
web/pnpm-lock.yaml,nanoid,3.3.12,Keep through owner,Retain while required by parent packages. Do not fork or edit a transitive package to hide its dependency.,postcss@8.5.15,GHSA-28wg-ghj8-5hjv; GHSA-2v37-7h3g-55p8,Review affected use and update parent/lock
web/pnpm-lock.yaml,natural-compare,1.4.0,Delete with owner replacement,Exclusive lockfile reachability under react-doctor. Actual replacement may introduce dependencies; this is a gross count.,eslint@10.5.0,,No OSV match on audit date; not a safety guarantee
web/pnpm-lock.yaml,nf3,0.3.17,Keep through owner,Retain while required by parent packages. Do not fork or edit a transitive package to hide its dependency.,nitro@3.0.260311-beta,,No OSV match on audit date; not a safety guarantee
web/pnpm-lock.yaml,nitro,3.0.260311-beta,Keep,"Hosts SSR output and five server plugins. Update dated March beta to tested 3.0.260903-beta; known routeRules issues were fixed in 3.0.260429-beta. Current project has no matching wildcard routeRules, so version matches are not demonstrated exploits.",,GHSA-5w89-w975-hf9q; GHSA-9phm-9p8f-hw5m,Review affected use and update parent/lock
web/pnpm-lock.yaml,node-releases,2.0.47,Keep through owner,Retain while required by parent packages. Do not fork or edit a transitive package to hide its dependency.,browserslist@4.28.2,,No OSV match on audit date; not a safety guarantee
web/pnpm-lock.yaml,ocache,0.1.5,Keep through owner,Retain while required by parent packages. Do not fork or edit a transitive package to hide its dependency.,nitro@3.0.260311-beta,,No OSV match on audit date; not a safety guarantee
web/pnpm-lock.yaml,ofetch,2.0.0-alpha.3,Keep through owner,Retain while required by parent packages. Do not fork or edit a transitive package to hide its dependency.,nitro@3.0.260311-beta; unstorage@2.0.0-alpha.7,,No OSV match on audit date; not a safety guarantee
web/pnpm-lock.yaml,ohash,2.0.11,Keep through owner,Retain while required by parent packages. Do not fork or edit a transitive package to hide its dependency.,nitro@3.0.260311-beta; ocache@0.1.5,,No OSV match on audit date; not a safety guarantee
web/pnpm-lock.yaml,oniguruma-parser,0.12.2,Keep through owner,Retain while required by parent packages. Do not fork or edit a transitive package to hide its dependency.,oniguruma-to-es@4.3.6,,No OSV match on audit date; not a safety guarantee
web/pnpm-lock.yaml,oniguruma-to-es,4.3.6,Keep through owner,Retain while required by parent packages. Do not fork or edit a transitive package to hide its dependency.,@shikijs/engine-javascript@4.2.0,,No OSV match on audit date; not a safety guarantee
web/pnpm-lock.yaml,optionator,0.9.4,Delete with owner replacement,Exclusive lockfile reachability under react-doctor. Actual replacement may introduce dependencies; this is a gross count.,eslint@10.5.0,,No OSV match on audit date; not a safety guarantee
web/pnpm-lock.yaml,oxc-parser,0.132.0,Delete with owner replacement,Exclusive lockfile reachability under react-doctor. Actual replacement may introduce dependencies; this is a gross count.,deslop-js@0.5.8,,No OSV match on audit date; not a safety guarantee
web/pnpm-lock.yaml,oxc-parser,0.135.0,Delete with owner replacement,Exclusive lockfile reachability under react-doctor. Actual replacement may introduce dependencies; this is a gross count.,oxlint-plugin-react-doctor@0.5.8,,No OSV match on audit date; not a safety guarantee
web/pnpm-lock.yaml,oxc-resolver,11.21.3,Delete with owner replacement,Exclusive lockfile reachability under react-doctor. Actual replacement may introduce dependencies; this is a gross count.,deslop-js@0.5.8,,No OSV match on audit date; not a safety guarantee
web/pnpm-lock.yaml,oxlint-plugin-react-doctor,0.5.8,Delete with owner replacement,Exclusive lockfile reachability under react-doctor. Actual replacement may introduce dependencies; this is a gross count.,react-doctor@0.5.8,,No OSV match on audit date; not a safety guarantee
web/pnpm-lock.yaml,oxlint,1.66.0,Delete with owner replacement,Exclusive lockfile reachability under react-doctor. Actual replacement may introduce dependencies; this is a gross count.,react-doctor@0.5.8,,No OSV match on audit date; not a safety guarantee
web/pnpm-lock.yaml,p-limit,3.1.0,Delete with owner replacement,Exclusive lockfile reachability under react-doctor. Actual replacement may introduce dependencies; this is a gross count.,p-locate@5.0.0,,No OSV match on audit date; not a safety guarantee
web/pnpm-lock.yaml,p-locate,5.0.0,Delete with owner replacement,Exclusive lockfile reachability under react-doctor. Actual replacement may introduce dependencies; this is a gross count.,locate-path@6.0.0,,No OSV match on audit date; not a safety guarantee
web/pnpm-lock.yaml,package-manager-detector,1.8.0,Keep through owner,Retain while required by parent packages. Do not fork or edit a transitive package to hide its dependency.,@antfu/install-pkg@2.0.1,,No OSV match on audit date; not a safety guarantee
web/pnpm-lock.yaml,pagent,file:vendor/pagent-v0.1.0-47b796c.tgz,Delete,"Default recommendation is to retire the single staging-only invalid-response reporting integration and retain structured diagnostics. It has zero package dependencies. If remote encrypted investigations are required, keep the SDK rather than copying its transport/crypto.",,,No OSV match on audit date; vendored pagent excluded from registry lookup
web/pnpm-lock.yaml,parse-entities,4.0.2,Keep through owner,Retain while required by parent packages. Do not fork or edit a transitive package to hide its dependency.,mdast-util-mdx-jsx@3.2.0,,No OSV match on audit date; not a safety guarantee
web/pnpm-lock.yaml,path-data-parser,0.1.0,Keep through owner,Retain while required by parent packages. Do not fork or edit a transitive package to hide its dependency.,points-on-path@0.2.1; roughjs@4.6.6,,No OSV match on audit date; not a safety guarantee
web/pnpm-lock.yaml,path-exists,4.0.0,Delete with owner replacement,Exclusive lockfile reachability under react-doctor. Actual replacement may introduce dependencies; this is a gross count.,find-up@5.0.0,,No OSV match on audit date; not a safety guarantee
web/pnpm-lock.yaml,path-key,3.1.1,Delete with owner replacement,Exclusive lockfile reachability under react-doctor. Actual replacement may introduce dependencies; this is a gross count.,cross-spawn@7.0.6,,No OSV match on audit date; not a safety guarantee
web/pnpm-lock.yaml,pathe,2.0.3,Keep through owner,Retain while required by parent packages. Do not fork or edit a transitive package to hide its dependency.,@tanstack/react-start-rsc@0.1.25; @tanstack/react-start@1.168.26; @tanstack/router-utils@1.162.2; @tanstack/start-plugin-core@1.171.18; unenv@2.0.0-rc.24,,No OSV match on audit date; not a safety guarantee
web/pnpm-lock.yaml,picocolors,1.1.1,Keep through owner,Retain while required by parent packages. Do not fork or edit a transitive package to hide its dependency.,@babel/code-frame@7.27.1; @babel/code-frame@7.29.7; agent-install@0.0.5; konsistent@1.0.0-beta.1; postcss@8.5.15; update-browserslist-db@1.2.3,,No OSV match on audit date; not a safety guarantee
web/pnpm-lock.yaml,picomatch,2.3.2,Delete with owner replacement,Exclusive lockfile reachability under react-doctor. Actual replacement may introduce dependencies; this is a gross count.,micromatch@4.0.8,,No OSV match on audit date; not a safety guarantee
web/pnpm-lock.yaml,picomatch,4.0.4,Keep through owner,Retain while required by parent packages. Do not fork or edit a transitive package to hide its dependency.,@tanstack/start-plugin-core@1.171.18; fdir@6.5.0; tinyglobby@0.2.17; unplugin@3.0.0; vite@8.0.16,,No OSV match on audit date; not a safety guarantee
web/pnpm-lock.yaml,playwright-core,1.61.1,Keep through owner,Retain while required by parent packages. Do not fork or edit a transitive package to hide its dependency.,playwright@1.61.1,,No OSV match on audit date; not a safety guarantee
web/pnpm-lock.yaml,playwright,1.61.1,Keep,"Browser smoke tests and visual verification. Upgrade to 1.63.0 only with the matching browser install/revision, checks image and worker tests. Do not maintain a browser driver.",,,No OSV match on audit date; not a safety guarantee
web/pnpm-lock.yaml,points-on-curve,0.2.0,Keep through owner,Retain while required by parent packages. Do not fork or edit a transitive package to hide its dependency.,points-on-path@0.2.1; roughjs@4.6.6,,No OSV match on audit date; not a safety guarantee
web/pnpm-lock.yaml,points-on-path,0.2.1,Keep through owner,Retain while required by parent packages. Do not fork or edit a transitive package to hide its dependency.,roughjs@4.6.6,,No OSV match on audit date; not a safety guarantee
web/pnpm-lock.yaml,postcss,8.5.15,Keep through owner,Retain while required by parent packages. Do not fork or edit a transitive package to hide its dependency.,vite@8.0.16,GHSA-fxqj-rqcc-2cmp; GHSA-r28c-9q8g-f849,Review affected use and update parent/lock
web/pnpm-lock.yaml,posthog-js,1.417.1,Rewrite,"Scope disables most SDK features and owns event/privacy policy already. Replace event-only delivery with a bounded fetch/sendBeacon adapter if identity, logout clearing, DNT, batching and loss behavior can be preserved. Removes ten exclusive snapshots before replacement costs.",,,No OSV match on audit date; not a safety guarantee
web/pnpm-lock.yaml,preact,10.29.8,Delete with owner replacement,Exclusive lockfile reachability under posthog-js. Actual replacement may introduce dependencies; this is a gross count.,posthog-js@1.417.1,,No OSV match on audit date; not a safety guarantee
web/pnpm-lock.yaml,prelude-ls,1.2.1,Delete with owner replacement,Exclusive lockfile reachability under react-doctor. Actual replacement may introduce dependencies; this is a gross count.,levn@0.4.1; optionator@0.9.4; type-check@0.4.0,,No OSV match on audit date; not a safety guarantee
web/pnpm-lock.yaml,prettier,3.8.4,Keep through owner,Retain while required by parent packages. Do not fork or edit a transitive package to hide its dependency.,@tanstack/router-generator@1.167.17,,No OSV match on audit date; not a safety guarantee
web/pnpm-lock.yaml,prompts,2.4.2,Delete with owner replacement,Exclusive lockfile reachability under react-doctor. Actual replacement may introduce dependencies; this is a gross count.,agent-install@0.0.5; react-doctor@0.5.8,,No OSV match on audit date; not a safety guarantee
web/pnpm-lock.yaml,property-information,7.2.0,Keep through owner,Retain while required by parent packages. Do not fork or edit a transitive package to hide its dependency.,hast-util-to-html@9.0.5; hast-util-to-jsx-runtime@2.3.6,,No OSV match on audit date; not a safety guarantee
web/pnpm-lock.yaml,punycode,2.3.1,Delete with owner replacement,Exclusive lockfile reachability under react-doctor. Actual replacement may introduce dependencies; this is a gross count.,uri-js@4.4.1,,No OSV match on audit date; not a safety guarantee
web/pnpm-lock.yaml,query-selector-shadow-dom,1.0.1,Delete with owner replacement,Exclusive lockfile reachability under posthog-js. Actual replacement may introduce dependencies; this is a gross count.,posthog-js@1.417.1,,No OSV match on audit date; not a safety guarantee
web/pnpm-lock.yaml,queue-microtask,1.2.3,Delete with owner replacement,Exclusive lockfile reachability under react-doctor. Actual replacement may introduce dependencies; this is a gross count.,run-parallel@1.2.0,,No OSV match on audit date; not a safety guarantee
web/pnpm-lock.yaml,react-doctor,0.5.8,Delete,"Replace the mandatory broad CLI with a smaller explicit set of Hooks and architecture checks, then remove it. It uniquely retains 228 snapshots. Existing boundary scripts are not complete replacements; retain required lint behavior and supply-chain checks before removal.",,,No OSV match on audit date; not a safety guarantee
web/pnpm-lock.yaml,react-dom,19.2.7,Keep,Browser rendering and SSR partner to React. Keep exact resolved versions aligned.,@clerk/react@6.10.2; @clerk/shared@4.19.0; @clerk/tanstack-react-start@1.4.5; @floating-ui/react-dom@2.1.8; @pierre/diffs@1.2.11; @pierre/theming@0.0.1; @radix-ui/react-alert-dialog@1.1.17; @radix-ui/react-arrow@1.1.10; @radix-ui/react-collection@1.1.10; @radix-ui/react-dialog@1.1.17; @radix-ui/react-dismissable-layer@1.1.13; @radix-ui/react-focus-scope@1.1.10; @radix-ui/react-popper@1.3.1; @radix-ui/react-portal@1.1.12; @radix-ui/react-presence@1.1.6; @radix-ui/react-primitive@2.1.6; @radix-ui/react-roving-focus@1.1.13; @radix-ui/react-switch@1.3.1; @radix-ui/react-toggle-group@1.1.13; @radix-ui/react-toggle@1.1.12; @radix-ui/react-tooltip@1.2.10; @radix-ui/react-visually-hidden@1.2.6; @tanstack/react-router@1.170.16; @tanstack/react-start-client@1.168.14; @tanstack/react-start-rsc@0.1.25; @tanstack/react-start-server@1.167.20; @tanstack/react-start@1.168.26; @tanstack/react-store@0.9.3; framer-motion@12.42.2; motion@12.42.2; sonner@2.0.7,,No OSV match on audit date; not a safety guarantee
web/pnpm-lock.yaml,react-markdown,10.1.0,Keep,Safe Markdown-to-React rendering with custom components. Current version is current. Avoid handwritten Markdown parsing/rendering.,,,No OSV match on audit date; not a safety guarantee
web/pnpm-lock.yaml,react-remove-scroll-bar,2.3.8,Keep through owner,Retain while required by parent packages. Do not fork or edit a transitive package to hide its dependency.,react-remove-scroll@2.7.2,,No OSV match on audit date; not a safety guarantee
web/pnpm-lock.yaml,react-remove-scroll,2.7.2,Keep through owner,Retain while required by parent packages. Do not fork or edit a transitive package to hide its dependency.,@radix-ui/react-dialog@1.1.17,,No OSV match on audit date; not a safety guarantee
web/pnpm-lock.yaml,react-style-singleton,2.2.3,Keep through owner,Retain while required by parent packages. Do not fork or edit a transitive package to hide its dependency.,react-remove-scroll-bar@2.3.8; react-remove-scroll@2.7.2,,No OSV match on audit date; not a safety guarantee
web/pnpm-lock.yaml,react,19.2.7,Keep,"Core UI runtime. Update React, React DOM and their type packages together to 19.3.0 after SSR/hydration tests. No rewrite.",@clerk/react@6.10.2; @clerk/shared@4.19.0; @clerk/tanstack-react-start@1.4.5; @floating-ui/react-dom@2.1.8; @pierre/diffs@1.2.11; @pierre/theming@0.0.1; @radix-ui/react-alert-dialog@1.1.17; @radix-ui/react-arrow@1.1.10; @radix-ui/react-collection@1.1.10; @radix-ui/react-compose-refs@1.1.3; @radix-ui/react-context@1.1.4; @radix-ui/react-dialog@1.1.17; @radix-ui/react-direction@1.1.2; @radix-ui/react-dismissable-layer@1.1.13; @radix-ui/react-focus-guards@1.1.4; @radix-ui/react-focus-scope@1.1.10; @radix-ui/react-id@1.1.2; @radix-ui/react-popper@1.3.1; @radix-ui/react-portal@1.1.12; @radix-ui/react-presence@1.1.6; @radix-ui/react-primitive@2.1.6; @radix-ui/react-roving-focus@1.1.13; @radix-ui/react-slot@1.3.0; @radix-ui/react-switch@1.3.1; @radix-ui/react-toggle-group@1.1.13; @radix-ui/react-toggle@1.1.12; @radix-ui/react-tooltip@1.2.10; @radix-ui/react-use-callback-ref@1.1.2; @radix-ui/react-use-controllable-state@1.2.3; @radix-ui/react-use-effect-event@0.0.3; @radix-ui/react-use-escape-keydown@1.1.2; @radix-ui/react-use-layout-effect@1.1.2; @radix-ui/react-use-previous@1.1.2; @radix-ui/react-use-rect@1.1.2; @radix-ui/react-use-size@1.1.2; @radix-ui/react-visually-hidden@1.2.6; @tanstack/react-router@1.170.16; @tanstack/react-start-client@1.168.14; @tanstack/react-start-rsc@0.1.25; @tanstack/react-start-server@1.167.20; @tanstack/react-start@1.168.26; @tanstack/react-store@0.9.3; framer-motion@12.42.2; lucide-react@0.562.0; motion@12.42.2; react-dom@19.2.7; react-markdown@10.1.0; react-remove-scroll-bar@2.3.8; react-remove-scroll@2.7.2; react-style-singleton@2.2.3; sonner@2.0.7; use-callback-ref@1.3.3; use-sidecar@1.1.3; use-sync-external-store@1.6.0,,No OSV match on audit date; not a safety guarantee
web/pnpm-lock.yaml,readdirp,5.0.0,Keep through owner,Retain while required by parent packages. Do not fork or edit a transitive package to hide its dependency.,chokidar@5.0.0,,No OSV match on audit date; not a safety guarantee
web/pnpm-lock.yaml,regex-recursion,6.0.2,Keep through owner,Retain while required by parent packages. Do not fork or edit a transitive package to hide its dependency.,oniguruma-to-es@4.3.6,,No OSV match on audit date; not a safety guarantee
web/pnpm-lock.yaml,regex-utilities,2.3.0,Keep through owner,Retain while required by parent packages. Do not fork or edit a transitive package to hide its dependency.,regex-recursion@6.0.2; regex@6.1.0,,No OSV match on audit date; not a safety guarantee
web/pnpm-lock.yaml,regex,6.1.0,Keep through owner,Retain while required by parent packages. Do not fork or edit a transitive package to hide its dependency.,oniguruma-to-es@4.3.6,,No OSV match on audit date; not a safety guarantee
web/pnpm-lock.yaml,rehype-slug,6.0.0,Keep,"Small, tested heading plugin with one renderer integration. Three exclusive snapshots are not enough to justify maintaining AST traversal and heading-text behavior.",,,No OSV match on audit date; not a safety guarantee
web/pnpm-lock.yaml,remark-gfm,4.0.1,Keep,"Tables, task lists, autolinks and other expected repository Markdown behavior. Current version is current; no local parser rewrite.",,,No OSV match on audit date; not a safety guarantee
web/pnpm-lock.yaml,remark-parse,11.0.0,Keep through owner,Retain while required by parent packages. Do not fork or edit a transitive package to hide its dependency.,react-markdown@10.1.0; remark-gfm@4.0.1,,No OSV match on audit date; not a safety guarantee
web/pnpm-lock.yaml,remark-rehype,11.1.2,Keep through owner,Retain while required by parent packages. Do not fork or edit a transitive package to hide its dependency.,react-markdown@10.1.0,,No OSV match on audit date; not a safety guarantee
web/pnpm-lock.yaml,remark-stringify,11.0.0,Keep through owner,Retain while required by parent packages. Do not fork or edit a transitive package to hide its dependency.,remark-gfm@4.0.1,,No OSV match on audit date; not a safety guarantee
web/pnpm-lock.yaml,require-from-string,2.0.2,Keep through owner,Retain while required by parent packages. Do not fork or edit a transitive package to hide its dependency.,ajv@8.20.0,,No OSV match on audit date; not a safety guarantee
web/pnpm-lock.yaml,require-in-the-middle,8.0.1,Delete with owner replacement,Exclusive lockfile reachability under react-doctor. Actual replacement may introduce dependencies; this is a gross count.,@opentelemetry/instrumentation@0.214.0,,No OSV match on audit date; not a safety guarantee
web/pnpm-lock.yaml,resolve.exports,2.0.3,Delete with owner replacement,Exclusive lockfile reachability under konsistent. Actual replacement may introduce dependencies; this is a gross count.,konsistent@1.0.0-beta.1,,No OSV match on audit date; not a safety guarantee
web/pnpm-lock.yaml,reusify,1.1.0,Delete with owner replacement,Exclusive lockfile reachability under react-doctor. Actual replacement may introduce dependencies; this is a gross count.,fastq@1.20.1,,No OSV match on audit date; not a safety guarantee
web/pnpm-lock.yaml,robust-predicates,3.0.3,Keep through owner,Retain while required by parent packages. Do not fork or edit a transitive package to hide its dependency.,delaunator@5.1.0,,No OSV match on audit date; not a safety guarantee
web/pnpm-lock.yaml,rolldown,1.0.3,Keep through owner,Retain while required by parent packages. Do not fork or edit a transitive package to hide its dependency.,vite@8.0.16,,No OSV match on audit date; not a safety guarantee
web/pnpm-lock.yaml,rolldown,1.1.1,Keep through owner,Retain while required by parent packages. Do not fork or edit a transitive package to hide its dependency.,nitro@3.0.260311-beta,,No OSV match on audit date; not a safety guarantee
web/pnpm-lock.yaml,rou3,0.8.1,Keep through owner,Retain while required by parent packages. Do not fork or edit a transitive package to hide its dependency.,h3@2.0.1-rc.20; h3@2.0.1-rc.22,,No OSV match on audit date; not a safety guarantee
web/pnpm-lock.yaml,roughjs,4.6.6,Keep through owner,Retain while required by parent packages. Do not fork or edit a transitive package to hide its dependency.,mermaid@12.0.0,,No OSV match on audit date; not a safety guarantee
web/pnpm-lock.yaml,run-parallel,1.2.0,Delete with owner replacement,Exclusive lockfile reachability under react-doctor. Actual replacement may introduce dependencies; this is a gross count.,@nodelib/fs.scandir@2.1.5,,No OSV match on audit date; not a safety guarantee
web/pnpm-lock.yaml,rw,1.3.3,Keep through owner,Retain while required by parent packages. Do not fork or edit a transitive package to hide its dependency.,d3-dsv@3.0.1,,No OSV match on audit date; not a safety guarantee
web/pnpm-lock.yaml,safer-buffer,2.1.2,Keep through owner,Retain while required by parent packages. Do not fork or edit a transitive package to hide its dependency.,iconv-lite@0.6.3,,No OSV match on audit date; not a safety guarantee
web/pnpm-lock.yaml,scheduler,0.27.0,Keep through owner,Retain while required by parent packages. Do not fork or edit a transitive package to hide its dependency.,react-dom@19.2.7,,No OSV match on audit date; not a safety guarantee
web/pnpm-lock.yaml,semifies,1.0.0,Delete with owner replacement,Exclusive lockfile reachability under react-doctor. Actual replacement may introduce dependencies; this is a gross count.,@apm-js-collab/code-transformer@0.15.0,,No OSV match on audit date; not a safety guarantee
web/pnpm-lock.yaml,semver,6.3.1,Keep through owner,Retain while required by parent packages. Do not fork or edit a transitive package to hide its dependency.,@babel/core@7.29.7; @babel/helper-compilation-targets@7.29.7,,No OSV match on audit date; not a safety guarantee
web/pnpm-lock.yaml,semver,7.8.5,Delete with owner replacement,Exclusive lockfile reachability under react-doctor. Actual replacement may introduce dependencies; this is a gross count.,conf@15.1.0,,No OSV match on audit date; not a safety guarantee
web/pnpm-lock.yaml,seroval-plugins,1.5.4,Keep through owner,Retain while required by parent packages. Do not fork or edit a transitive package to hide its dependency.,@tanstack/router-core@1.171.13,,No OSV match on audit date; not a safety guarantee
web/pnpm-lock.yaml,seroval,1.5.4,Keep through owner,Retain while required by parent packages. Do not fork or edit a transitive package to hide its dependency.,@tanstack/router-core@1.171.13; @tanstack/start-client-core@1.170.12; @tanstack/start-plugin-core@1.171.18; @tanstack/start-server-core@1.169.15; seroval-plugins@1.5.4,,No OSV match on audit date; not a safety guarantee
web/pnpm-lock.yaml,shebang-command,2.0.0,Delete with owner replacement,Exclusive lockfile reachability under react-doctor. Actual replacement may introduce dependencies; this is a gross count.,cross-spawn@7.0.6,,No OSV match on audit date; not a safety guarantee
web/pnpm-lock.yaml,shebang-regex,3.0.0,Delete with owner replacement,Exclusive lockfile reachability under react-doctor. Actual replacement may introduce dependencies; this is a gross count.,shebang-command@2.0.0,,No OSV match on audit date; not a safety guarantee
web/pnpm-lock.yaml,shiki,4.2.0,Keep through owner,Retain while required by parent packages. Do not fork or edit a transitive package to hide its dependency.,@pierre/diffs@1.2.11; @pierre/theming@0.0.1,,No OSV match on audit date; not a safety guarantee
web/pnpm-lock.yaml,sisteransi,1.0.5,Delete with owner replacement,Exclusive lockfile reachability under react-doctor. Actual replacement may introduce dependencies; this is a gross count.,prompts@2.4.2,,No OSV match on audit date; not a safety guarantee
web/pnpm-lock.yaml,sonner,2.0.7,Keep,"Toast delivery, announcements and interaction lifecycle. Patch update to 2.0.8. A custom notification manager would be more code for little reduction.",,,No OSV match on audit date; not a safety guarantee
web/pnpm-lock.yaml,source-map-js,1.2.1,Keep through owner,Retain while required by parent packages. Do not fork or edit a transitive package to hide its dependency.,@tailwindcss/node@4.3.1; magicast@0.5.3; postcss@8.5.15,,No OSV match on audit date; not a safety guarantee
web/pnpm-lock.yaml,source-map,0.6.1,Delete with owner replacement,Exclusive lockfile reachability under react-doctor. Actual replacement may introduce dependencies; this is a gross count.,@apm-js-collab/code-transformer@0.15.0,,No OSV match on audit date; not a safety guarantee
web/pnpm-lock.yaml,source-map,0.7.6,Keep through owner,Retain while required by parent packages. Do not fork or edit a transitive package to hide its dependency.,@tanstack/start-plugin-core@1.171.18,,No OSV match on audit date; not a safety guarantee
web/pnpm-lock.yaml,space-separated-tokens,2.0.2,Keep through owner,Retain while required by parent packages. Do not fork or edit a transitive package to hide its dependency.,hast-util-to-html@9.0.5; hast-util-to-jsx-runtime@2.3.6,,No OSV match on audit date; not a safety guarantee
web/pnpm-lock.yaml,srvx,0.11.16,Keep through owner,Retain while required by parent packages. Do not fork or edit a transitive package to hide its dependency.,@tanstack/start-plugin-core@1.171.18; crossws@0.4.6; env-runner@0.1.14; h3@2.0.1-rc.20; h3@2.0.1-rc.22; nitro@3.0.260311-beta,,No OSV match on audit date; not a safety guarantee
web/pnpm-lock.yaml,standardwebhooks,1.0.0,Keep through owner,Retain while required by parent packages. Do not fork or edit a transitive package to hide its dependency.,@clerk/backend@3.8.0,,No OSV match on audit date; not a safety guarantee
web/pnpm-lock.yaml,stringify-entities,4.0.4,Keep through owner,Retain while required by parent packages. Do not fork or edit a transitive package to hide its dependency.,hast-util-to-html@9.0.5; mdast-util-mdx-jsx@3.2.0,,No OSV match on audit date; not a safety guarantee
web/pnpm-lock.yaml,stubborn-fs,2.0.0,Delete with owner replacement,Exclusive lockfile reachability under react-doctor. Actual replacement may introduce dependencies; this is a gross count.,atomically@2.1.1,,No OSV match on audit date; not a safety guarantee
web/pnpm-lock.yaml,stubborn-utils,1.0.2,Delete with owner replacement,Exclusive lockfile reachability under react-doctor. Actual replacement may introduce dependencies; this is a gross count.,stubborn-fs@2.0.0,,No OSV match on audit date; not a safety guarantee
web/pnpm-lock.yaml,style-to-js,1.1.21,Keep through owner,Retain while required by parent packages. Do not fork or edit a transitive package to hide its dependency.,hast-util-to-jsx-runtime@2.3.6,,No OSV match on audit date; not a safety guarantee
web/pnpm-lock.yaml,style-to-object,1.0.14,Keep through owner,Retain while required by parent packages. Do not fork or edit a transitive package to hide its dependency.,style-to-js@1.1.21,,No OSV match on audit date; not a safety guarantee
web/pnpm-lock.yaml,stylis,4.4.0,Keep through owner,Retain while required by parent packages. Do not fork or edit a transitive package to hide its dependency.,mermaid@12.0.0,,No OSV match on audit date; not a safety guarantee
web/pnpm-lock.yaml,tagged-tag,1.0.0,Delete with owner replacement,Exclusive lockfile reachability under react-doctor. Actual replacement may introduce dependencies; this is a gross count.,type-fest@5.7.0,,No OSV match on audit date; not a safety guarantee
web/pnpm-lock.yaml,tailwind-merge,3.6.0,Keep,Resolves utility-class conflicts in shared cn helper. Dropping it changes class override behavior. Update to 3.7.0 with Tailwind; replacing it with join is incorrect.,,,No OSV match on audit date; not a safety guarantee
web/pnpm-lock.yaml,tailwindcss,4.3.1,Keep,Styling compiler throughout the app. Move to devDependencies and update with its Vite plugin. Rewriting CSS across the product is poor cleanup scope.,@tailwindcss/node@4.3.1; @tailwindcss/vite@4.3.1,,No OSV match on audit date; not a safety guarantee
web/pnpm-lock.yaml,tapable,2.3.3,Keep through owner,Retain while required by parent packages. Do not fork or edit a transitive package to hide its dependency.,enhanced-resolve@5.21.6,,No OSV match on audit date; not a safety guarantee
web/pnpm-lock.yaml,tinyexec,1.3.1,Keep through owner,Retain while required by parent packages. Do not fork or edit a transitive package to hide its dependency.,@antfu/install-pkg@2.0.1,,No OSV match on audit date; not a safety guarantee
web/pnpm-lock.yaml,tinyglobby,0.2.17,Keep through owner,Retain while required by parent packages. Do not fork or edit a transitive package to hide its dependency.,@tanstack/router-utils@1.162.2; @tanstack/start-plugin-core@1.171.18; konsistent@1.0.0-beta.1; vite@8.0.16,,No OSV match on audit date; not a safety guarantee
web/pnpm-lock.yaml,to-regex-range,5.0.1,Delete with owner replacement,Exclusive lockfile reachability under react-doctor. Actual replacement may introduce dependencies; this is a gross count.,fill-range@7.1.1,,No OSV match on audit date; not a safety guarantee
web/pnpm-lock.yaml,trim-lines,3.0.1,Keep through owner,Retain while required by parent packages. Do not fork or edit a transitive package to hide its dependency.,mdast-util-to-hast@13.2.1,,No OSV match on audit date; not a safety guarantee
web/pnpm-lock.yaml,trough,2.2.0,Keep through owner,Retain while required by parent packages. Do not fork or edit a transitive package to hide its dependency.,unified@11.0.5,,No OSV match on audit date; not a safety guarantee
web/pnpm-lock.yaml,ts-dedent,2.3.0,Keep through owner,Retain while required by parent packages. Do not fork or edit a transitive package to hide its dependency.,mermaid@12.0.0,,No OSV match on audit date; not a safety guarantee
web/pnpm-lock.yaml,tslib,2.8.1,Keep through owner,Retain while required by parent packages. Do not fork or edit a transitive package to hide its dependency.,@clerk/backend@3.8.0; @clerk/react@6.10.2; @clerk/tanstack-react-start@1.4.5; @emnapi/core@1.10.0; @emnapi/core@1.11.0; @emnapi/runtime@1.10.0; @emnapi/runtime@1.11.0; @emnapi/wasi-threads@1.2.1; @emnapi/wasi-threads@1.2.2; @tybys/wasm-util@0.10.2; aria-hidden@1.2.6; framer-motion@12.42.2; motion@12.42.2; react-remove-scroll-bar@2.3.8; react-remove-scroll@2.7.2; react-style-singleton@2.2.3; use-callback-ref@1.3.3; use-sidecar@1.1.3,,No OSV match on audit date; not a safety guarantee
web/pnpm-lock.yaml,type-check,0.4.0,Delete with owner replacement,Exclusive lockfile reachability under react-doctor. Actual replacement may introduce dependencies; this is a gross count.,levn@0.4.1; optionator@0.9.4,,No OSV match on audit date; not a safety guarantee
web/pnpm-lock.yaml,type-fest,5.7.0,Delete with owner replacement,Exclusive lockfile reachability under react-doctor. Actual replacement may introduce dependencies; this is a gross count.,dot-prop@10.1.0,,No OSV match on audit date; not a safety guarantee
web/pnpm-lock.yaml,typescript,5.9.3,Keep,"Keep the 6.x compiler API for analyzer and web architecture scripts. Registry 7.0.2 has no stable programmatic API. A separate native checker trial is possible, but it adds tooling and does not remove 6.x.",konsistent@1.0.0-beta.1,,No OSV match on audit date; not a safety guarantee
web/pnpm-lock.yaml,typescript,6.0.3,Keep,"Keep the 6.x compiler API for analyzer and web architecture scripts. Registry 7.0.2 has no stable programmatic API. A separate native checker trial is possible, but it adds tooling and does not remove 6.x.",deslop-js@0.5.8; react-doctor@0.5.8,,No OSV match on audit date; not a safety guarantee
web/pnpm-lock.yaml,ufo,1.6.4,Keep through owner,Retain while required by parent packages. Do not fork or edit a transitive package to hide its dependency.,@tanstack/start-plugin-core@1.171.18,,No OSV match on audit date; not a safety guarantee
web/pnpm-lock.yaml,uint8array-extras,1.5.0,Delete with owner replacement,Exclusive lockfile reachability under react-doctor. Actual replacement may introduce dependencies; this is a gross count.,conf@15.1.0,,No OSV match on audit date; not a safety guarantee
web/pnpm-lock.yaml,undici-types,6.21.0,Keep through owner,Retain while required by parent packages. Do not fork or edit a transitive package to hide its dependency.,@types/node@22.19.21,,No OSV match on audit date; not a safety guarantee
web/pnpm-lock.yaml,unenv,2.0.0-rc.24,Keep through owner,Retain while required by parent packages. Do not fork or edit a transitive package to hide its dependency.,nitro@3.0.260311-beta,,No OSV match on audit date; not a safety guarantee
web/pnpm-lock.yaml,unified,11.0.5,Keep through owner,Retain while required by parent packages. Do not fork or edit a transitive package to hide its dependency.,react-markdown@10.1.0; remark-gfm@4.0.1; remark-parse@11.0.0; remark-rehype@11.1.2; remark-stringify@11.0.0,,No OSV match on audit date; not a safety guarantee
web/pnpm-lock.yaml,unist-util-is,6.0.1,Keep through owner,Retain while required by parent packages. Do not fork or edit a transitive package to hide its dependency.,mdast-util-find-and-replace@3.0.2; mdast-util-phrasing@4.1.0; unist-util-visit-parents@6.0.2; unist-util-visit@5.1.0,,No OSV match on audit date; not a safety guarantee
web/pnpm-lock.yaml,unist-util-position,5.0.0,Keep through owner,Retain while required by parent packages. Do not fork or edit a transitive package to hide its dependency.,hast-util-to-jsx-runtime@2.3.6; mdast-util-to-hast@13.2.1,,No OSV match on audit date; not a safety guarantee
web/pnpm-lock.yaml,unist-util-stringify-position,4.0.0,Keep through owner,Retain while required by parent packages. Do not fork or edit a transitive package to hide its dependency.,mdast-util-from-markdown@2.0.3; mdast-util-mdx-jsx@3.2.0; vfile-message@4.0.3,,No OSV match on audit date; not a safety guarantee
web/pnpm-lock.yaml,unist-util-visit-parents,6.0.2,Keep through owner,Retain while required by parent packages. Do not fork or edit a transitive package to hide its dependency.,mdast-util-find-and-replace@3.0.2; unist-util-visit@5.1.0,,No OSV match on audit date; not a safety guarantee
web/pnpm-lock.yaml,unist-util-visit,5.1.0,Keep through owner,Retain while required by parent packages. Do not fork or edit a transitive package to hide its dependency.,mdast-util-to-hast@13.2.1; mdast-util-to-markdown@2.1.2; react-markdown@10.1.0; rehype-slug@6.0.0,,No OSV match on audit date; not a safety guarantee
web/pnpm-lock.yaml,unplugin,3.0.0,Keep through owner,Retain while required by parent packages. Do not fork or edit a transitive package to hide its dependency.,@tanstack/router-plugin@1.168.18,,No OSV match on audit date; not a safety guarantee
web/pnpm-lock.yaml,unstorage,2.0.0-alpha.7,Keep through owner,Retain while required by parent packages. Do not fork or edit a transitive package to hide its dependency.,nitro@3.0.260311-beta,,No OSV match on audit date; not a safety guarantee
web/pnpm-lock.yaml,update-browserslist-db,1.2.3,Keep through owner,Retain while required by parent packages. Do not fork or edit a transitive package to hide its dependency.,browserslist@4.28.2,,No OSV match on audit date; not a safety guarantee
web/pnpm-lock.yaml,uri-js,4.4.1,Delete with owner replacement,Exclusive lockfile reachability under react-doctor. Actual replacement may introduce dependencies; this is a gross count.,ajv@6.15.0,,No OSV match on audit date; not a safety guarantee
web/pnpm-lock.yaml,use-callback-ref,1.3.3,Keep through owner,Retain while required by parent packages. Do not fork or edit a transitive package to hide its dependency.,react-remove-scroll@2.7.2,,No OSV match on audit date; not a safety guarantee
web/pnpm-lock.yaml,use-sidecar,1.1.3,Keep through owner,Retain while required by parent packages. Do not fork or edit a transitive package to hide its dependency.,react-remove-scroll@2.7.2,,No OSV match on audit date; not a safety guarantee
web/pnpm-lock.yaml,use-sync-external-store,1.6.0,Keep through owner,Retain while required by parent packages. Do not fork or edit a transitive package to hide its dependency.,@tanstack/react-store@0.9.3,,No OSV match on audit date; not a safety guarantee
web/pnpm-lock.yaml,uuid,14.0.2,Keep through owner,Retain while required by parent packages. Do not fork or edit a transitive package to hide its dependency.,mermaid@12.0.0,,No OSV match on audit date; not a safety guarantee
web/pnpm-lock.yaml,vfile-message,4.0.3,Keep through owner,Retain while required by parent packages. Do not fork or edit a transitive package to hide its dependency.,hast-util-to-jsx-runtime@2.3.6; mdast-util-mdx-jsx@3.2.0; vfile@6.0.3,,No OSV match on audit date; not a safety guarantee
web/pnpm-lock.yaml,vfile,6.0.3,Keep through owner,Retain while required by parent packages. Do not fork or edit a transitive package to hide its dependency.,mdast-util-to-hast@13.2.1; react-markdown@10.1.0; remark-rehype@11.1.2; unified@11.0.5,,No OSV match on audit date; not a safety guarantee
web/pnpm-lock.yaml,vite,8.0.16,Keep,"App build and SSR diff worker bundling. Update to 8.3.0 as a coordinated framework change, and refresh affected PostCSS/nanoid dependencies. Do not write a bundler.",@sentry/server-utils@10.59.0; @tailwindcss/vite@4.3.1; @tanstack/react-start@1.168.26; @tanstack/router-plugin@1.168.18; @tanstack/start-plugin-core@1.171.18; @vitejs/plugin-react@6.0.2; nitro@3.0.260311-beta; vitefu@1.1.3,,No OSV match on audit date; not a safety guarantee
web/pnpm-lock.yaml,vitefu,1.1.3,Keep through owner,Retain while required by parent packages. Do not fork or edit a transitive package to hide its dependency.,@tanstack/start-plugin-core@1.171.18,,No OSV match on audit date; not a safety guarantee
web/pnpm-lock.yaml,vscode-jsonrpc,8.2.0,Delete with owner replacement,Exclusive lockfile reachability under react-doctor. Actual replacement may introduce dependencies; this is a gross count.,vscode-languageserver-protocol@3.17.5,,No OSV match on audit date; not a safety guarantee
web/pnpm-lock.yaml,vscode-languageserver-protocol,3.17.5,Delete with owner replacement,Exclusive lockfile reachability under react-doctor. Actual replacement may introduce dependencies; this is a gross count.,vscode-languageserver@9.0.1,,No OSV match on audit date; not a safety guarantee
web/pnpm-lock.yaml,vscode-languageserver-textdocument,1.0.12,Delete with owner replacement,Exclusive lockfile reachability under react-doctor. Actual replacement may introduce dependencies; this is a gross count.,react-doctor@0.5.8,,No OSV match on audit date; not a safety guarantee
web/pnpm-lock.yaml,vscode-languageserver-types,3.17.5,Delete with owner replacement,Exclusive lockfile reachability under react-doctor. Actual replacement may introduce dependencies; this is a gross count.,vscode-languageserver-protocol@3.17.5,,No OSV match on audit date; not a safety guarantee
web/pnpm-lock.yaml,vscode-languageserver,9.0.1,Delete with owner replacement,Exclusive lockfile reachability under react-doctor. Actual replacement may introduce dependencies; this is a gross count.,react-doctor@0.5.8,,No OSV match on audit date; not a safety guarantee
web/pnpm-lock.yaml,vscode-uri,3.1.0,Delete with owner replacement,Exclusive lockfile reachability under react-doctor. Actual replacement may introduce dependencies; this is a gross count.,react-doctor@0.5.8,,No OSV match on audit date; not a safety guarantee
web/pnpm-lock.yaml,web-vitals,5.3.0,Keep,LCP/INP/CLS measurement in diagnostics. Keep 5.x while tied to the current analytics integration; assess 6.2.2 API changes separately. Measurements are harder than a simple observer wrapper.,posthog-js@1.417.1,,No OSV match on audit date; not a safety guarantee
web/pnpm-lock.yaml,web-vitals,6.0.0,Keep,LCP/INP/CLS measurement in diagnostics. Keep 5.x while tied to the current analytics integration; assess 6.2.2 API changes separately. Measurements are harder than a simple observer wrapper.,posthog-js@1.417.1,,No OSV match on audit date; not a safety guarantee
web/pnpm-lock.yaml,webpack-virtual-modules,0.6.2,Keep through owner,Retain while required by parent packages. Do not fork or edit a transitive package to hide its dependency.,unplugin@3.0.0,,No OSV match on audit date; not a safety guarantee
web/pnpm-lock.yaml,when-exit,2.1.5,Delete with owner replacement,Exclusive lockfile reachability under react-doctor. Actual replacement may introduce dependencies; this is a gross count.,atomically@2.1.1,,No OSV match on audit date; not a safety guarantee
web/pnpm-lock.yaml,which,2.0.2,Delete with owner replacement,Exclusive lockfile reachability under react-doctor. Actual replacement may introduce dependencies; this is a gross count.,cross-spawn@7.0.6,,No OSV match on audit date; not a safety guarantee
web/pnpm-lock.yaml,word-wrap,1.2.5,Delete with owner replacement,Exclusive lockfile reachability under react-doctor. Actual replacement may introduce dependencies; this is a gross count.,optionator@0.9.4,,No OSV match on audit date; not a safety guarantee
web/pnpm-lock.yaml,xmlbuilder2,4.0.3,Keep through owner,Retain while required by parent packages. Do not fork or edit a transitive package to hide its dependency.,@tanstack/start-plugin-core@1.171.18,,No OSV match on audit date; not a safety guarantee
web/pnpm-lock.yaml,yallist,3.1.1,Keep through owner,Retain while required by parent packages. Do not fork or edit a transitive package to hide its dependency.,lru-cache@5.1.1,,No OSV match on audit date; not a safety guarantee
web/pnpm-lock.yaml,yaml,2.9.0,Keep through owner,Retain while required by parent packages. Do not fork or edit a transitive package to hide its dependency.,agent-install@0.0.5; vite@8.0.16,,No OSV match on audit date; not a safety guarantee
web/pnpm-lock.yaml,yocto-queue,0.1.0,Delete with owner replacement,Exclusive lockfile reachability under react-doctor. Actual replacement may introduce dependencies; this is a gross count.,p-limit@3.1.0,,No OSV match on audit date; not a safety guarantee
web/pnpm-lock.yaml,zod-validation-error,4.0.2,Delete with owner replacement,Exclusive lockfile reachability under react-doctor. Actual replacement may introduce dependencies; this is a gross count.,eslint-plugin-react-hooks@7.1.1,,No OSV match on audit date; not a safety guarantee
web/pnpm-lock.yaml,zod,4.4.3,Keep through owner,Retain while required by parent packages. Do not fork or edit a transitive package to hide its dependency.,@konsistent/convention@1.0.0-beta.1; @tanstack/router-generator@1.167.17; @tanstack/router-plugin@1.168.18; @tanstack/start-plugin-core@1.171.18; eslint-plugin-react-hooks@7.1.1; konsistent@1.0.0-beta.1; zod-validation-error@4.0.2,,No OSV match on audit date; not a safety guarantee
web/pnpm-lock.yaml,zwitch,2.0.4,Keep through owner,Retain while required by parent packages. Do not fork or edit a transitive package to hide its dependency.,hast-util-to-html@9.0.5; mdast-util-to-markdown@2.1.2,,No OSV match on audit date; not a safety guarantee
dependency-analyzer/package-lock.json,acorn,8.18.0,Delete with owner replacement,Required by dependency-cruiser; remove only after the narrow TypeScript resolver replacement passes equivalence fixtures.,acorn-loose; acorn-walk; dependency-cruiser,,No OSV match on audit date; not a safety guarantee
dependency-analyzer/package-lock.json,acorn-jsx,5.3.2,Delete with owner replacement,Required by dependency-cruiser; remove only after the narrow TypeScript resolver replacement passes equivalence fixtures.,dependency-cruiser,,No OSV match on audit date; not a safety guarantee
dependency-analyzer/package-lock.json,acorn-jsx-walk,2.0.0,Delete with owner replacement,Required by dependency-cruiser; remove only after the narrow TypeScript resolver replacement passes equivalence fixtures.,dependency-cruiser,,No OSV match on audit date; not a safety guarantee
dependency-analyzer/package-lock.json,acorn-loose,8.5.2,Delete with owner replacement,Required by dependency-cruiser; remove only after the narrow TypeScript resolver replacement passes equivalence fixtures.,dependency-cruiser,,No OSV match on audit date; not a safety guarantee
dependency-analyzer/package-lock.json,acorn-walk,8.3.5,Delete with owner replacement,Required by dependency-cruiser; remove only after the narrow TypeScript resolver replacement passes equivalence fixtures.,dependency-cruiser,,No OSV match on audit date; not a safety guarantee
dependency-analyzer/package-lock.json,ansi-styles,4.3.0,Delete with owner replacement,Required by dependency-cruiser; remove only after the narrow TypeScript resolver replacement passes equivalence fixtures.,chalk,,No OSV match on audit date; not a safety guarantee
dependency-analyzer/package-lock.json,chalk,4.1.2,Delete with owner replacement,Required by dependency-cruiser; remove only after the narrow TypeScript resolver replacement passes equivalence fixtures.,tsconfig-paths-webpack-plugin,,No OSV match on audit date; not a safety guarantee
dependency-analyzer/package-lock.json,color-convert,2.0.1,Delete with owner replacement,Required by dependency-cruiser; remove only after the narrow TypeScript resolver replacement passes equivalence fixtures.,ansi-styles,,No OSV match on audit date; not a safety guarantee
dependency-analyzer/package-lock.json,color-name,1.1.4,Delete with owner replacement,Required by dependency-cruiser; remove only after the narrow TypeScript resolver replacement passes equivalence fixtures.,color-convert,,No OSV match on audit date; not a safety guarantee
dependency-analyzer/package-lock.json,commander,15.0.0,Delete with owner replacement,Required by dependency-cruiser; remove only after the narrow TypeScript resolver replacement passes equivalence fixtures.,dependency-cruiser,,No OSV match on audit date; not a safety guarantee
dependency-analyzer/package-lock.json,dependency-cruiser,18.2.0,Rewrite,"Medium-effort candidate: Scope already walks the TypeScript AST. A narrow resolver using the existing TypeScript 6 API could replace the second parser/graph pass. Preserve aliases, package exports/imports, JS modes, missing-target reporting and sandbox boundaries. Keep until equivalent fixtures pass; Node and TypeScript remain.",@scope-vcs/dependency-analyzer,,No OSV match on audit date; not a safety guarantee
dependency-analyzer/package-lock.json,enhanced-resolve,5.24.5,Delete with owner replacement,Required by dependency-cruiser; remove only after the narrow TypeScript resolver replacement passes equivalence fixtures.,dependency-cruiser; tsconfig-paths-webpack-plugin,,No OSV match on audit date; not a safety guarantee
dependency-analyzer/package-lock.json,es-errors,1.3.0,Delete with owner replacement,Required by dependency-cruiser; remove only after the narrow TypeScript resolver replacement passes equivalence fixtures.,resolve,,No OSV match on audit date; not a safety guarantee
dependency-analyzer/package-lock.json,function-bind,1.1.2,Delete with owner replacement,Required by dependency-cruiser; remove only after the narrow TypeScript resolver replacement passes equivalence fixtures.,hasown,,No OSV match on audit date; not a safety guarantee
dependency-analyzer/package-lock.json,global-directory,4.0.1,Delete with owner replacement,Required by dependency-cruiser; remove only after the narrow TypeScript resolver replacement passes equivalence fixtures.,is-installed-globally,,No OSV match on audit date; not a safety guarantee
dependency-analyzer/package-lock.json,graceful-fs,4.2.11,Delete with owner replacement,Required by dependency-cruiser; remove only after the narrow TypeScript resolver replacement passes equivalence fixtures.,enhanced-resolve,,No OSV match on audit date; not a safety guarantee
dependency-analyzer/package-lock.json,has-flag,4.0.0,Delete with owner replacement,Required by dependency-cruiser; remove only after the narrow TypeScript resolver replacement passes equivalence fixtures.,supports-color,,No OSV match on audit date; not a safety guarantee
dependency-analyzer/package-lock.json,hasown,2.0.4,Delete with owner replacement,Required by dependency-cruiser; remove only after the narrow TypeScript resolver replacement passes equivalence fixtures.,is-core-module,,No OSV match on audit date; not a safety guarantee
dependency-analyzer/package-lock.json,ignore,7.0.6,Delete with owner replacement,Required by dependency-cruiser; remove only after the narrow TypeScript resolver replacement passes equivalence fixtures.,dependency-cruiser,,No OSV match on audit date; not a safety guarantee
dependency-analyzer/package-lock.json,ini,4.1.1,Delete with owner replacement,Required by dependency-cruiser; remove only after the narrow TypeScript resolver replacement passes equivalence fixtures.,global-directory,,No OSV match on audit date; not a safety guarantee
dependency-analyzer/package-lock.json,interpret,3.1.1,Delete with owner replacement,Required by dependency-cruiser; remove only after the narrow TypeScript resolver replacement passes equivalence fixtures.,dependency-cruiser,,No OSV match on audit date; not a safety guarantee
dependency-analyzer/package-lock.json,is-core-module,2.16.2,Delete with owner replacement,Required by dependency-cruiser; remove only after the narrow TypeScript resolver replacement passes equivalence fixtures.,resolve,,No OSV match on audit date; not a safety guarantee
dependency-analyzer/package-lock.json,is-installed-globally,1.0.0,Delete with owner replacement,Required by dependency-cruiser; remove only after the narrow TypeScript resolver replacement passes equivalence fixtures.,dependency-cruiser,,No OSV match on audit date; not a safety guarantee
dependency-analyzer/package-lock.json,is-path-inside,4.0.0,Delete with owner replacement,Required by dependency-cruiser; remove only after the narrow TypeScript resolver replacement passes equivalence fixtures.,is-installed-globally,,No OSV match on audit date; not a safety guarantee
dependency-analyzer/package-lock.json,json5,2.2.3,Delete with owner replacement,Required by dependency-cruiser; remove only after the narrow TypeScript resolver replacement passes equivalence fixtures.,dependency-cruiser; tsconfig-paths,,No OSV match on audit date; not a safety guarantee
dependency-analyzer/package-lock.json,kleur,3.0.3,Delete with owner replacement,Required by dependency-cruiser; remove only after the narrow TypeScript resolver replacement passes equivalence fixtures.,prompts,,No OSV match on audit date; not a safety guarantee
dependency-analyzer/package-lock.json,minimist,1.2.8,Delete with owner replacement,Required by dependency-cruiser; remove only after the narrow TypeScript resolver replacement passes equivalence fixtures.,tsconfig-paths,,No OSV match on audit date; not a safety guarantee
dependency-analyzer/package-lock.json,path-parse,1.0.7,Delete with owner replacement,Required by dependency-cruiser; remove only after the narrow TypeScript resolver replacement passes equivalence fixtures.,resolve,,No OSV match on audit date; not a safety guarantee
dependency-analyzer/package-lock.json,picomatch,4.0.5,Delete with owner replacement,Required by dependency-cruiser; remove only after the narrow TypeScript resolver replacement passes equivalence fixtures.,dependency-cruiser,,No OSV match on audit date; not a safety guarantee
dependency-analyzer/package-lock.json,prompts,2.4.2,Delete with owner replacement,Required by dependency-cruiser; remove only after the narrow TypeScript resolver replacement passes equivalence fixtures.,dependency-cruiser,,No OSV match on audit date; not a safety guarantee
dependency-analyzer/package-lock.json,rechoir,0.8.0,Delete with owner replacement,Required by dependency-cruiser; remove only after the narrow TypeScript resolver replacement passes equivalence fixtures.,dependency-cruiser,,No OSV match on audit date; not a safety guarantee
dependency-analyzer/package-lock.json,regexp-tree,0.1.27,Delete with owner replacement,Required by dependency-cruiser; remove only after the narrow TypeScript resolver replacement passes equivalence fixtures.,safe-regex,,No OSV match on audit date; not a safety guarantee
dependency-analyzer/package-lock.json,resolve,1.22.12,Delete with owner replacement,Required by dependency-cruiser; remove only after the narrow TypeScript resolver replacement passes equivalence fixtures.,rechoir,,No OSV match on audit date; not a safety guarantee
dependency-analyzer/package-lock.json,safe-regex,2.1.1,Delete with owner replacement,Required by dependency-cruiser; remove only after the narrow TypeScript resolver replacement passes equivalence fixtures.,dependency-cruiser,,No OSV match on audit date; not a safety guarantee
dependency-analyzer/package-lock.json,semver,7.8.5,Delete with owner replacement,Required by dependency-cruiser; remove only after the narrow TypeScript resolver replacement passes equivalence fixtures.,dependency-cruiser,,No OSV match on audit date; not a safety guarantee
dependency-analyzer/package-lock.json,sisteransi,1.0.5,Delete with owner replacement,Required by dependency-cruiser; remove only after the narrow TypeScript resolver replacement passes equivalence fixtures.,prompts,,No OSV match on audit date; not a safety guarantee
dependency-analyzer/package-lock.json,strip-bom,3.0.0,Delete with owner replacement,Required by dependency-cruiser; remove only after the narrow TypeScript resolver replacement passes equivalence fixtures.,tsconfig-paths,,No OSV match on audit date; not a safety guarantee
dependency-analyzer/package-lock.json,supports-color,7.2.0,Delete with owner replacement,Required by dependency-cruiser; remove only after the narrow TypeScript resolver replacement passes equivalence fixtures.,chalk,,No OSV match on audit date; not a safety guarantee
dependency-analyzer/package-lock.json,supports-preserve-symlinks-flag,1.0.0,Delete with owner replacement,Required by dependency-cruiser; remove only after the narrow TypeScript resolver replacement passes equivalence fixtures.,resolve,,No OSV match on audit date; not a safety guarantee
dependency-analyzer/package-lock.json,tapable,2.3.3,Delete with owner replacement,Required by dependency-cruiser; remove only after the narrow TypeScript resolver replacement passes equivalence fixtures.,enhanced-resolve; tsconfig-paths-webpack-plugin,,No OSV match on audit date; not a safety guarantee
dependency-analyzer/package-lock.json,tsconfig-paths,4.2.0,Delete with owner replacement,Required by dependency-cruiser; remove only after the narrow TypeScript resolver replacement passes equivalence fixtures.,tsconfig-paths-webpack-plugin,,No OSV match on audit date; not a safety guarantee
dependency-analyzer/package-lock.json,tsconfig-paths-webpack-plugin,4.2.0,Delete with owner replacement,Required by dependency-cruiser; remove only after the narrow TypeScript resolver replacement passes equivalence fixtures.,dependency-cruiser,,No OSV match on audit date; not a safety guarantee
dependency-analyzer/package-lock.json,typescript,6.0.2,Keep,"Keep the 6.x compiler API for analyzer and web architecture scripts. Registry 7.0.2 has no stable programmatic API. A separate native checker trial is possible, but it adds tooling and does not remove 6.x.",@scope-vcs/dependency-analyzer,,No OSV match on audit date; not a safety guarantee
dependency-analyzer/package-lock.json,watskeburt,6.0.0,Delete with owner replacement,Required by dependency-cruiser; remove only after the narrow TypeScript resolver replacement passes equivalence fixtures.,dependency-cruiser,,No OSV match on audit date; not a safety guarantee
